[2026-04-20T04:22:39.438Z] [INFO] Initializing cron jobs...
[2026-04-20T04:22:39.439Z] [INFO] Instance ID: CHKTHN-LOQ-23728-05a3ec6b
[2026-04-20T04:22:39.439Z] [INFO] Distributed locking: ENABLED
[2026-04-20T04:22:39.446Z] [INFO] [Email Cron] Email broadcast worker initialized (every 1 minute)
[2026-04-20T04:22:39.449Z] [INFO] [File Cleanup] Email attachment cleanup worker initialized (daily at 4:00 AM)
[2026-04-20T04:22:39.449Z] [INFO] Email file cleanup: Daily at 4:00 AM
[2026-04-20T04:22:39.449Z] [INFO] Email broadcast worker: Every 1 minute
[2026-04-20T04:22:39.451Z] [INFO] Plan transition job scheduled (daily at 2:00 AM)
[2026-04-20T04:22:39.452Z] [INFO] Subscription lifecycle job scheduled (every hour)
[2026-04-20T04:22:39.454Z] [INFO] Payment status sync job scheduled (daily at 1:00 AM)
[2026-04-20T04:22:39.460Z] [INFO] Scheduled broadcasts job initialized (every 5 minutes)
[2026-04-20T04:22:39.456Z] [INFO] Reminder job scheduled (daily at 9:00 AM)
[2026-04-20T04:22:39.466Z] [INFO] All cron jobs initialized:
[2026-04-20T04:22:39.466Z] [INFO]   - Session cleanup: Every hour
[2026-04-20T04:22:39.466Z] [INFO]   - Plan transition: Daily at 2:00 AM
[2026-04-20T04:22:39.467Z] [INFO]   - Payment status sync: Daily at 1:00 AM
[2026-04-20T04:22:39.467Z] [INFO]   - Reminder emails (7d/3d/final): Daily at 9:00 AM
[2026-04-20T04:22:39.467Z] [INFO]   - Inventory expiry checks + alerts: Daily at 6:00 AM
[2026-04-20T04:22:39.467Z] [INFO]   - Pending users cleanup: Daily at 3:00 AM
[2026-04-20T04:22:39.467Z] [INFO]   - Incomplete users cleanup: Daily at 3:15 AM
[2026-04-20T04:22:39.467Z] [INFO]   - Scheduled broadcasts: Every 5 minutes
[2026-04-20T04:22:39.467Z] [INFO]   - Deletion logs cleanup: Daily at 3:30 AM
[2026-04-20T04:22:39.467Z] [INFO]   - OTP daily limits cleanup: Daily at 3:45 AM
[2026-04-20T04:22:39.459Z] [INFO] Inventory expiry job scheduled (daily at 6:00 AM)
[2026-04-20T04:22:39.467Z] [INFO]   - Subscription lifecycle + emails: Every hour
[2026-04-20T04:25:00.072Z] [INFO] Checking for scheduled broadcasts...
[2026-04-20T04:25:00.083Z] [INFO] No scheduled broadcasts due for sending
[2026-04-20T04:29:25.786Z] [INFO] Initializing cron jobs...
[2026-04-20T04:29:25.786Z] [INFO] Distributed locking: ENABLED
[2026-04-20T04:29:25.786Z] [INFO] Instance ID: CHKTHN-LOQ-23756-7c6b9850
[2026-04-20T04:29:25.792Z] [INFO] Email broadcast worker: Every 1 minute
[2026-04-20T04:29:25.790Z] [INFO] [Email Cron] Email broadcast worker initialized (every 1 minute)
[2026-04-20T04:29:25.792Z] [INFO] [File Cleanup] Email attachment cleanup worker initialized (daily at 4:00 AM)
[2026-04-20T04:29:25.797Z] [INFO] Payment status sync job scheduled (daily at 1:00 AM)
[2026-04-20T04:29:25.795Z] [INFO] Subscription lifecycle job scheduled (every hour)
[2026-04-20T04:29:25.792Z] [INFO] Email file cleanup: Daily at 4:00 AM
[2026-04-20T04:29:25.794Z] [INFO] Plan transition job scheduled (daily at 2:00 AM)
[2026-04-20T04:29:25.802Z] [INFO] Scheduled broadcasts job initialized (every 5 minutes)
[2026-04-20T04:29:25.800Z] [INFO] Inventory expiry job scheduled (daily at 6:00 AM)
[2026-04-20T04:29:25.808Z] [INFO] All cron jobs initialized:
[2026-04-20T04:29:25.808Z] [INFO]   - Session cleanup: Every hour
[2026-04-20T04:29:25.799Z] [INFO] Reminder job scheduled (daily at 9:00 AM)
[2026-04-20T04:29:25.808Z] [INFO]   - Payment status sync: Daily at 1:00 AM
[2026-04-20T04:29:25.808Z] [INFO]   - Inventory expiry checks + alerts: Daily at 6:00 AM
[2026-04-20T04:29:25.808Z] [INFO]   - Reminder emails (7d/3d/final): Daily at 9:00 AM
[2026-04-20T04:29:25.808Z] [INFO]   - Plan transition: Daily at 2:00 AM
[2026-04-20T04:29:25.808Z] [INFO]   - Deletion logs cleanup: Daily at 3:30 AM
[2026-04-20T04:29:25.808Z] [INFO]   - Scheduled broadcasts: Every 5 minutes
[2026-04-20T04:29:25.808Z] [INFO]   - Subscription lifecycle + emails: Every hour
[2026-04-20T04:29:25.808Z] [INFO]   - Pending users cleanup: Daily at 3:00 AM
[2026-04-20T04:29:25.808Z] [INFO]   - Incomplete users cleanup: Daily at 3:15 AM
[2026-04-20T04:29:25.808Z] [INFO]   - OTP daily limits cleanup: Daily at 3:45 AM
[2026-04-20T04:29:30.568Z] [INFO] Instance ID: CHKTHN-LOQ-7476-d4b99626
[2026-04-20T04:29:30.568Z] [INFO] Initializing cron jobs...
[2026-04-20T04:29:30.568Z] [INFO] Distributed locking: ENABLED
[2026-04-20T04:29:30.575Z] [INFO] [Email Cron] Email broadcast worker initialized (every 1 minute)
[2026-04-20T04:29:30.577Z] [INFO] [File Cleanup] Email attachment cleanup worker initialized (daily at 4:00 AM)
[2026-04-20T04:29:30.577Z] [INFO] Email file cleanup: Daily at 4:00 AM
[2026-04-20T04:29:30.577Z] [INFO] Email broadcast worker: Every 1 minute
[2026-04-20T04:29:30.579Z] [INFO] Plan transition job scheduled (daily at 2:00 AM)
[2026-04-20T04:29:30.582Z] [INFO] Subscription lifecycle job scheduled (every hour)
[2026-04-20T04:29:30.585Z] [INFO] Payment status sync job scheduled (daily at 1:00 AM)
[2026-04-20T04:29:30.587Z] [INFO] Reminder job scheduled (daily at 9:00 AM)
[2026-04-20T04:29:30.589Z] [INFO] Inventory expiry job scheduled (daily at 6:00 AM)
[2026-04-20T04:29:30.590Z] [INFO] Scheduled broadcasts job initialized (every 5 minutes)
[2026-04-20T04:29:30.597Z] [INFO] All cron jobs initialized:
[2026-04-20T04:29:30.598Z] [INFO]   - Session cleanup: Every hour
[2026-04-20T04:29:30.598Z] [INFO]   - Subscription lifecycle + emails: Every hour
[2026-04-20T04:29:30.598Z] [INFO]   - Plan transition: Daily at 2:00 AM
[2026-04-20T04:29:30.598Z] [INFO]   - Reminder emails (7d/3d/final): Daily at 9:00 AM
[2026-04-20T04:29:30.598Z] [INFO]   - Inventory expiry checks + alerts: Daily at 6:00 AM
[2026-04-20T04:29:30.598Z] [INFO]   - Payment status sync: Daily at 1:00 AM
[2026-04-20T04:29:30.598Z] [INFO]   - Incomplete users cleanup: Daily at 3:15 AM
[2026-04-20T04:29:30.598Z] [INFO]   - OTP daily limits cleanup: Daily at 3:45 AM
[2026-04-20T04:29:30.598Z] [INFO]   - Deletion logs cleanup: Daily at 3:30 AM
[2026-04-20T04:29:30.598Z] [INFO]   - Scheduled broadcasts: Every 5 minutes
[2026-04-20T04:29:30.598Z] [INFO]   - Pending users cleanup: Daily at 3:00 AM
[2026-04-20T04:29:45.280Z] [INFO] Initializing cron jobs...
[2026-04-20T04:29:45.286Z] [INFO] [Email Cron] Email broadcast worker initialized (every 1 minute)
[2026-04-20T04:29:45.281Z] [INFO] Instance ID: CHKTHN-LOQ-2072-a888ce86
[2026-04-20T04:29:45.281Z] [INFO] Distributed locking: ENABLED
[2026-04-20T04:29:45.288Z] [INFO] [File Cleanup] Email attachment cleanup worker initialized (daily at 4:00 AM)
[2026-04-20T04:29:45.288Z] [INFO] Email broadcast worker: Every 1 minute
[2026-04-20T04:29:45.290Z] [INFO] Plan transition job scheduled (daily at 2:00 AM)
[2026-04-20T04:29:45.291Z] [INFO] Subscription lifecycle job scheduled (every hour)
[2026-04-20T04:29:45.288Z] [INFO] Email file cleanup: Daily at 4:00 AM
[2026-04-20T04:29:45.294Z] [INFO] Payment status sync job scheduled (daily at 1:00 AM)
[2026-04-20T04:29:45.296Z] [INFO] Reminder job scheduled (daily at 9:00 AM)
[2026-04-20T04:29:45.297Z] [INFO] Inventory expiry job scheduled (daily at 6:00 AM)
[2026-04-20T04:29:45.300Z] [INFO] Scheduled broadcasts job initialized (every 5 minutes)
[2026-04-20T04:29:45.306Z] [INFO]   - Session cleanup: Every hour
[2026-04-20T04:29:45.306Z] [INFO] All cron jobs initialized:
[2026-04-20T04:29:45.306Z] [INFO]   - Plan transition: Daily at 2:00 AM
[2026-04-20T04:29:45.306Z] [INFO]   - Subscription lifecycle + emails: Every hour
[2026-04-20T04:29:45.306Z] [INFO]   - Inventory expiry checks + alerts: Daily at 6:00 AM
[2026-04-20T04:29:45.306Z] [INFO]   - Reminder emails (7d/3d/final): Daily at 9:00 AM
[2026-04-20T04:29:45.306Z] [INFO]   - Payment status sync: Daily at 1:00 AM
[2026-04-20T04:29:45.306Z] [INFO]   - Pending users cleanup: Daily at 3:00 AM
[2026-04-20T04:29:45.306Z] [INFO]   - Deletion logs cleanup: Daily at 3:30 AM
[2026-04-20T04:29:45.306Z] [INFO]   - Incomplete users cleanup: Daily at 3:15 AM
[2026-04-20T04:29:45.306Z] [INFO]   - OTP daily limits cleanup: Daily at 3:45 AM
[2026-04-20T04:29:45.306Z] [INFO]   - Scheduled broadcasts: Every 5 minutes
[2026-04-20T04:30:00.037Z] [INFO] Starting subscription lifecycle check...
[2026-04-20T04:30:00.038Z] [INFO] Checking for scheduled broadcasts...
[2026-04-20T04:30:00.041Z] [INFO] No scheduled broadcasts due for sending
[2026-04-20T04:30:00.043Z] [INFO] Subscription lifecycle complete | Grace: 0 | Suspended: 0
[2026-04-20T04:30:11.031Z] [INFO] Initializing cron jobs...
[2026-04-20T04:30:11.032Z] [INFO] Instance ID: CHKTHN-LOQ-3860-fc022a60
[2026-04-20T04:30:11.032Z] [INFO] Distributed locking: ENABLED
[2026-04-20T04:30:11.043Z] [INFO] Email broadcast worker: Every 1 minute
[2026-04-20T04:30:11.040Z] [INFO] [Email Cron] Email broadcast worker initialized (every 1 minute)
[2026-04-20T04:30:11.042Z] [INFO] [File Cleanup] Email attachment cleanup worker initialized (daily at 4:00 AM)
[2026-04-20T04:30:11.043Z] [INFO] Email file cleanup: Daily at 4:00 AM
[2026-04-20T04:30:11.047Z] [INFO] Plan transition job scheduled (daily at 2:00 AM)
[2026-04-20T04:30:11.050Z] [INFO] Subscription lifecycle job scheduled (every hour)
[2026-04-20T04:30:11.054Z] [INFO] Payment status sync job scheduled (daily at 1:00 AM)
[2026-04-20T04:30:11.059Z] [INFO] Scheduled broadcasts job initialized (every 5 minutes)
[2026-04-20T04:30:11.056Z] [INFO] Reminder job scheduled (daily at 9:00 AM)
[2026-04-20T04:30:11.067Z] [INFO] All cron jobs initialized:
[2026-04-20T04:30:11.057Z] [INFO] Inventory expiry job scheduled (daily at 6:00 AM)
[2026-04-20T04:30:11.068Z] [INFO]   - Plan transition: Daily at 2:00 AM
[2026-04-20T04:30:11.068Z] [INFO]   - Subscription lifecycle + emails: Every hour
[2026-04-20T04:30:11.068Z] [INFO]   - Reminder emails (7d/3d/final): Daily at 9:00 AM
[2026-04-20T04:30:11.068Z] [INFO]   - Inventory expiry checks + alerts: Daily at 6:00 AM
[2026-04-20T04:30:11.067Z] [INFO]   - Session cleanup: Every hour
[2026-04-20T04:30:11.068Z] [INFO]   - Pending users cleanup: Daily at 3:00 AM
[2026-04-20T04:30:11.068Z] [INFO]   - Incomplete users cleanup: Daily at 3:15 AM
[2026-04-20T04:30:11.068Z] [INFO]   - Scheduled broadcasts: Every 5 minutes
[2026-04-20T04:30:11.068Z] [INFO]   - OTP daily limits cleanup: Daily at 3:45 AM
[2026-04-20T04:30:11.068Z] [INFO]   - Payment status sync: Daily at 1:00 AM
[2026-04-20T04:30:11.068Z] [INFO]   - Deletion logs cleanup: Daily at 3:30 AM
[2026-04-20T04:30:33.177Z] [INFO] Initializing cron jobs...
[2026-04-20T04:30:33.177Z] [INFO] Instance ID: CHKTHN-LOQ-17140-0a8b1889
[2026-04-20T04:30:33.177Z] [INFO] Distributed locking: ENABLED
[2026-04-20T04:30:33.183Z] [INFO] [File Cleanup] Email attachment cleanup worker initialized (daily at 4:00 AM)
[2026-04-20T04:30:33.181Z] [INFO] [Email Cron] Email broadcast worker initialized (every 1 minute)
[2026-04-20T04:30:33.183Z] [INFO] Email file cleanup: Daily at 4:00 AM
[2026-04-20T04:30:33.184Z] [INFO] Plan transition job scheduled (daily at 2:00 AM)
[2026-04-20T04:30:33.186Z] [INFO] Subscription lifecycle job scheduled (every hour)
[2026-04-20T04:30:33.183Z] [INFO] Email broadcast worker: Every 1 minute
[2026-04-20T04:30:33.187Z] [INFO] Payment status sync job scheduled (daily at 1:00 AM)
[2026-04-20T04:30:33.189Z] [INFO] Reminder job scheduled (daily at 9:00 AM)
[2026-04-20T04:30:33.190Z] [INFO] Inventory expiry job scheduled (daily at 6:00 AM)
[2026-04-20T04:30:33.192Z] [INFO] Scheduled broadcasts job initialized (every 5 minutes)
[2026-04-20T04:30:33.203Z] [INFO]   - Subscription lifecycle + emails: Every hour
[2026-04-20T04:30:33.202Z] [INFO]   - Session cleanup: Every hour
[2026-04-20T04:30:33.203Z] [INFO]   - Plan transition: Daily at 2:00 AM
[2026-04-20T04:30:33.202Z] [INFO] All cron jobs initialized:
[2026-04-20T04:30:33.203Z] [INFO]   - Payment status sync: Daily at 1:00 AM
[2026-04-20T04:30:33.203Z] [INFO]   - Inventory expiry checks + alerts: Daily at 6:00 AM
[2026-04-20T04:30:33.203Z] [INFO]   - Reminder emails (7d/3d/final): Daily at 9:00 AM
[2026-04-20T04:30:33.203Z] [INFO]   - Pending users cleanup: Daily at 3:00 AM
[2026-04-20T04:30:33.203Z] [INFO]   - Incomplete users cleanup: Daily at 3:15 AM
[2026-04-20T04:30:33.203Z] [INFO]   - Deletion logs cleanup: Daily at 3:30 AM
[2026-04-20T04:30:33.203Z] [INFO]   - Scheduled broadcasts: Every 5 minutes
[2026-04-20T04:30:33.203Z] [INFO]   - OTP daily limits cleanup: Daily at 3:45 AM
[2026-04-20T04:30:37.606Z] [INFO] Initializing cron jobs...
[2026-04-20T04:30:37.606Z] [INFO] Instance ID: CHKTHN-LOQ-14496-06d6a70c
[2026-04-20T04:30:37.606Z] [INFO] Distributed locking: ENABLED
[2026-04-20T04:30:37.610Z] [INFO] [Email Cron] Email broadcast worker initialized (every 1 minute)
[2026-04-20T04:30:37.612Z] [INFO] [File Cleanup] Email attachment cleanup worker initialized (daily at 4:00 AM)
[2026-04-20T04:30:37.612Z] [INFO] Email broadcast worker: Every 1 minute
[2026-04-20T04:30:37.614Z] [INFO] Plan transition job scheduled (daily at 2:00 AM)
[2026-04-20T04:30:37.612Z] [INFO] Email file cleanup: Daily at 4:00 AM
[2026-04-20T04:30:37.615Z] [INFO] Subscription lifecycle job scheduled (every hour)
[2026-04-20T04:30:37.617Z] [INFO] Payment status sync job scheduled (daily at 1:00 AM)
[2026-04-20T04:30:37.618Z] [INFO] Reminder job scheduled (daily at 9:00 AM)
[2026-04-20T04:30:37.620Z] [INFO] Inventory expiry job scheduled (daily at 6:00 AM)
[2026-04-20T04:30:37.622Z] [INFO] Scheduled broadcasts job initialized (every 5 minutes)
[2026-04-20T04:30:37.628Z] [INFO] All cron jobs initialized:
[2026-04-20T04:30:37.628Z] [INFO]   - Subscription lifecycle + emails: Every hour
[2026-04-20T04:30:37.628Z] [INFO]   - Plan transition: Daily at 2:00 AM
[2026-04-20T04:30:37.628Z] [INFO]   - Session cleanup: Every hour
[2026-04-20T04:30:37.628Z] [INFO]   - Reminder emails (7d/3d/final): Daily at 9:00 AM
[2026-04-20T04:30:37.628Z] [INFO]   - Payment status sync: Daily at 1:00 AM
[2026-04-20T04:30:37.628Z] [INFO]   - Inventory expiry checks + alerts: Daily at 6:00 AM
[2026-04-20T04:30:37.628Z] [INFO]   - Pending users cleanup: Daily at 3:00 AM
[2026-04-20T04:30:37.628Z] [INFO]   - Incomplete users cleanup: Daily at 3:15 AM
[2026-04-20T04:30:37.628Z] [INFO]   - Deletion logs cleanup: Daily at 3:30 AM
[2026-04-20T04:30:37.628Z] [INFO]   - OTP daily limits cleanup: Daily at 3:45 AM
[2026-04-20T04:30:37.628Z] [INFO]   - Scheduled broadcasts: Every 5 minutes
[2026-04-20T04:30:43.752Z] [INFO] Initializing cron jobs...
[2026-04-20T04:30:43.752Z] [INFO] Instance ID: CHKTHN-LOQ-16920-888bee7f
[2026-04-20T04:30:43.752Z] [INFO] Distributed locking: ENABLED
[2026-04-20T04:30:43.758Z] [INFO] Email broadcast worker: Every 1 minute
[2026-04-20T04:30:43.758Z] [INFO] Email file cleanup: Daily at 4:00 AM
[2026-04-20T04:30:43.758Z] [INFO] [File Cleanup] Email attachment cleanup worker initialized (daily at 4:00 AM)
[2026-04-20T04:30:43.762Z] [INFO] Subscription lifecycle job scheduled (every hour)
[2026-04-20T04:30:43.756Z] [INFO] [Email Cron] Email broadcast worker initialized (every 1 minute)
[2026-04-20T04:30:43.760Z] [INFO] Plan transition job scheduled (daily at 2:00 AM)
[2026-04-20T04:30:43.764Z] [INFO] Payment status sync job scheduled (daily at 1:00 AM)
[2026-04-20T04:30:43.765Z] [INFO] Reminder job scheduled (daily at 9:00 AM)
[2026-04-20T04:30:43.767Z] [INFO] Inventory expiry job scheduled (daily at 6:00 AM)
[2026-04-20T04:30:43.768Z] [INFO] Scheduled broadcasts job initialized (every 5 minutes)
[2026-04-20T04:30:43.775Z] [INFO]   - Session cleanup: Every hour
[2026-04-20T04:30:43.775Z] [INFO] All cron jobs initialized:
[2026-04-20T04:30:43.775Z] [INFO]   - Plan transition: Daily at 2:00 AM
[2026-04-20T04:30:43.775Z] [INFO]   - Subscription lifecycle + emails: Every hour
[2026-04-20T04:30:43.775Z] [INFO]   - Payment status sync: Daily at 1:00 AM
[2026-04-20T04:30:43.775Z] [INFO]   - Reminder emails (7d/3d/final): Daily at 9:00 AM
[2026-04-20T04:30:43.775Z] [INFO]   - Inventory expiry checks + alerts: Daily at 6:00 AM
[2026-04-20T04:30:43.775Z] [INFO]   - Pending users cleanup: Daily at 3:00 AM
[2026-04-20T04:30:43.775Z] [INFO]   - Incomplete users cleanup: Daily at 3:15 AM
[2026-04-20T04:30:43.775Z] [INFO]   - Deletion logs cleanup: Daily at 3:30 AM
[2026-04-20T04:30:43.775Z] [INFO]   - Scheduled broadcasts: Every 5 minutes
[2026-04-20T04:30:43.775Z] [INFO]   - OTP daily limits cleanup: Daily at 3:45 AM
[2026-04-20T04:30:50.326Z] [INFO] Initializing cron jobs...
[2026-04-20T04:30:50.326Z] [INFO] Instance ID: CHKTHN-LOQ-13016-8d4ee4db
[2026-04-20T04:30:50.326Z] [INFO] Distributed locking: ENABLED
[2026-04-20T04:30:50.333Z] [INFO] [File Cleanup] Email attachment cleanup worker initialized (daily at 4:00 AM)
[2026-04-20T04:30:50.331Z] [INFO] [Email Cron] Email broadcast worker initialized (every 1 minute)
[2026-04-20T04:30:50.336Z] [INFO] Plan transition job scheduled (daily at 2:00 AM)
[2026-04-20T04:30:50.338Z] [INFO] Subscription lifecycle job scheduled (every hour)
[2026-04-20T04:30:50.340Z] [INFO] Payment status sync job scheduled (daily at 1:00 AM)
[2026-04-20T04:30:50.333Z] [INFO] Email file cleanup: Daily at 4:00 AM
[2026-04-20T04:30:50.333Z] [INFO] Email broadcast worker: Every 1 minute
[2026-04-20T04:30:50.345Z] [INFO] Scheduled broadcasts job initialized (every 5 minutes)
[2026-04-20T04:30:50.352Z] [INFO] All cron jobs initialized:
[2026-04-20T04:30:50.352Z] [INFO]   - Plan transition: Daily at 2:00 AM
[2026-04-20T04:30:50.342Z] [INFO] Reminder job scheduled (daily at 9:00 AM)
[2026-04-20T04:30:50.352Z] [INFO]   - Subscription lifecycle + emails: Every hour
[2026-04-20T04:30:50.352Z] [INFO]   - Payment status sync: Daily at 1:00 AM
[2026-04-20T04:30:50.352Z] [INFO]   - Inventory expiry checks + alerts: Daily at 6:00 AM
[2026-04-20T04:30:50.343Z] [INFO] Inventory expiry job scheduled (daily at 6:00 AM)
[2026-04-20T04:30:50.352Z] [INFO]   - Incomplete users cleanup: Daily at 3:15 AM
[2026-04-20T04:30:50.352Z] [INFO]   - Reminder emails (7d/3d/final): Daily at 9:00 AM
[2026-04-20T04:30:50.352Z] [INFO]   - Deletion logs cleanup: Daily at 3:30 AM
[2026-04-20T04:30:50.352Z] [INFO]   - Session cleanup: Every hour
[2026-04-20T04:30:50.352Z] [INFO]   - Scheduled broadcasts: Every 5 minutes
[2026-04-20T04:30:50.352Z] [INFO]   - Pending users cleanup: Daily at 3:00 AM
[2026-04-20T04:30:50.352Z] [INFO]   - OTP daily limits cleanup: Daily at 3:45 AM
[2026-04-20T04:30:52.969Z] [INFO] Initializing cron jobs...
[2026-04-20T04:30:52.969Z] [INFO] Distributed locking: ENABLED
[2026-04-20T04:30:52.969Z] [INFO] Instance ID: CHKTHN-LOQ-22928-c9803db4
[2026-04-20T04:30:52.975Z] [INFO] [Email Cron] Email broadcast worker initialized (every 1 minute)
[2026-04-20T04:30:52.979Z] [INFO] [File Cleanup] Email attachment cleanup worker initialized (daily at 4:00 AM)
[2026-04-20T04:30:52.979Z] [INFO] Email file cleanup: Daily at 4:00 AM
[2026-04-20T04:30:52.979Z] [INFO] Email broadcast worker: Every 1 minute
[2026-04-20T04:30:52.983Z] [INFO] Plan transition job scheduled (daily at 2:00 AM)
[2026-04-20T04:30:52.985Z] [INFO] Subscription lifecycle job scheduled (every hour)
[2026-04-20T04:30:52.987Z] [INFO] Payment status sync job scheduled (daily at 1:00 AM)
[2026-04-20T04:30:52.991Z] [INFO] Inventory expiry job scheduled (daily at 6:00 AM)
[2026-04-20T04:30:52.993Z] [INFO] Scheduled broadcasts job initialized (every 5 minutes)
[2026-04-20T04:30:53.000Z] [INFO] All cron jobs initialized:
[2026-04-20T04:30:53.000Z] [INFO]   - Session cleanup: Every hour
[2026-04-20T04:30:52.989Z] [INFO] Reminder job scheduled (daily at 9:00 AM)
[2026-04-20T04:30:53.000Z] [INFO]   - Subscription lifecycle + emails: Every hour
[2026-04-20T04:30:53.000Z] [INFO]   - Plan transition: Daily at 2:00 AM
[2026-04-20T04:30:53.000Z] [INFO]   - Payment status sync: Daily at 1:00 AM
[2026-04-20T04:30:53.000Z] [INFO]   - Reminder emails (7d/3d/final): Daily at 9:00 AM
[2026-04-20T04:30:53.000Z] [INFO]   - Incomplete users cleanup: Daily at 3:15 AM
[2026-04-20T04:30:53.000Z] [INFO]   - Inventory expiry checks + alerts: Daily at 6:00 AM
[2026-04-20T04:30:53.000Z] [INFO]   - Deletion logs cleanup: Daily at 3:30 AM
[2026-04-20T04:30:53.000Z] [INFO]   - Scheduled broadcasts: Every 5 minutes
[2026-04-20T04:30:53.000Z] [INFO]   - Pending users cleanup: Daily at 3:00 AM
[2026-04-20T04:30:53.000Z] [INFO]   - OTP daily limits cleanup: Daily at 3:45 AM
[2026-04-20T04:31:02.890Z] [INFO] Initializing cron jobs...
[2026-04-20T04:31:02.891Z] [INFO] Instance ID: CHKTHN-LOQ-24252-4df2f051
[2026-04-20T04:31:02.891Z] [INFO] Distributed locking: ENABLED
[2026-04-20T04:31:02.895Z] [INFO] [Email Cron] Email broadcast worker initialized (every 1 minute)
[2026-04-20T04:31:02.897Z] [INFO] [File Cleanup] Email attachment cleanup worker initialized (daily at 4:00 AM)
[2026-04-20T04:31:02.900Z] [INFO] Plan transition job scheduled (daily at 2:00 AM)
[2026-04-20T04:31:02.902Z] [INFO] Subscription lifecycle job scheduled (every hour)
[2026-04-20T04:31:02.897Z] [INFO] Email broadcast worker: Every 1 minute
[2026-04-20T04:31:02.897Z] [INFO] Email file cleanup: Daily at 4:00 AM
[2026-04-20T04:31:02.904Z] [INFO] Payment status sync job scheduled (daily at 1:00 AM)
[2026-04-20T04:31:02.906Z] [INFO] Reminder job scheduled (daily at 9:00 AM)
[2026-04-20T04:31:02.908Z] [INFO] Inventory expiry job scheduled (daily at 6:00 AM)
[2026-04-20T04:31:02.909Z] [INFO] Scheduled broadcasts job initialized (every 5 minutes)
[2026-04-20T04:31:02.915Z] [INFO] All cron jobs initialized:
[2026-04-20T04:31:02.916Z] [INFO]   - Session cleanup: Every hour
[2026-04-20T04:31:02.916Z] [INFO]   - Subscription lifecycle + emails: Every hour
[2026-04-20T04:31:02.916Z] [INFO]   - Plan transition: Daily at 2:00 AM
[2026-04-20T04:31:02.916Z] [INFO]   - Payment status sync: Daily at 1:00 AM
[2026-04-20T04:31:02.916Z] [INFO]   - Pending users cleanup: Daily at 3:00 AM
[2026-04-20T04:31:02.916Z] [INFO]   - Reminder emails (7d/3d/final): Daily at 9:00 AM
[2026-04-20T04:31:02.916Z] [INFO]   - Inventory expiry checks + alerts: Daily at 6:00 AM
[2026-04-20T04:31:02.916Z] [INFO]   - Incomplete users cleanup: Daily at 3:15 AM
[2026-04-20T04:31:02.916Z] [INFO]   - OTP daily limits cleanup: Daily at 3:45 AM
[2026-04-20T04:31:02.916Z] [INFO]   - Scheduled broadcasts: Every 5 minutes
[2026-04-20T04:31:02.916Z] [INFO]   - Deletion logs cleanup: Daily at 3:30 AM
[2026-04-20T04:31:08.690Z] [INFO] Initializing cron jobs...
[2026-04-20T04:31:08.691Z] [INFO] Distributed locking: ENABLED
[2026-04-20T04:31:08.691Z] [INFO] Instance ID: CHKTHN-LOQ-8372-85850d68
[2026-04-20T04:31:08.695Z] [INFO] [Email Cron] Email broadcast worker initialized (every 1 minute)
[2026-04-20T04:31:08.698Z] [INFO] [File Cleanup] Email attachment cleanup worker initialized (daily at 4:00 AM)
[2026-04-20T04:31:08.698Z] [INFO] Email broadcast worker: Every 1 minute
[2026-04-20T04:31:08.698Z] [INFO] Email file cleanup: Daily at 4:00 AM
[2026-04-20T04:31:08.701Z] [INFO] Plan transition job scheduled (daily at 2:00 AM)
[2026-04-20T04:31:08.703Z] [INFO] Subscription lifecycle job scheduled (every hour)
[2026-04-20T04:31:08.705Z] [INFO] Payment status sync job scheduled (daily at 1:00 AM)
[2026-04-20T04:31:08.707Z] [INFO] Reminder job scheduled (daily at 9:00 AM)
[2026-04-20T04:31:08.708Z] [INFO] Inventory expiry job scheduled (daily at 6:00 AM)
[2026-04-20T04:31:08.710Z] [INFO] Scheduled broadcasts job initialized (every 5 minutes)
[2026-04-20T04:31:08.717Z] [INFO] All cron jobs initialized:
[2026-04-20T04:31:08.717Z] [INFO]   - Session cleanup: Every hour
[2026-04-20T04:31:08.717Z] [INFO]   - Plan transition: Daily at 2:00 AM
[2026-04-20T04:31:08.717Z] [INFO]   - Subscription lifecycle + emails: Every hour
[2026-04-20T04:31:08.717Z] [INFO]   - Inventory expiry checks + alerts: Daily at 6:00 AM
[2026-04-20T04:31:08.717Z] [INFO]   - Reminder emails (7d/3d/final): Daily at 9:00 AM
[2026-04-20T04:31:08.717Z] [INFO]   - Payment status sync: Daily at 1:00 AM
[2026-04-20T04:31:08.717Z] [INFO]   - Pending users cleanup: Daily at 3:00 AM
[2026-04-20T04:31:08.717Z] [INFO]   - Incomplete users cleanup: Daily at 3:15 AM
[2026-04-20T04:31:08.717Z] [INFO]   - Scheduled broadcasts: Every 5 minutes
[2026-04-20T04:31:08.717Z] [INFO]   - Deletion logs cleanup: Daily at 3:30 AM
[2026-04-20T04:31:08.717Z] [INFO]   - OTP daily limits cleanup: Daily at 3:45 AM
[2026-04-20T04:31:56.171Z] [INFO] Initializing cron jobs...
[2026-04-20T04:31:56.171Z] [INFO] Instance ID: CHKTHN-LOQ-9036-1cd031b2
[2026-04-20T04:31:56.171Z] [INFO] Distributed locking: ENABLED
[2026-04-20T04:31:56.178Z] [INFO] [File Cleanup] Email attachment cleanup worker initialized (daily at 4:00 AM)
[2026-04-20T04:31:56.175Z] [INFO] [Email Cron] Email broadcast worker initialized (every 1 minute)
[2026-04-20T04:31:56.178Z] [INFO] Email file cleanup: Daily at 4:00 AM
[2026-04-20T04:31:56.178Z] [INFO] Email broadcast worker: Every 1 minute
[2026-04-20T04:31:56.183Z] [INFO] Subscription lifecycle job scheduled (every hour)
[2026-04-20T04:31:56.181Z] [INFO] Plan transition job scheduled (daily at 2:00 AM)
[2026-04-20T04:31:56.188Z] [INFO] Reminder job scheduled (daily at 9:00 AM)
[2026-04-20T04:31:56.186Z] [INFO] Payment status sync job scheduled (daily at 1:00 AM)
[2026-04-20T04:31:56.193Z] [INFO] Inventory expiry job scheduled (daily at 6:00 AM)
[2026-04-20T04:31:56.194Z] [INFO] Scheduled broadcasts job initialized (every 5 minutes)
[2026-04-20T04:31:56.201Z] [INFO] All cron jobs initialized:
[2026-04-20T04:31:56.201Z] [INFO]   - Plan transition: Daily at 2:00 AM
[2026-04-20T04:31:56.201Z] [INFO]   - Subscription lifecycle + emails: Every hour
[2026-04-20T04:31:56.201Z] [INFO]   - Session cleanup: Every hour
[2026-04-20T04:31:56.201Z] [INFO]   - Payment status sync: Daily at 1:00 AM
[2026-04-20T04:31:56.201Z] [INFO]   - Reminder emails (7d/3d/final): Daily at 9:00 AM
[2026-04-20T04:31:56.201Z] [INFO]   - Inventory expiry checks + alerts: Daily at 6:00 AM
[2026-04-20T04:31:56.202Z] [INFO]   - Pending users cleanup: Daily at 3:00 AM
[2026-04-20T04:31:56.202Z] [INFO]   - Deletion logs cleanup: Daily at 3:30 AM
[2026-04-20T04:31:56.202Z] [INFO]   - Scheduled broadcasts: Every 5 minutes
[2026-04-20T04:31:56.202Z] [INFO]   - Incomplete users cleanup: Daily at 3:15 AM
[2026-04-20T04:31:56.202Z] [INFO]   - OTP daily limits cleanup: Daily at 3:45 AM
[2026-04-20T04:32:02.077Z] [INFO] Initializing cron jobs...
[2026-04-20T04:32:02.078Z] [INFO] Instance ID: CHKTHN-LOQ-11736-b231aea3
[2026-04-20T04:32:02.078Z] [INFO] Distributed locking: ENABLED
[2026-04-20T04:32:02.082Z] [INFO] [Email Cron] Email broadcast worker initialized (every 1 minute)
[2026-04-20T04:32:02.084Z] [INFO] [File Cleanup] Email attachment cleanup worker initialized (daily at 4:00 AM)
[2026-04-20T04:32:02.084Z] [INFO] Email broadcast worker: Every 1 minute
[2026-04-20T04:32:02.087Z] [INFO] Plan transition job scheduled (daily at 2:00 AM)
[2026-04-20T04:32:02.089Z] [INFO] Subscription lifecycle job scheduled (every hour)
[2026-04-20T04:32:02.084Z] [INFO] Email file cleanup: Daily at 4:00 AM
[2026-04-20T04:32:02.091Z] [INFO] Payment status sync job scheduled (daily at 1:00 AM)
[2026-04-20T04:32:02.093Z] [INFO] Reminder job scheduled (daily at 9:00 AM)
[2026-04-20T04:32:02.095Z] [INFO] Inventory expiry job scheduled (daily at 6:00 AM)
[2026-04-20T04:32:02.096Z] [INFO] Scheduled broadcasts job initialized (every 5 minutes)
[2026-04-20T04:32:02.104Z] [INFO] All cron jobs initialized:
[2026-04-20T04:32:02.105Z] [INFO]   - Session cleanup: Every hour
[2026-04-20T04:32:02.105Z] [INFO]   - Plan transition: Daily at 2:00 AM
[2026-04-20T04:32:02.105Z] [INFO]   - Payment status sync: Daily at 1:00 AM
[2026-04-20T04:32:02.105Z] [INFO]   - Reminder emails (7d/3d/final): Daily at 9:00 AM
[2026-04-20T04:32:02.105Z] [INFO]   - Subscription lifecycle + emails: Every hour
[2026-04-20T04:32:02.105Z] [INFO]   - Inventory expiry checks + alerts: Daily at 6:00 AM
[2026-04-20T04:32:02.105Z] [INFO]   - Pending users cleanup: Daily at 3:00 AM
[2026-04-20T04:32:02.105Z] [INFO]   - Deletion logs cleanup: Daily at 3:30 AM
[2026-04-20T04:32:02.105Z] [INFO]   - Incomplete users cleanup: Daily at 3:15 AM
[2026-04-20T04:32:02.105Z] [INFO]   - Scheduled broadcasts: Every 5 minutes
[2026-04-20T04:32:02.106Z] [INFO]   - OTP daily limits cleanup: Daily at 3:45 AM
[2026-04-20T04:32:05.729Z] [INFO] Initializing cron jobs...
[2026-04-20T04:32:05.729Z] [INFO] Instance ID: CHKTHN-LOQ-3852-cee6400b
[2026-04-20T04:32:05.729Z] [INFO] Distributed locking: ENABLED
[2026-04-20T04:32:05.734Z] [INFO] [Email Cron] Email broadcast worker initialized (every 1 minute)
[2026-04-20T04:32:05.736Z] [INFO] [File Cleanup] Email attachment cleanup worker initialized (daily at 4:00 AM)
[2026-04-20T04:32:05.736Z] [INFO] Email file cleanup: Daily at 4:00 AM
[2026-04-20T04:32:05.736Z] [INFO] Email broadcast worker: Every 1 minute
[2026-04-20T04:32:05.738Z] [INFO] Plan transition job scheduled (daily at 2:00 AM)
[2026-04-20T04:32:05.740Z] [INFO] Subscription lifecycle job scheduled (every hour)
[2026-04-20T04:32:05.748Z] [INFO] Scheduled broadcasts job initialized (every 5 minutes)
[2026-04-20T04:32:05.742Z] [INFO] Payment status sync job scheduled (daily at 1:00 AM)
[2026-04-20T04:32:05.746Z] [INFO] Inventory expiry job scheduled (daily at 6:00 AM)
[2026-04-20T04:32:05.744Z] [INFO] Reminder job scheduled (daily at 9:00 AM)
[2026-04-20T04:32:05.756Z] [INFO]   - Subscription lifecycle + emails: Every hour
[2026-04-20T04:32:05.756Z] [INFO]   - Session cleanup: Every hour
[2026-04-20T04:32:05.756Z] [INFO]   - Plan transition: Daily at 2:00 AM
[2026-04-20T04:32:05.756Z] [INFO]   - Payment status sync: Daily at 1:00 AM
[2026-04-20T04:32:05.756Z] [INFO]   - Reminder emails (7d/3d/final): Daily at 9:00 AM
[2026-04-20T04:32:05.756Z] [INFO] All cron jobs initialized:
[2026-04-20T04:32:05.756Z] [INFO]   - Inventory expiry checks + alerts: Daily at 6:00 AM
[2026-04-20T04:32:05.756Z] [INFO]   - Pending users cleanup: Daily at 3:00 AM
[2026-04-20T04:32:05.756Z] [INFO]   - Deletion logs cleanup: Daily at 3:30 AM
[2026-04-20T04:32:05.756Z] [INFO]   - Incomplete users cleanup: Daily at 3:15 AM
[2026-04-20T04:32:05.756Z] [INFO]   - OTP daily limits cleanup: Daily at 3:45 AM
[2026-04-20T04:32:05.756Z] [INFO]   - Scheduled broadcasts: Every 5 minutes
[2026-04-20T04:32:20.128Z] [INFO] Initializing cron jobs...
[2026-04-20T04:32:20.128Z] [INFO] Instance ID: CHKTHN-LOQ-7784-56bdad77
[2026-04-20T04:32:20.128Z] [INFO] Distributed locking: ENABLED
[2026-04-20T04:32:20.134Z] [INFO] [File Cleanup] Email attachment cleanup worker initialized (daily at 4:00 AM)
[2026-04-20T04:32:20.136Z] [INFO] Plan transition job scheduled (daily at 2:00 AM)
[2026-04-20T04:32:20.132Z] [INFO] [Email Cron] Email broadcast worker initialized (every 1 minute)
[2026-04-20T04:32:20.137Z] [INFO] Subscription lifecycle job scheduled (every hour)
[2026-04-20T04:32:20.134Z] [INFO] Email broadcast worker: Every 1 minute
[2026-04-20T04:32:20.134Z] [INFO] Email file cleanup: Daily at 4:00 AM
[2026-04-20T04:32:20.139Z] [INFO] Payment status sync job scheduled (daily at 1:00 AM)
[2026-04-20T04:32:20.144Z] [INFO] Scheduled broadcasts job initialized (every 5 minutes)
[2026-04-20T04:32:20.141Z] [INFO] Reminder job scheduled (daily at 9:00 AM)
[2026-04-20T04:32:20.142Z] [INFO] Inventory expiry job scheduled (daily at 6:00 AM)
[2026-04-20T04:32:20.150Z] [INFO] All cron jobs initialized:
[2026-04-20T04:32:20.150Z] [INFO]   - Subscription lifecycle + emails: Every hour
[2026-04-20T04:32:20.150Z] [INFO]   - Plan transition: Daily at 2:00 AM
[2026-04-20T04:32:20.150Z] [INFO]   - Session cleanup: Every hour
[2026-04-20T04:32:20.150Z] [INFO]   - Payment status sync: Daily at 1:00 AM
[2026-04-20T04:32:20.150Z] [INFO]   - Inventory expiry checks + alerts: Daily at 6:00 AM
[2026-04-20T04:32:20.150Z] [INFO]   - Pending users cleanup: Daily at 3:00 AM
[2026-04-20T04:32:20.150Z] [INFO]   - Reminder emails (7d/3d/final): Daily at 9:00 AM
[2026-04-20T04:32:20.150Z] [INFO]   - Deletion logs cleanup: Daily at 3:30 AM
[2026-04-20T04:32:20.150Z] [INFO]   - Incomplete users cleanup: Daily at 3:15 AM
[2026-04-20T04:32:20.150Z] [INFO]   - OTP daily limits cleanup: Daily at 3:45 AM
[2026-04-20T04:32:20.150Z] [INFO]   - Scheduled broadcasts: Every 5 minutes
[2026-04-20T04:32:38.088Z] [INFO] Initializing cron jobs...
[2026-04-20T04:32:38.088Z] [INFO] Distributed locking: ENABLED
[2026-04-20T04:32:38.088Z] [INFO] Instance ID: CHKTHN-LOQ-24928-0001f559
[2026-04-20T04:32:38.093Z] [INFO] [Email Cron] Email broadcast worker initialized (every 1 minute)
[2026-04-20T04:32:38.095Z] [INFO] [File Cleanup] Email attachment cleanup worker initialized (daily at 4:00 AM)
[2026-04-20T04:32:38.095Z] [INFO] Email broadcast worker: Every 1 minute
[2026-04-20T04:32:38.095Z] [INFO] Email file cleanup: Daily at 4:00 AM
[2026-04-20T04:32:38.098Z] [INFO] Plan transition job scheduled (daily at 2:00 AM)
[2026-04-20T04:32:38.099Z] [INFO] Subscription lifecycle job scheduled (every hour)
[2026-04-20T04:32:38.101Z] [INFO] Payment status sync job scheduled (daily at 1:00 AM)
[2026-04-20T04:32:38.103Z] [INFO] Reminder job scheduled (daily at 9:00 AM)
[2026-04-20T04:32:38.104Z] [INFO] Inventory expiry job scheduled (daily at 6:00 AM)
[2026-04-20T04:32:38.106Z] [INFO] Scheduled broadcasts job initialized (every 5 minutes)
[2026-04-20T04:32:38.114Z] [INFO]   - Session cleanup: Every hour
[2026-04-20T04:32:38.114Z] [INFO] All cron jobs initialized:
[2026-04-20T04:32:38.114Z] [INFO]   - Plan transition: Daily at 2:00 AM
[2026-04-20T04:32:38.114Z] [INFO]   - Payment status sync: Daily at 1:00 AM
[2026-04-20T04:32:38.114Z] [INFO]   - Subscription lifecycle + emails: Every hour
[2026-04-20T04:32:38.114Z] [INFO]   - Reminder emails (7d/3d/final): Daily at 9:00 AM
[2026-04-20T04:32:38.114Z] [INFO]   - Inventory expiry checks + alerts: Daily at 6:00 AM
[2026-04-20T04:32:38.114Z] [INFO]   - Incomplete users cleanup: Daily at 3:15 AM
[2026-04-20T04:32:38.114Z] [INFO]   - Pending users cleanup: Daily at 3:00 AM
[2026-04-20T04:32:38.114Z] [INFO]   - Deletion logs cleanup: Daily at 3:30 AM
[2026-04-20T04:32:38.114Z] [INFO]   - OTP daily limits cleanup: Daily at 3:45 AM
[2026-04-20T04:32:38.114Z] [INFO]   - Scheduled broadcasts: Every 5 minutes
[2026-04-20T04:32:42.581Z] [INFO] Initializing cron jobs...
[2026-04-20T04:32:42.581Z] [INFO] Distributed locking: ENABLED
[2026-04-20T04:32:42.581Z] [INFO] Instance ID: CHKTHN-LOQ-17664-893580c8
[2026-04-20T04:32:42.592Z] [INFO] [File Cleanup] Email attachment cleanup worker initialized (daily at 4:00 AM)
[2026-04-20T04:32:42.594Z] [INFO] Plan transition job scheduled (daily at 2:00 AM)
[2026-04-20T04:32:42.592Z] [INFO] Email file cleanup: Daily at 4:00 AM
[2026-04-20T04:32:42.588Z] [INFO] [Email Cron] Email broadcast worker initialized (every 1 minute)
[2026-04-20T04:32:42.592Z] [INFO] Email broadcast worker: Every 1 minute
[2026-04-20T04:32:42.596Z] [INFO] Subscription lifecycle job scheduled (every hour)
[2026-04-20T04:32:42.598Z] [INFO] Payment status sync job scheduled (daily at 1:00 AM)
[2026-04-20T04:32:42.602Z] [INFO] Inventory expiry job scheduled (daily at 6:00 AM)
[2026-04-20T04:32:42.603Z] [INFO] Scheduled broadcasts job initialized (every 5 minutes)
[2026-04-20T04:32:42.599Z] [INFO] Reminder job scheduled (daily at 9:00 AM)
[2026-04-20T04:32:42.614Z] [INFO]   - Subscription lifecycle + emails: Every hour
[2026-04-20T04:32:42.614Z] [INFO]   - Plan transition: Daily at 2:00 AM
[2026-04-20T04:32:42.614Z] [INFO] All cron jobs initialized:
[2026-04-20T04:32:42.614Z] [INFO]   - Session cleanup: Every hour
[2026-04-20T04:32:42.614Z] [INFO]   - Inventory expiry checks + alerts: Daily at 6:00 AM
[2026-04-20T04:32:42.614Z] [INFO]   - Payment status sync: Daily at 1:00 AM
[2026-04-20T04:32:42.614Z] [INFO]   - Pending users cleanup: Daily at 3:00 AM
[2026-04-20T04:32:42.614Z] [INFO]   - Reminder emails (7d/3d/final): Daily at 9:00 AM
[2026-04-20T04:32:42.614Z] [INFO]   - Incomplete users cleanup: Daily at 3:15 AM
[2026-04-20T04:32:42.614Z] [INFO]   - Deletion logs cleanup: Daily at 3:30 AM
[2026-04-20T04:32:42.615Z] [INFO]   - OTP daily limits cleanup: Daily at 3:45 AM
[2026-04-20T04:32:42.615Z] [INFO]   - Scheduled broadcasts: Every 5 minutes
[2026-04-20T04:32:45.953Z] [INFO] Initializing cron jobs...
[2026-04-20T04:32:45.954Z] [INFO] Instance ID: CHKTHN-LOQ-22300-f9fece6f
[2026-04-20T04:32:45.954Z] [INFO] Distributed locking: ENABLED
[2026-04-20T04:32:45.959Z] [INFO] [Email Cron] Email broadcast worker initialized (every 1 minute)
[2026-04-20T04:32:45.962Z] [INFO] [File Cleanup] Email attachment cleanup worker initialized (daily at 4:00 AM)
[2026-04-20T04:32:45.962Z] [INFO] Email broadcast worker: Every 1 minute
[2026-04-20T04:32:45.962Z] [INFO] Email file cleanup: Daily at 4:00 AM
[2026-04-20T04:32:45.965Z] [INFO] Plan transition job scheduled (daily at 2:00 AM)
[2026-04-20T04:32:45.968Z] [INFO] Subscription lifecycle job scheduled (every hour)
[2026-04-20T04:32:45.970Z] [INFO] Payment status sync job scheduled (daily at 1:00 AM)
[2026-04-20T04:32:45.975Z] [INFO] Scheduled broadcasts job initialized (every 5 minutes)
[2026-04-20T04:32:45.971Z] [INFO] Reminder job scheduled (daily at 9:00 AM)
[2026-04-20T04:32:45.973Z] [INFO] Inventory expiry job scheduled (daily at 6:00 AM)
[2026-04-20T04:32:45.984Z] [INFO]   - Session cleanup: Every hour
[2026-04-20T04:32:45.984Z] [INFO] All cron jobs initialized:
[2026-04-20T04:32:45.984Z] [INFO]   - Plan transition: Daily at 2:00 AM
[2026-04-20T04:32:45.985Z] [INFO]   - Subscription lifecycle + emails: Every hour
[2026-04-20T04:32:45.985Z] [INFO]   - Payment status sync: Daily at 1:00 AM
[2026-04-20T04:32:45.985Z] [INFO]   - Inventory expiry checks + alerts: Daily at 6:00 AM
[2026-04-20T04:32:45.985Z] [INFO]   - Reminder emails (7d/3d/final): Daily at 9:00 AM
[2026-04-20T04:32:45.985Z] [INFO]   - Incomplete users cleanup: Daily at 3:15 AM
[2026-04-20T04:32:45.985Z] [INFO]   - Pending users cleanup: Daily at 3:00 AM
[2026-04-20T04:32:45.985Z] [INFO]   - Deletion logs cleanup: Daily at 3:30 AM
[2026-04-20T04:32:45.985Z] [INFO]   - Scheduled broadcasts: Every 5 minutes
[2026-04-20T04:32:45.985Z] [INFO]   - OTP daily limits cleanup: Daily at 3:45 AM
[2026-04-20T04:32:49.892Z] [INFO] Initializing cron jobs...
[2026-04-20T04:32:49.892Z] [INFO] Distributed locking: ENABLED
[2026-04-20T04:32:49.892Z] [INFO] Instance ID: CHKTHN-LOQ-15828-5674aa3f
[2026-04-20T04:32:49.897Z] [INFO] [Email Cron] Email broadcast worker initialized (every 1 minute)
[2026-04-20T04:32:49.900Z] [INFO] [File Cleanup] Email attachment cleanup worker initialized (daily at 4:00 AM)
[2026-04-20T04:32:49.900Z] [INFO] Email file cleanup: Daily at 4:00 AM
[2026-04-20T04:32:49.900Z] [INFO] Email broadcast worker: Every 1 minute
[2026-04-20T04:32:49.902Z] [INFO] Plan transition job scheduled (daily at 2:00 AM)
[2026-04-20T04:32:49.905Z] [INFO] Subscription lifecycle job scheduled (every hour)
[2026-04-20T04:32:49.907Z] [INFO] Payment status sync job scheduled (daily at 1:00 AM)
[2026-04-20T04:32:49.909Z] [INFO] Reminder job scheduled (daily at 9:00 AM)
[2026-04-20T04:32:49.912Z] [INFO] Inventory expiry job scheduled (daily at 6:00 AM)
[2026-04-20T04:32:49.914Z] [INFO] Scheduled broadcasts job initialized (every 5 minutes)
[2026-04-20T04:32:49.923Z] [INFO]   - Session cleanup: Every hour
[2026-04-20T04:32:49.923Z] [INFO]   - Plan transition: Daily at 2:00 AM
[2026-04-20T04:32:49.923Z] [INFO] All cron jobs initialized:
[2026-04-20T04:32:49.923Z] [INFO]   - Payment status sync: Daily at 1:00 AM
[2026-04-20T04:32:49.923Z] [INFO]   - Subscription lifecycle + emails: Every hour
[2026-04-20T04:32:49.923Z] [INFO]   - Inventory expiry checks + alerts: Daily at 6:00 AM
[2026-04-20T04:32:49.923Z] [INFO]   - Pending users cleanup: Daily at 3:00 AM
[2026-04-20T04:32:49.923Z] [INFO]   - Reminder emails (7d/3d/final): Daily at 9:00 AM
[2026-04-20T04:32:49.923Z] [INFO]   - Deletion logs cleanup: Daily at 3:30 AM
[2026-04-20T04:32:49.923Z] [INFO]   - Scheduled broadcasts: Every 5 minutes
[2026-04-20T04:32:49.923Z] [INFO]   - Incomplete users cleanup: Daily at 3:15 AM
[2026-04-20T04:32:49.923Z] [INFO]   - OTP daily limits cleanup: Daily at 3:45 AM
[2026-04-20T04:32:53.454Z] [INFO] Instance ID: CHKTHN-LOQ-14220-2a10a2db
[2026-04-20T04:32:53.454Z] [INFO] Distributed locking: ENABLED
[2026-04-20T04:32:53.454Z] [INFO] Initializing cron jobs...
[2026-04-20T04:32:53.458Z] [INFO] [Email Cron] Email broadcast worker initialized (every 1 minute)
[2026-04-20T04:32:53.461Z] [INFO] [File Cleanup] Email attachment cleanup worker initialized (daily at 4:00 AM)
[2026-04-20T04:32:53.461Z] [INFO] Email broadcast worker: Every 1 minute
[2026-04-20T04:32:53.461Z] [INFO] Email file cleanup: Daily at 4:00 AM
[2026-04-20T04:32:53.463Z] [INFO] Plan transition job scheduled (daily at 2:00 AM)
[2026-04-20T04:32:53.465Z] [INFO] Subscription lifecycle job scheduled (every hour)
[2026-04-20T04:32:53.466Z] [INFO] Payment status sync job scheduled (daily at 1:00 AM)
[2026-04-20T04:32:53.468Z] [INFO] Reminder job scheduled (daily at 9:00 AM)
[2026-04-20T04:32:53.470Z] [INFO] Inventory expiry job scheduled (daily at 6:00 AM)
[2026-04-20T04:32:53.471Z] [INFO] Scheduled broadcasts job initialized (every 5 minutes)
[2026-04-20T04:32:53.480Z] [INFO]   - Session cleanup: Every hour
[2026-04-20T04:32:53.480Z] [INFO] All cron jobs initialized:
[2026-04-20T04:32:53.480Z] [INFO]   - Plan transition: Daily at 2:00 AM
[2026-04-20T04:32:53.480Z] [INFO]   - Payment status sync: Daily at 1:00 AM
[2026-04-20T04:32:53.480Z] [INFO]   - Inventory expiry checks + alerts: Daily at 6:00 AM
[2026-04-20T04:32:53.480Z] [INFO]   - Subscription lifecycle + emails: Every hour
[2026-04-20T04:32:53.480Z] [INFO]   - Reminder emails (7d/3d/final): Daily at 9:00 AM
[2026-04-20T04:32:53.480Z] [INFO]   - Incomplete users cleanup: Daily at 3:15 AM
[2026-04-20T04:32:53.480Z] [INFO]   - Pending users cleanup: Daily at 3:00 AM
[2026-04-20T04:32:53.480Z] [INFO]   - OTP daily limits cleanup: Daily at 3:45 AM
[2026-04-20T04:32:53.480Z] [INFO]   - Deletion logs cleanup: Daily at 3:30 AM
[2026-04-20T04:32:53.480Z] [INFO]   - Scheduled broadcasts: Every 5 minutes
[2026-04-20T04:33:01.770Z] [INFO] Initializing cron jobs...
[2026-04-20T04:33:01.770Z] [INFO] Instance ID: CHKTHN-LOQ-10252-da564da1
[2026-04-20T04:33:01.774Z] [INFO] [Email Cron] Email broadcast worker initialized (every 1 minute)
[2026-04-20T04:33:01.776Z] [INFO] Email file cleanup: Daily at 4:00 AM
[2026-04-20T04:33:01.770Z] [INFO] Distributed locking: ENABLED
[2026-04-20T04:33:01.778Z] [INFO] Plan transition job scheduled (daily at 2:00 AM)
[2026-04-20T04:33:01.781Z] [INFO] Payment status sync job scheduled (daily at 1:00 AM)
[2026-04-20T04:33:01.776Z] [INFO] Email broadcast worker: Every 1 minute
[2026-04-20T04:33:01.779Z] [INFO] Subscription lifecycle job scheduled (every hour)
[2026-04-20T04:33:01.776Z] [INFO] [File Cleanup] Email attachment cleanup worker initialized (daily at 4:00 AM)
[2026-04-20T04:33:01.782Z] [INFO] Reminder job scheduled (daily at 9:00 AM)
[2026-04-20T04:33:01.785Z] [INFO] Scheduled broadcasts job initialized (every 5 minutes)
[2026-04-20T04:33:01.784Z] [INFO] Inventory expiry job scheduled (daily at 6:00 AM)
[2026-04-20T04:33:01.792Z] [INFO]   - Plan transition: Daily at 2:00 AM
[2026-04-20T04:33:01.792Z] [INFO]   - Session cleanup: Every hour
[2026-04-20T04:33:01.792Z] [INFO]   - Payment status sync: Daily at 1:00 AM
[2026-04-20T04:33:01.792Z] [INFO] All cron jobs initialized:
[2026-04-20T04:33:01.792Z] [INFO]   - Subscription lifecycle + emails: Every hour
[2026-04-20T04:33:01.792Z] [INFO]   - Inventory expiry checks + alerts: Daily at 6:00 AM
[2026-04-20T04:33:01.792Z] [INFO]   - Reminder emails (7d/3d/final): Daily at 9:00 AM
[2026-04-20T04:33:01.792Z] [INFO]   - Deletion logs cleanup: Daily at 3:30 AM
[2026-04-20T04:33:01.792Z] [INFO]   - Incomplete users cleanup: Daily at 3:15 AM
[2026-04-20T04:33:01.792Z] [INFO]   - Pending users cleanup: Daily at 3:00 AM
[2026-04-20T04:33:01.792Z] [INFO]   - OTP daily limits cleanup: Daily at 3:45 AM
[2026-04-20T04:33:01.792Z] [INFO]   - Scheduled broadcasts: Every 5 minutes
[2026-04-20T04:33:03.672Z] [INFO] Instance ID: CHKTHN-LOQ-15828-7f1999fd
[2026-04-20T04:33:03.672Z] [INFO] Initializing cron jobs...
[2026-04-20T04:33:03.672Z] [INFO] Distributed locking: ENABLED
[2026-04-20T04:33:03.679Z] [INFO] Email broadcast worker: Every 1 minute
[2026-04-20T04:33:03.677Z] [INFO] [Email Cron] Email broadcast worker initialized (every 1 minute)
[2026-04-20T04:33:03.679Z] [INFO] [File Cleanup] Email attachment cleanup worker initialized (daily at 4:00 AM)
[2026-04-20T04:33:03.683Z] [INFO] Subscription lifecycle job scheduled (every hour)
[2026-04-20T04:33:03.682Z] [INFO] Plan transition job scheduled (daily at 2:00 AM)
[2026-04-20T04:33:03.679Z] [INFO] Email file cleanup: Daily at 4:00 AM
[2026-04-20T04:33:03.685Z] [INFO] Payment status sync job scheduled (daily at 1:00 AM)
[2026-04-20T04:33:03.688Z] [INFO] Inventory expiry job scheduled (daily at 6:00 AM)
[2026-04-20T04:33:03.690Z] [INFO] Scheduled broadcasts job initialized (every 5 minutes)
[2026-04-20T04:33:03.697Z] [INFO] All cron jobs initialized:
[2026-04-20T04:33:03.697Z] [INFO]   - Plan transition: Daily at 2:00 AM
[2026-04-20T04:33:03.687Z] [INFO] Reminder job scheduled (daily at 9:00 AM)
[2026-04-20T04:33:03.697Z] [INFO]   - Subscription lifecycle + emails: Every hour
[2026-04-20T04:33:03.697Z] [INFO]   - Reminder emails (7d/3d/final): Daily at 9:00 AM
[2026-04-20T04:33:03.697Z] [INFO]   - Payment status sync: Daily at 1:00 AM
[2026-04-20T04:33:03.697Z] [INFO]   - Inventory expiry checks + alerts: Daily at 6:00 AM
[2026-04-20T04:33:03.697Z] [INFO]   - Session cleanup: Every hour
[2026-04-20T04:33:03.697Z] [INFO]   - Deletion logs cleanup: Daily at 3:30 AM
[2026-04-20T04:33:03.697Z] [INFO]   - Incomplete users cleanup: Daily at 3:15 AM
[2026-04-20T04:33:03.697Z] [INFO]   - Pending users cleanup: Daily at 3:00 AM
[2026-04-20T04:33:03.697Z] [INFO]   - OTP daily limits cleanup: Daily at 3:45 AM
[2026-04-20T04:33:03.697Z] [INFO]   - Scheduled broadcasts: Every 5 minutes
[2026-04-20T04:33:06.149Z] [INFO] Instance ID: CHKTHN-LOQ-25408-8c9b3293
[2026-04-20T04:33:06.149Z] [INFO] Distributed locking: ENABLED
[2026-04-20T04:33:06.153Z] [INFO] [Email Cron] Email broadcast worker initialized (every 1 minute)
[2026-04-20T04:33:06.155Z] [INFO] [File Cleanup] Email attachment cleanup worker initialized (daily at 4:00 AM)
[2026-04-20T04:33:06.148Z] [INFO] Initializing cron jobs...
[2026-04-20T04:33:06.157Z] [INFO] Plan transition job scheduled (daily at 2:00 AM)
[2026-04-20T04:33:06.159Z] [INFO] Subscription lifecycle job scheduled (every hour)
[2026-04-20T04:33:06.155Z] [INFO] Email broadcast worker: Every 1 minute
[2026-04-20T04:33:06.155Z] [INFO] Email file cleanup: Daily at 4:00 AM
[2026-04-20T04:33:06.161Z] [INFO] Payment status sync job scheduled (daily at 1:00 AM)
[2026-04-20T04:33:06.166Z] [INFO] Scheduled broadcasts job initialized (every 5 minutes)
[2026-04-20T04:33:06.163Z] [INFO] Reminder job scheduled (daily at 9:00 AM)
[2026-04-20T04:33:06.165Z] [INFO] Inventory expiry job scheduled (daily at 6:00 AM)
[2026-04-20T04:33:06.173Z] [INFO] All cron jobs initialized:
[2026-04-20T04:33:06.173Z] [INFO]   - Subscription lifecycle + emails: Every hour
[2026-04-20T04:33:06.173Z] [INFO]   - Inventory expiry checks + alerts: Daily at 6:00 AM
[2026-04-20T04:33:06.173Z] [INFO]   - Session cleanup: Every hour
[2026-04-20T04:33:06.173Z] [INFO]   - Payment status sync: Daily at 1:00 AM
[2026-04-20T04:33:06.173Z] [INFO]   - Reminder emails (7d/3d/final): Daily at 9:00 AM
[2026-04-20T04:33:06.173Z] [INFO]   - Incomplete users cleanup: Daily at 3:15 AM
[2026-04-20T04:33:06.173Z] [INFO]   - Plan transition: Daily at 2:00 AM
[2026-04-20T04:33:06.173Z] [INFO]   - Deletion logs cleanup: Daily at 3:30 AM
[2026-04-20T04:33:06.173Z] [INFO]   - OTP daily limits cleanup: Daily at 3:45 AM
[2026-04-20T04:33:06.173Z] [INFO]   - Pending users cleanup: Daily at 3:00 AM
[2026-04-20T04:33:06.173Z] [INFO]   - Scheduled broadcasts: Every 5 minutes
[2026-04-20T04:33:16.836Z] [INFO] Initializing cron jobs...
[2026-04-20T04:33:16.836Z] [INFO] Instance ID: CHKTHN-LOQ-17636-9ff60326
[2026-04-20T04:33:16.841Z] [INFO] [Email Cron] Email broadcast worker initialized (every 1 minute)
[2026-04-20T04:33:16.843Z] [INFO] [File Cleanup] Email attachment cleanup worker initialized (daily at 4:00 AM)
[2026-04-20T04:33:16.843Z] [INFO] Email broadcast worker: Every 1 minute
[2026-04-20T04:33:16.843Z] [INFO] Email file cleanup: Daily at 4:00 AM
[2026-04-20T04:33:16.846Z] [INFO] Subscription lifecycle job scheduled (every hour)
[2026-04-20T04:33:16.848Z] [INFO] Payment status sync job scheduled (daily at 1:00 AM)
[2026-04-20T04:33:16.845Z] [INFO] Plan transition job scheduled (daily at 2:00 AM)
[2026-04-20T04:33:16.852Z] [INFO] Inventory expiry job scheduled (daily at 6:00 AM)
[2026-04-20T04:33:16.836Z] [INFO] Distributed locking: ENABLED
[2026-04-20T04:33:16.853Z] [INFO] Scheduled broadcasts job initialized (every 5 minutes)
[2026-04-20T04:33:16.860Z] [INFO]   - Session cleanup: Every hour
[2026-04-20T04:33:16.860Z] [INFO] All cron jobs initialized:
[2026-04-20T04:33:16.860Z] [INFO]   - Plan transition: Daily at 2:00 AM
[2026-04-20T04:33:16.860Z] [INFO]   - Subscription lifecycle + emails: Every hour
[2026-04-20T04:33:16.861Z] [INFO]   - Reminder emails (7d/3d/final): Daily at 9:00 AM
[2026-04-20T04:33:16.861Z] [INFO]   - Pending users cleanup: Daily at 3:00 AM
[2026-04-20T04:33:16.860Z] [INFO]   - Inventory expiry checks + alerts: Daily at 6:00 AM
[2026-04-20T04:33:16.861Z] [INFO]   - Scheduled broadcasts: Every 5 minutes
[2026-04-20T04:33:16.861Z] [INFO]   - Deletion logs cleanup: Daily at 3:30 AM
[2026-04-20T04:33:16.861Z] [INFO]   - Incomplete users cleanup: Daily at 3:15 AM
[2026-04-20T04:33:16.861Z] [INFO]   - OTP daily limits cleanup: Daily at 3:45 AM
[2026-04-20T04:33:16.860Z] [INFO]   - Payment status sync: Daily at 1:00 AM
[2026-04-20T04:33:16.850Z] [INFO] Reminder job scheduled (daily at 9:00 AM)
[2026-04-20T04:33:23.219Z] [INFO] Initializing cron jobs...
[2026-04-20T04:33:23.219Z] [INFO] Instance ID: CHKTHN-LOQ-19108-a4ef2123
[2026-04-20T04:33:23.223Z] [INFO] [Email Cron] Email broadcast worker initialized (every 1 minute)
[2026-04-20T04:33:23.225Z] [INFO] Email file cleanup: Daily at 4:00 AM
[2026-04-20T04:33:23.225Z] [INFO] [File Cleanup] Email attachment cleanup worker initialized (daily at 4:00 AM)
[2026-04-20T04:33:23.228Z] [INFO] Plan transition job scheduled (daily at 2:00 AM)
[2026-04-20T04:33:23.219Z] [INFO] Distributed locking: ENABLED
[2026-04-20T04:33:23.229Z] [INFO] Subscription lifecycle job scheduled (every hour)
[2026-04-20T04:33:23.225Z] [INFO] Email broadcast worker: Every 1 minute
[2026-04-20T04:33:23.231Z] [INFO] Payment status sync job scheduled (daily at 1:00 AM)
[2026-04-20T04:33:23.233Z] [INFO] Reminder job scheduled (daily at 9:00 AM)
[2026-04-20T04:33:23.234Z] [INFO] Inventory expiry job scheduled (daily at 6:00 AM)
[2026-04-20T04:33:23.235Z] [INFO] Scheduled broadcasts job initialized (every 5 minutes)
[2026-04-20T04:33:23.243Z] [INFO]   - Session cleanup: Every hour
[2026-04-20T04:33:23.243Z] [INFO] All cron jobs initialized:
[2026-04-20T04:33:23.243Z] [INFO]   - Plan transition: Daily at 2:00 AM
[2026-04-20T04:33:23.243Z] [INFO]   - Payment status sync: Daily at 1:00 AM
[2026-04-20T04:33:23.243Z] [INFO]   - Subscription lifecycle + emails: Every hour
[2026-04-20T04:33:23.243Z] [INFO]   - Reminder emails (7d/3d/final): Daily at 9:00 AM
[2026-04-20T04:33:23.243Z] [INFO]   - Inventory expiry checks + alerts: Daily at 6:00 AM
[2026-04-20T04:33:23.243Z] [INFO]   - Incomplete users cleanup: Daily at 3:15 AM
[2026-04-20T04:33:23.243Z] [INFO]   - Deletion logs cleanup: Daily at 3:30 AM
[2026-04-20T04:33:23.243Z] [INFO]   - OTP daily limits cleanup: Daily at 3:45 AM
[2026-04-20T04:33:23.243Z] [INFO]   - Pending users cleanup: Daily at 3:00 AM
[2026-04-20T04:33:23.243Z] [INFO]   - Scheduled broadcasts: Every 5 minutes
[2026-04-20T04:33:40.172Z] [INFO] Initializing cron jobs...
[2026-04-20T04:33:40.173Z] [INFO] Instance ID: CHKTHN-LOQ-25272-37448c0e
[2026-04-20T04:33:40.173Z] [INFO] Distributed locking: ENABLED
[2026-04-20T04:33:40.179Z] [INFO] [Email Cron] Email broadcast worker initialized (every 1 minute)
[2026-04-20T04:33:40.182Z] [INFO] [File Cleanup] Email attachment cleanup worker initialized (daily at 4:00 AM)
[2026-04-20T04:33:40.182Z] [INFO] Email file cleanup: Daily at 4:00 AM
[2026-04-20T04:33:40.182Z] [INFO] Email broadcast worker: Every 1 minute
[2026-04-20T04:33:40.185Z] [INFO] Plan transition job scheduled (daily at 2:00 AM)
[2026-04-20T04:33:40.186Z] [INFO] Subscription lifecycle job scheduled (every hour)
[2026-04-20T04:33:40.189Z] [INFO] Payment status sync job scheduled (daily at 1:00 AM)
[2026-04-20T04:33:40.192Z] [INFO] Reminder job scheduled (daily at 9:00 AM)
[2026-04-20T04:33:40.196Z] [INFO] Inventory expiry job scheduled (daily at 6:00 AM)
[2026-04-20T04:33:40.198Z] [INFO] Scheduled broadcasts job initialized (every 5 minutes)
[2026-04-20T04:33:40.207Z] [INFO] All cron jobs initialized:
[2026-04-20T04:33:40.207Z] [INFO]   - Session cleanup: Every hour
[2026-04-20T04:33:40.207Z] [INFO]   - Plan transition: Daily at 2:00 AM
[2026-04-20T04:33:40.207Z] [INFO]   - Subscription lifecycle + emails: Every hour
[2026-04-20T04:33:40.207Z] [INFO]   - Payment status sync: Daily at 1:00 AM
[2026-04-20T04:33:40.207Z] [INFO]   - Inventory expiry checks + alerts: Daily at 6:00 AM
[2026-04-20T04:33:40.207Z] [INFO]   - Pending users cleanup: Daily at 3:00 AM
[2026-04-20T04:33:40.207Z] [INFO]   - Incomplete users cleanup: Daily at 3:15 AM
[2026-04-20T04:33:40.207Z] [INFO]   - Reminder emails (7d/3d/final): Daily at 9:00 AM
[2026-04-20T04:33:40.207Z] [INFO]   - Scheduled broadcasts: Every 5 minutes
[2026-04-20T04:33:40.207Z] [INFO]   - Deletion logs cleanup: Daily at 3:30 AM
[2026-04-20T04:33:40.207Z] [INFO]   - OTP daily limits cleanup: Daily at 3:45 AM
[2026-04-20T04:33:46.112Z] [INFO] Initializing cron jobs...
[2026-04-20T04:33:46.112Z] [INFO] Distributed locking: ENABLED
[2026-04-20T04:33:46.112Z] [INFO] Instance ID: CHKTHN-LOQ-24784-91d15f14
[2026-04-20T04:33:46.117Z] [INFO] [Email Cron] Email broadcast worker initialized (every 1 minute)
[2026-04-20T04:33:46.119Z] [INFO] Email broadcast worker: Every 1 minute
[2026-04-20T04:33:46.121Z] [INFO] Plan transition job scheduled (daily at 2:00 AM)
[2026-04-20T04:33:46.119Z] [INFO] Email file cleanup: Daily at 4:00 AM
[2026-04-20T04:33:46.122Z] [INFO] Subscription lifecycle job scheduled (every hour)
[2026-04-20T04:33:46.119Z] [INFO] [File Cleanup] Email attachment cleanup worker initialized (daily at 4:00 AM)
[2026-04-20T04:33:46.128Z] [INFO] Inventory expiry job scheduled (daily at 6:00 AM)
[2026-04-20T04:33:46.126Z] [INFO] Reminder job scheduled (daily at 9:00 AM)
[2026-04-20T04:33:46.129Z] [INFO] Scheduled broadcasts job initialized (every 5 minutes)
[2026-04-20T04:33:46.136Z] [INFO] All cron jobs initialized:
[2026-04-20T04:33:46.136Z] [INFO]   - Plan transition: Daily at 2:00 AM
[2026-04-20T04:33:46.124Z] [INFO] Payment status sync job scheduled (daily at 1:00 AM)
[2026-04-20T04:33:46.136Z] [INFO]   - Session cleanup: Every hour
[2026-04-20T04:33:46.136Z] [INFO]   - Subscription lifecycle + emails: Every hour
[2026-04-20T04:33:46.136Z] [INFO]   - Inventory expiry checks + alerts: Daily at 6:00 AM
[2026-04-20T04:33:46.136Z] [INFO]   - Reminder emails (7d/3d/final): Daily at 9:00 AM
[2026-04-20T04:33:46.136Z] [INFO]   - Pending users cleanup: Daily at 3:00 AM
[2026-04-20T04:33:46.136Z] [INFO]   - Incomplete users cleanup: Daily at 3:15 AM
[2026-04-20T04:33:46.136Z] [INFO]   - Deletion logs cleanup: Daily at 3:30 AM
[2026-04-20T04:33:46.136Z] [INFO]   - Payment status sync: Daily at 1:00 AM
[2026-04-20T04:33:46.136Z] [INFO]   - Scheduled broadcasts: Every 5 minutes
[2026-04-20T04:33:46.136Z] [INFO]   - OTP daily limits cleanup: Daily at 3:45 AM
[2026-04-20T04:33:52.488Z] [INFO] Initializing cron jobs...
[2026-04-20T04:33:52.488Z] [INFO] Instance ID: CHKTHN-LOQ-15776-695d175d
[2026-04-20T04:33:52.488Z] [INFO] Distributed locking: ENABLED
[2026-04-20T04:33:52.494Z] [INFO] [Email Cron] Email broadcast worker initialized (every 1 minute)
[2026-04-20T04:33:52.497Z] [INFO] Email broadcast worker: Every 1 minute
[2026-04-20T04:33:52.497Z] [INFO] [File Cleanup] Email attachment cleanup worker initialized (daily at 4:00 AM)
[2026-04-20T04:33:52.497Z] [INFO] Email file cleanup: Daily at 4:00 AM
[2026-04-20T04:33:52.500Z] [INFO] Plan transition job scheduled (daily at 2:00 AM)
[2026-04-20T04:33:52.502Z] [INFO] Subscription lifecycle job scheduled (every hour)
[2026-04-20T04:33:52.504Z] [INFO] Payment status sync job scheduled (daily at 1:00 AM)
[2026-04-20T04:33:52.507Z] [INFO] Reminder job scheduled (daily at 9:00 AM)
[2026-04-20T04:33:52.510Z] [INFO] Inventory expiry job scheduled (daily at 6:00 AM)
[2026-04-20T04:33:52.512Z] [INFO] Scheduled broadcasts job initialized (every 5 minutes)
[2026-04-20T04:33:52.521Z] [INFO]   - Session cleanup: Every hour
[2026-04-20T04:33:52.521Z] [INFO]   - Subscription lifecycle + emails: Every hour
[2026-04-20T04:33:52.521Z] [INFO]   - Reminder emails (7d/3d/final): Daily at 9:00 AM
[2026-04-20T04:33:52.521Z] [INFO] All cron jobs initialized:
[2026-04-20T04:33:52.521Z] [INFO]   - Plan transition: Daily at 2:00 AM
[2026-04-20T04:33:52.521Z] [INFO]   - Payment status sync: Daily at 1:00 AM
[2026-04-20T04:33:52.521Z] [INFO]   - Incomplete users cleanup: Daily at 3:15 AM
[2026-04-20T04:33:52.521Z] [INFO]   - Inventory expiry checks + alerts: Daily at 6:00 AM
[2026-04-20T04:33:52.521Z] [INFO]   - Deletion logs cleanup: Daily at 3:30 AM
[2026-04-20T04:33:52.521Z] [INFO]   - OTP daily limits cleanup: Daily at 3:45 AM
[2026-04-20T04:33:52.521Z] [INFO]   - Pending users cleanup: Daily at 3:00 AM
[2026-04-20T04:33:52.521Z] [INFO]   - Scheduled broadcasts: Every 5 minutes
[2026-04-20T04:35:00.046Z] [INFO] Checking for scheduled broadcasts...
[2026-04-20T04:35:00.052Z] [INFO] No scheduled broadcasts due for sending
[2026-04-20T04:40:00.025Z] [INFO] Checking for scheduled broadcasts...
[2026-04-20T04:40:00.029Z] [INFO] No scheduled broadcasts due for sending
[2026-04-20T04:45:00.029Z] [INFO] Checking for scheduled broadcasts...
[2026-04-20T04:45:00.036Z] [INFO] No scheduled broadcasts due for sending
[2026-04-20T04:50:00.031Z] [INFO] Checking for scheduled broadcasts...
[2026-04-20T04:50:00.038Z] [INFO] No scheduled broadcasts due for sending
[2026-04-20T04:55:00.024Z] [INFO] Checking for scheduled broadcasts...
[2026-04-20T04:55:00.029Z] [INFO] No scheduled broadcasts due for sending
[2026-04-20T04:57:17.790Z] [INFO] Initializing cron jobs...
[2026-04-20T04:57:17.790Z] [INFO] Instance ID: CHKTHN-LOQ-22732-8324a8b0
[2026-04-20T04:57:17.795Z] [INFO] [Email Cron] Email broadcast worker initialized (every 1 minute)
[2026-04-20T04:57:17.790Z] [INFO] Distributed locking: ENABLED
[2026-04-20T04:57:17.797Z] [INFO] Email broadcast worker: Every 1 minute
[2026-04-20T04:57:17.797Z] [INFO] [File Cleanup] Email attachment cleanup worker initialized (daily at 4:00 AM)
[2026-04-20T04:57:17.797Z] [INFO] Email file cleanup: Daily at 4:00 AM
[2026-04-20T04:57:17.801Z] [INFO] Subscription lifecycle job scheduled (every hour)
[2026-04-20T04:57:17.799Z] [INFO] Plan transition job scheduled (daily at 2:00 AM)
[2026-04-20T04:57:17.803Z] [INFO] Payment status sync job scheduled (daily at 1:00 AM)
[2026-04-20T04:57:17.808Z] [INFO] Inventory expiry job scheduled (daily at 6:00 AM)
[2026-04-20T04:57:17.806Z] [INFO] Reminder job scheduled (daily at 9:00 AM)
[2026-04-20T04:57:17.810Z] [INFO] Scheduled broadcasts job initialized (every 5 minutes)
[2026-04-20T04:57:17.820Z] [INFO]   - Session cleanup: Every hour
[2026-04-20T04:57:17.820Z] [INFO]   - Plan transition: Daily at 2:00 AM
[2026-04-20T04:57:17.820Z] [INFO] All cron jobs initialized:
[2026-04-20T04:57:17.820Z] [INFO]   - Subscription lifecycle + emails: Every hour
[2026-04-20T04:57:17.820Z] [INFO]   - Payment status sync: Daily at 1:00 AM
[2026-04-20T04:57:17.820Z] [INFO]   - Inventory expiry checks + alerts: Daily at 6:00 AM
[2026-04-20T04:57:17.820Z] [INFO]   - Pending users cleanup: Daily at 3:00 AM
[2026-04-20T04:57:17.820Z] [INFO]   - Reminder emails (7d/3d/final): Daily at 9:00 AM
[2026-04-20T04:57:17.820Z] [INFO]   - Deletion logs cleanup: Daily at 3:30 AM
[2026-04-20T04:57:17.820Z] [INFO]   - Scheduled broadcasts: Every 5 minutes
[2026-04-20T04:57:17.820Z] [INFO]   - Incomplete users cleanup: Daily at 3:15 AM
[2026-04-20T04:57:17.820Z] [INFO]   - OTP daily limits cleanup: Daily at 3:45 AM
[2026-04-20T05:00:00.042Z] [INFO] Checking for scheduled broadcasts...
[2026-04-20T05:00:00.050Z] [INFO] No scheduled broadcasts due for sending
[2026-04-20T05:03:58.082Z] [INFO] Initializing cron jobs...
[2026-04-20T05:03:58.082Z] [INFO] Instance ID: CHKTHN-LOQ-1508-d9b669f2
[2026-04-20T05:03:58.082Z] [INFO] Distributed locking: ENABLED
[2026-04-20T05:03:58.088Z] [INFO] [Email Cron] Email broadcast worker initialized (every 1 minute)
[2026-04-20T05:03:58.092Z] [INFO] [File Cleanup] Email attachment cleanup worker initialized (daily at 4:00 AM)
[2026-04-20T05:03:58.092Z] [INFO] Email file cleanup: Daily at 4:00 AM
[2026-04-20T05:03:58.092Z] [INFO] Email broadcast worker: Every 1 minute
[2026-04-20T05:03:58.096Z] [INFO] Plan transition job scheduled (daily at 2:00 AM)
[2026-04-20T05:03:58.099Z] [INFO] Subscription lifecycle job scheduled (every hour)
[2026-04-20T05:03:58.102Z] [INFO] Payment status sync job scheduled (daily at 1:00 AM)
[2026-04-20T05:03:58.105Z] [INFO] Reminder job scheduled (daily at 9:00 AM)
[2026-04-20T05:03:58.108Z] [INFO] Inventory expiry job scheduled (daily at 6:00 AM)
[2026-04-20T05:03:58.123Z] [INFO]   - Session cleanup: Every hour
[2026-04-20T05:03:58.110Z] [INFO] Scheduled broadcasts job initialized (every 5 minutes)
[2026-04-20T05:03:58.123Z] [INFO]   - Plan transition: Daily at 2:00 AM
[2026-04-20T05:03:58.123Z] [INFO] All cron jobs initialized:
[2026-04-20T05:03:58.123Z] [INFO]   - Subscription lifecycle + emails: Every hour
[2026-04-20T05:03:58.123Z] [INFO]   - Reminder emails (7d/3d/final): Daily at 9:00 AM
[2026-04-20T05:03:58.123Z] [INFO]   - Payment status sync: Daily at 1:00 AM
[2026-04-20T05:03:58.123Z] [INFO]   - Pending users cleanup: Daily at 3:00 AM
[2026-04-20T05:03:58.123Z] [INFO]   - Inventory expiry checks + alerts: Daily at 6:00 AM
[2026-04-20T05:03:58.123Z] [INFO]   - Incomplete users cleanup: Daily at 3:15 AM
[2026-04-20T05:03:58.123Z] [INFO]   - Deletion logs cleanup: Daily at 3:30 AM
[2026-04-20T05:03:58.123Z] [INFO]   - Scheduled broadcasts: Every 5 minutes
[2026-04-20T05:03:58.123Z] [INFO]   - OTP daily limits cleanup: Daily at 3:45 AM
[2026-04-20T05:05:01.231Z] [INFO] Initializing cron jobs...
[2026-04-20T05:05:01.231Z] [INFO] Distributed locking: ENABLED
[2026-04-20T05:05:01.231Z] [INFO] Instance ID: CHKTHN-LOQ-21164-17d51170
[2026-04-20T05:05:01.236Z] [INFO] [Email Cron] Email broadcast worker initialized (every 1 minute)
[2026-04-20T05:05:01.239Z] [INFO] Email broadcast worker: Every 1 minute
[2026-04-20T05:05:01.239Z] [INFO] [File Cleanup] Email attachment cleanup worker initialized (daily at 4:00 AM)
[2026-04-20T05:05:01.239Z] [INFO] Email file cleanup: Daily at 4:00 AM
[2026-04-20T05:05:01.242Z] [INFO] Plan transition job scheduled (daily at 2:00 AM)
[2026-04-20T05:05:01.244Z] [INFO] Subscription lifecycle job scheduled (every hour)
[2026-04-20T05:05:01.246Z] [INFO] Payment status sync job scheduled (daily at 1:00 AM)
[2026-04-20T05:05:01.248Z] [INFO] Reminder job scheduled (daily at 9:00 AM)
[2026-04-20T05:05:01.251Z] [INFO] Inventory expiry job scheduled (daily at 6:00 AM)
[2026-04-20T05:05:01.252Z] [INFO] Scheduled broadcasts job initialized (every 5 minutes)
[2026-04-20T05:05:01.259Z] [INFO] All cron jobs initialized:
[2026-04-20T05:05:01.259Z] [INFO]   - Session cleanup: Every hour
[2026-04-20T05:05:01.259Z] [INFO]   - Plan transition: Daily at 2:00 AM
[2026-04-20T05:05:01.259Z] [INFO]   - Subscription lifecycle + emails: Every hour
[2026-04-20T05:05:01.259Z] [INFO]   - Reminder emails (7d/3d/final): Daily at 9:00 AM
[2026-04-20T05:05:01.259Z] [INFO]   - Inventory expiry checks + alerts: Daily at 6:00 AM
[2026-04-20T05:05:01.259Z] [INFO]   - Incomplete users cleanup: Daily at 3:15 AM
[2026-04-20T05:05:01.259Z] [INFO]   - Pending users cleanup: Daily at 3:00 AM
[2026-04-20T05:05:01.259Z] [INFO]   - OTP daily limits cleanup: Daily at 3:45 AM
[2026-04-20T05:05:01.259Z] [INFO]   - Payment status sync: Daily at 1:00 AM
[2026-04-20T05:05:01.259Z] [INFO]   - Deletion logs cleanup: Daily at 3:30 AM
[2026-04-20T05:05:01.259Z] [INFO]   - Scheduled broadcasts: Every 5 minutes
[2026-04-20T05:05:21.082Z] [INFO] Initializing cron jobs...
[2026-04-20T05:05:21.082Z] [INFO] Distributed locking: ENABLED
[2026-04-20T05:05:21.082Z] [INFO] Instance ID: CHKTHN-LOQ-20148-4beff016
[2026-04-20T05:05:21.087Z] [INFO] [Email Cron] Email broadcast worker initialized (every 1 minute)
[2026-04-20T05:05:21.089Z] [INFO] [File Cleanup] Email attachment cleanup worker initialized (daily at 4:00 AM)
[2026-04-20T05:05:21.089Z] [INFO] Email broadcast worker: Every 1 minute
[2026-04-20T05:05:21.091Z] [INFO] Plan transition job scheduled (daily at 2:00 AM)
[2026-04-20T05:05:21.089Z] [INFO] Email file cleanup: Daily at 4:00 AM
[2026-04-20T05:05:21.093Z] [INFO] Subscription lifecycle job scheduled (every hour)
[2026-04-20T05:05:21.095Z] [INFO] Payment status sync job scheduled (daily at 1:00 AM)
[2026-04-20T05:05:21.099Z] [INFO] Inventory expiry job scheduled (daily at 6:00 AM)
[2026-04-20T05:05:21.101Z] [INFO] Scheduled broadcasts job initialized (every 5 minutes)
[2026-04-20T05:05:21.111Z] [INFO]   - Plan transition: Daily at 2:00 AM
[2026-04-20T05:05:21.097Z] [INFO] Reminder job scheduled (daily at 9:00 AM)
[2026-04-20T05:05:21.111Z] [INFO]   - Subscription lifecycle + emails: Every hour
[2026-04-20T05:05:21.111Z] [INFO] All cron jobs initialized:
[2026-04-20T05:05:21.111Z] [INFO]   - Payment status sync: Daily at 1:00 AM
[2026-04-20T05:05:21.111Z] [INFO]   - Reminder emails (7d/3d/final): Daily at 9:00 AM
[2026-04-20T05:05:21.111Z] [INFO]   - Inventory expiry checks + alerts: Daily at 6:00 AM
[2026-04-20T05:05:21.111Z] [INFO]   - Session cleanup: Every hour
[2026-04-20T05:05:21.112Z] [INFO]   - Incomplete users cleanup: Daily at 3:15 AM
[2026-04-20T05:05:21.112Z] [INFO]   - OTP daily limits cleanup: Daily at 3:45 AM
[2026-04-20T05:05:21.112Z] [INFO]   - Deletion logs cleanup: Daily at 3:30 AM
[2026-04-20T05:05:21.112Z] [INFO]   - Scheduled broadcasts: Every 5 minutes
[2026-04-20T05:05:21.111Z] [INFO]   - Pending users cleanup: Daily at 3:00 AM
[2026-04-20T05:05:34.680Z] [INFO] Initializing cron jobs...
[2026-04-20T05:05:34.680Z] [INFO] Instance ID: CHKTHN-LOQ-12356-51be0d1f
[2026-04-20T05:05:34.685Z] [INFO] [Email Cron] Email broadcast worker initialized (every 1 minute)
[2026-04-20T05:05:34.687Z] [INFO] Email file cleanup: Daily at 4:00 AM
[2026-04-20T05:05:34.687Z] [INFO] Email broadcast worker: Every 1 minute
[2026-04-20T05:05:34.689Z] [INFO] Plan transition job scheduled (daily at 2:00 AM)
[2026-04-20T05:05:34.687Z] [INFO] [File Cleanup] Email attachment cleanup worker initialized (daily at 4:00 AM)
[2026-04-20T05:05:34.691Z] [INFO] Subscription lifecycle job scheduled (every hour)
[2026-04-20T05:05:34.680Z] [INFO] Distributed locking: ENABLED
[2026-04-20T05:05:34.692Z] [INFO] Payment status sync job scheduled (daily at 1:00 AM)
[2026-04-20T05:05:34.697Z] [INFO] Inventory expiry job scheduled (daily at 6:00 AM)
[2026-04-20T05:05:34.694Z] [INFO] Reminder job scheduled (daily at 9:00 AM)
[2026-04-20T05:05:34.699Z] [INFO] Scheduled broadcasts job initialized (every 5 minutes)
[2026-04-20T05:05:34.709Z] [INFO]   - Subscription lifecycle + emails: Every hour
[2026-04-20T05:05:34.709Z] [INFO]   - Session cleanup: Every hour
[2026-04-20T05:05:34.709Z] [INFO]   - Plan transition: Daily at 2:00 AM
[2026-04-20T05:05:34.709Z] [INFO] All cron jobs initialized:
[2026-04-20T05:05:34.709Z] [INFO]   - Inventory expiry checks + alerts: Daily at 6:00 AM
[2026-04-20T05:05:34.709Z] [INFO]   - Payment status sync: Daily at 1:00 AM
[2026-04-20T05:05:34.709Z] [INFO]   - Reminder emails (7d/3d/final): Daily at 9:00 AM
[2026-04-20T05:05:34.709Z] [INFO]   - Pending users cleanup: Daily at 3:00 AM
[2026-04-20T05:05:34.709Z] [INFO]   - Scheduled broadcasts: Every 5 minutes
[2026-04-20T05:05:34.709Z] [INFO]   - Incomplete users cleanup: Daily at 3:15 AM
[2026-04-20T05:05:34.709Z] [INFO]   - OTP daily limits cleanup: Daily at 3:45 AM
[2026-04-20T05:05:34.709Z] [INFO]   - Deletion logs cleanup: Daily at 3:30 AM
[2026-04-20T05:06:04.353Z] [INFO] Initializing cron jobs...
[2026-04-20T05:06:04.353Z] [INFO] Instance ID: CHKTHN-LOQ-18872-6d5cc7ef
[2026-04-20T05:06:04.353Z] [INFO] Distributed locking: ENABLED
[2026-04-20T05:06:04.358Z] [INFO] [Email Cron] Email broadcast worker initialized (every 1 minute)
[2026-04-20T05:06:04.361Z] [INFO] [File Cleanup] Email attachment cleanup worker initialized (daily at 4:00 AM)
[2026-04-20T05:06:04.361Z] [INFO] Email file cleanup: Daily at 4:00 AM
[2026-04-20T05:06:04.361Z] [INFO] Email broadcast worker: Every 1 minute
[2026-04-20T05:06:04.363Z] [INFO] Plan transition job scheduled (daily at 2:00 AM)
[2026-04-20T05:06:04.365Z] [INFO] Subscription lifecycle job scheduled (every hour)
[2026-04-20T05:06:04.367Z] [INFO] Payment status sync job scheduled (daily at 1:00 AM)
[2026-04-20T05:06:04.369Z] [INFO] Reminder job scheduled (daily at 9:00 AM)
[2026-04-20T05:06:04.371Z] [INFO] Inventory expiry job scheduled (daily at 6:00 AM)
[2026-04-20T05:06:04.373Z] [INFO] Scheduled broadcasts job initialized (every 5 minutes)
[2026-04-20T05:06:04.381Z] [INFO]   - Plan transition: Daily at 2:00 AM
[2026-04-20T05:06:04.381Z] [INFO]   - Subscription lifecycle + emails: Every hour
[2026-04-20T05:06:04.381Z] [INFO]   - Session cleanup: Every hour
[2026-04-20T05:06:04.381Z] [INFO] All cron jobs initialized:
[2026-04-20T05:06:04.381Z] [INFO]   - Payment status sync: Daily at 1:00 AM
[2026-04-20T05:06:04.381Z] [INFO]   - Inventory expiry checks + alerts: Daily at 6:00 AM
[2026-04-20T05:06:04.381Z] [INFO]   - Pending users cleanup: Daily at 3:00 AM
[2026-04-20T05:06:04.381Z] [INFO]   - Incomplete users cleanup: Daily at 3:15 AM
[2026-04-20T05:06:04.381Z] [INFO]   - Scheduled broadcasts: Every 5 minutes
[2026-04-20T05:06:04.381Z] [INFO]   - Reminder emails (7d/3d/final): Daily at 9:00 AM
[2026-04-20T05:06:04.381Z] [INFO]   - OTP daily limits cleanup: Daily at 3:45 AM
[2026-04-20T05:06:04.381Z] [INFO]   - Deletion logs cleanup: Daily at 3:30 AM
[2026-04-20T05:08:51.701Z] [INFO] Initializing cron jobs...
[2026-04-20T05:08:51.702Z] [INFO] Distributed locking: ENABLED
[2026-04-20T05:08:51.702Z] [INFO] Instance ID: CHKTHN-LOQ-13396-a0d896eb
[2026-04-20T05:08:51.706Z] [INFO] [Email Cron] Email broadcast worker initialized (every 1 minute)
[2026-04-20T05:08:51.710Z] [INFO] [File Cleanup] Email attachment cleanup worker initialized (daily at 4:00 AM)
[2026-04-20T05:08:51.710Z] [INFO] Email broadcast worker: Every 1 minute
[2026-04-20T05:08:51.710Z] [INFO] Email file cleanup: Daily at 4:00 AM
[2026-04-20T05:08:51.717Z] [INFO] Subscription lifecycle job scheduled (every hour)
[2026-04-20T05:08:51.713Z] [INFO] Plan transition job scheduled (daily at 2:00 AM)
[2026-04-20T05:08:51.719Z] [INFO] Payment status sync job scheduled (daily at 1:00 AM)
[2026-04-20T05:08:51.721Z] [INFO] Reminder job scheduled (daily at 9:00 AM)
[2026-04-20T05:08:51.723Z] [INFO] Inventory expiry job scheduled (daily at 6:00 AM)
[2026-04-20T05:08:51.725Z] [INFO] Scheduled broadcasts job initialized (every 5 minutes)
[2026-04-20T05:08:51.733Z] [INFO] All cron jobs initialized:
[2026-04-20T05:08:51.733Z] [INFO]   - Session cleanup: Every hour
[2026-04-20T05:08:51.733Z] [INFO]   - Plan transition: Daily at 2:00 AM
[2026-04-20T05:08:51.733Z] [INFO]   - Payment status sync: Daily at 1:00 AM
[2026-04-20T05:08:51.733Z] [INFO]   - Subscription lifecycle + emails: Every hour
[2026-04-20T05:08:51.733Z] [INFO]   - Inventory expiry checks + alerts: Daily at 6:00 AM
[2026-04-20T05:08:51.733Z] [INFO]   - Pending users cleanup: Daily at 3:00 AM
[2026-04-20T05:08:51.733Z] [INFO]   - Incomplete users cleanup: Daily at 3:15 AM
[2026-04-20T05:08:51.733Z] [INFO]   - Reminder emails (7d/3d/final): Daily at 9:00 AM
[2026-04-20T05:08:51.733Z] [INFO]   - OTP daily limits cleanup: Daily at 3:45 AM
[2026-04-20T05:08:51.733Z] [INFO]   - Scheduled broadcasts: Every 5 minutes
[2026-04-20T05:08:51.733Z] [INFO]   - Deletion logs cleanup: Daily at 3:30 AM
[2026-04-20T05:08:54.037Z] [INFO] Initializing cron jobs...
[2026-04-20T05:08:54.037Z] [INFO] Instance ID: CHKTHN-LOQ-24008-d27e3057
[2026-04-20T05:08:54.043Z] [INFO] [Email Cron] Email broadcast worker initialized (every 1 minute)
[2026-04-20T05:08:54.037Z] [INFO] Distributed locking: ENABLED
[2026-04-20T05:08:54.045Z] [INFO] [File Cleanup] Email attachment cleanup worker initialized (daily at 4:00 AM)
[2026-04-20T05:08:54.045Z] [INFO] Email broadcast worker: Every 1 minute
[2026-04-20T05:08:54.047Z] [INFO] Plan transition job scheduled (daily at 2:00 AM)
[2026-04-20T05:08:54.045Z] [INFO] Email file cleanup: Daily at 4:00 AM
[2026-04-20T05:08:54.048Z] [INFO] Subscription lifecycle job scheduled (every hour)
[2026-04-20T05:08:54.050Z] [INFO] Payment status sync job scheduled (daily at 1:00 AM)
[2026-04-20T05:08:54.052Z] [INFO] Reminder job scheduled (daily at 9:00 AM)
[2026-04-20T05:08:54.053Z] [INFO] Inventory expiry job scheduled (daily at 6:00 AM)
[2026-04-20T05:08:54.055Z] [INFO] Scheduled broadcasts job initialized (every 5 minutes)
[2026-04-20T05:08:54.063Z] [INFO] All cron jobs initialized:
[2026-04-20T05:08:54.063Z] [INFO]   - Session cleanup: Every hour
[2026-04-20T05:08:54.063Z] [INFO]   - Plan transition: Daily at 2:00 AM
[2026-04-20T05:08:54.063Z] [INFO]   - Inventory expiry checks + alerts: Daily at 6:00 AM
[2026-04-20T05:08:54.063Z] [INFO]   - Subscription lifecycle + emails: Every hour
[2026-04-20T05:08:54.063Z] [INFO]   - Payment status sync: Daily at 1:00 AM
[2026-04-20T05:08:54.063Z] [INFO]   - Deletion logs cleanup: Daily at 3:30 AM
[2026-04-20T05:08:54.063Z] [INFO]   - Incomplete users cleanup: Daily at 3:15 AM
[2026-04-20T05:08:54.063Z] [INFO]   - Scheduled broadcasts: Every 5 minutes
[2026-04-20T05:08:54.063Z] [INFO]   - Reminder emails (7d/3d/final): Daily at 9:00 AM
[2026-04-20T05:08:54.063Z] [INFO]   - OTP daily limits cleanup: Daily at 3:45 AM
[2026-04-20T05:08:54.063Z] [INFO]   - Pending users cleanup: Daily at 3:00 AM
[2026-04-20T05:08:59.450Z] [INFO] Initializing cron jobs...
[2026-04-20T05:08:59.450Z] [INFO] Distributed locking: ENABLED
[2026-04-20T05:08:59.450Z] [INFO] Instance ID: CHKTHN-LOQ-16600-f5205cc1
[2026-04-20T05:08:59.454Z] [INFO] [Email Cron] Email broadcast worker initialized (every 1 minute)
[2026-04-20T05:08:59.456Z] [INFO] [File Cleanup] Email attachment cleanup worker initialized (daily at 4:00 AM)
[2026-04-20T05:08:59.456Z] [INFO] Email broadcast worker: Every 1 minute
[2026-04-20T05:08:59.456Z] [INFO] Email file cleanup: Daily at 4:00 AM
[2026-04-20T05:08:59.459Z] [INFO] Plan transition job scheduled (daily at 2:00 AM)
[2026-04-20T05:08:59.460Z] [INFO] Subscription lifecycle job scheduled (every hour)
[2026-04-20T05:08:59.462Z] [INFO] Payment status sync job scheduled (daily at 1:00 AM)
[2026-04-20T05:08:59.464Z] [INFO] Reminder job scheduled (daily at 9:00 AM)
[2026-04-20T05:08:59.466Z] [INFO] Inventory expiry job scheduled (daily at 6:00 AM)
[2026-04-20T05:08:59.467Z] [INFO] Scheduled broadcasts job initialized (every 5 minutes)
[2026-04-20T05:08:59.474Z] [INFO]   - Plan transition: Daily at 2:00 AM
[2026-04-20T05:08:59.474Z] [INFO] All cron jobs initialized:
[2026-04-20T05:08:59.474Z] [INFO]   - Payment status sync: Daily at 1:00 AM
[2026-04-20T05:08:59.474Z] [INFO]   - Reminder emails (7d/3d/final): Daily at 9:00 AM
[2026-04-20T05:08:59.474Z] [INFO]   - Inventory expiry checks + alerts: Daily at 6:00 AM
[2026-04-20T05:08:59.474Z] [INFO]   - Session cleanup: Every hour
[2026-04-20T05:08:59.474Z] [INFO]   - Incomplete users cleanup: Daily at 3:15 AM
[2026-04-20T05:08:59.474Z] [INFO]   - Pending users cleanup: Daily at 3:00 AM
[2026-04-20T05:08:59.474Z] [INFO]   - Subscription lifecycle + emails: Every hour
[2026-04-20T05:08:59.474Z] [INFO]   - Deletion logs cleanup: Daily at 3:30 AM
[2026-04-20T05:08:59.474Z] [INFO]   - OTP daily limits cleanup: Daily at 3:45 AM
[2026-04-20T05:08:59.474Z] [INFO]   - Scheduled broadcasts: Every 5 minutes
[2026-04-20T05:09:04.726Z] [INFO] Initializing cron jobs...
[2026-04-20T05:09:04.726Z] [INFO] Distributed locking: ENABLED
[2026-04-20T05:09:04.731Z] [INFO] [Email Cron] Email broadcast worker initialized (every 1 minute)
[2026-04-20T05:09:04.733Z] [INFO] [File Cleanup] Email attachment cleanup worker initialized (daily at 4:00 AM)
[2026-04-20T05:09:04.733Z] [INFO] Email file cleanup: Daily at 4:00 AM
[2026-04-20T05:09:04.726Z] [INFO] Instance ID: CHKTHN-LOQ-8404-8987f65e
[2026-04-20T05:09:04.733Z] [INFO] Email broadcast worker: Every 1 minute
[2026-04-20T05:09:04.735Z] [INFO] Plan transition job scheduled (daily at 2:00 AM)
[2026-04-20T05:09:04.736Z] [INFO] Subscription lifecycle job scheduled (every hour)
[2026-04-20T05:09:04.738Z] [INFO] Payment status sync job scheduled (daily at 1:00 AM)
[2026-04-20T05:09:04.742Z] [INFO] Inventory expiry job scheduled (daily at 6:00 AM)
[2026-04-20T05:09:04.740Z] [INFO] Reminder job scheduled (daily at 9:00 AM)
[2026-04-20T05:09:04.743Z] [INFO] Scheduled broadcasts job initialized (every 5 minutes)
[2026-04-20T05:09:04.750Z] [INFO]   - Session cleanup: Every hour
[2026-04-20T05:09:04.750Z] [INFO]   - Subscription lifecycle + emails: Every hour
[2026-04-20T05:09:04.750Z] [INFO]   - Plan transition: Daily at 2:00 AM
[2026-04-20T05:09:04.750Z] [INFO]   - Inventory expiry checks + alerts: Daily at 6:00 AM
[2026-04-20T05:09:04.750Z] [INFO] All cron jobs initialized:
[2026-04-20T05:09:04.750Z] [INFO]   - Pending users cleanup: Daily at 3:00 AM
[2026-04-20T05:09:04.750Z] [INFO]   - Incomplete users cleanup: Daily at 3:15 AM
[2026-04-20T05:09:04.750Z] [INFO]   - Reminder emails (7d/3d/final): Daily at 9:00 AM
[2026-04-20T05:09:04.750Z] [INFO]   - OTP daily limits cleanup: Daily at 3:45 AM
[2026-04-20T05:09:04.750Z] [INFO]   - Payment status sync: Daily at 1:00 AM
[2026-04-20T05:09:04.750Z] [INFO]   - Scheduled broadcasts: Every 5 minutes
[2026-04-20T05:09:04.750Z] [INFO]   - Deletion logs cleanup: Daily at 3:30 AM
[2026-04-20T05:09:08.146Z] [INFO] Initializing cron jobs...
[2026-04-20T05:09:08.147Z] [INFO] Instance ID: CHKTHN-LOQ-24936-82099246
[2026-04-20T05:09:08.151Z] [INFO] [Email Cron] Email broadcast worker initialized (every 1 minute)
[2026-04-20T05:09:08.147Z] [INFO] Distributed locking: ENABLED
[2026-04-20T05:09:08.153Z] [INFO] [File Cleanup] Email attachment cleanup worker initialized (daily at 4:00 AM)
[2026-04-20T05:09:08.153Z] [INFO] Email file cleanup: Daily at 4:00 AM
[2026-04-20T05:09:08.153Z] [INFO] Email broadcast worker: Every 1 minute
[2026-04-20T05:09:08.155Z] [INFO] Plan transition job scheduled (daily at 2:00 AM)
[2026-04-20T05:09:08.156Z] [INFO] Subscription lifecycle job scheduled (every hour)
[2026-04-20T05:09:08.160Z] [INFO] Reminder job scheduled (daily at 9:00 AM)
[2026-04-20T05:09:08.161Z] [INFO] Inventory expiry job scheduled (daily at 6:00 AM)
[2026-04-20T05:09:08.158Z] [INFO] Payment status sync job scheduled (daily at 1:00 AM)
[2026-04-20T05:09:08.163Z] [INFO] Scheduled broadcasts job initialized (every 5 minutes)
[2026-04-20T05:09:08.172Z] [INFO] All cron jobs initialized:
[2026-04-20T05:09:08.172Z] [INFO]   - Session cleanup: Every hour
[2026-04-20T05:09:08.172Z] [INFO]   - Subscription lifecycle + emails: Every hour
[2026-04-20T05:09:08.172Z] [INFO]   - Plan transition: Daily at 2:00 AM
[2026-04-20T05:09:08.172Z] [INFO]   - Payment status sync: Daily at 1:00 AM
[2026-04-20T05:09:08.172Z] [INFO]   - Inventory expiry checks + alerts: Daily at 6:00 AM
[2026-04-20T05:09:08.172Z] [INFO]   - Pending users cleanup: Daily at 3:00 AM
[2026-04-20T05:09:08.172Z] [INFO]   - Reminder emails (7d/3d/final): Daily at 9:00 AM
[2026-04-20T05:09:08.172Z] [INFO]   - Deletion logs cleanup: Daily at 3:30 AM
[2026-04-20T05:09:08.172Z] [INFO]   - Incomplete users cleanup: Daily at 3:15 AM
[2026-04-20T05:09:08.172Z] [INFO]   - OTP daily limits cleanup: Daily at 3:45 AM
[2026-04-20T05:09:08.172Z] [INFO]   - Scheduled broadcasts: Every 5 minutes
[2026-04-20T05:09:10.337Z] [INFO] Initializing cron jobs...
[2026-04-20T05:09:10.337Z] [INFO] Instance ID: CHKTHN-LOQ-5824-3644e0e5
[2026-04-20T05:09:10.341Z] [INFO] [Email Cron] Email broadcast worker initialized (every 1 minute)
[2026-04-20T05:09:10.337Z] [INFO] Distributed locking: ENABLED
[2026-04-20T05:09:10.343Z] [INFO] [File Cleanup] Email attachment cleanup worker initialized (daily at 4:00 AM)
[2026-04-20T05:09:10.343Z] [INFO] Email file cleanup: Daily at 4:00 AM
[2026-04-20T05:09:10.343Z] [INFO] Email broadcast worker: Every 1 minute
[2026-04-20T05:09:10.345Z] [INFO] Plan transition job scheduled (daily at 2:00 AM)
[2026-04-20T05:09:10.347Z] [INFO] Subscription lifecycle job scheduled (every hour)
[2026-04-20T05:09:10.348Z] [INFO] Payment status sync job scheduled (daily at 1:00 AM)
[2026-04-20T05:09:10.352Z] [INFO] Inventory expiry job scheduled (daily at 6:00 AM)
[2026-04-20T05:09:10.350Z] [INFO] Reminder job scheduled (daily at 9:00 AM)
[2026-04-20T05:09:10.353Z] [INFO] Scheduled broadcasts job initialized (every 5 minutes)
[2026-04-20T05:09:10.360Z] [INFO] All cron jobs initialized:
[2026-04-20T05:09:10.360Z] [INFO]   - Subscription lifecycle + emails: Every hour
[2026-04-20T05:09:10.360Z] [INFO]   - Plan transition: Daily at 2:00 AM
[2026-04-20T05:09:10.360Z] [INFO]   - Payment status sync: Daily at 1:00 AM
[2026-04-20T05:09:10.360Z] [INFO]   - Session cleanup: Every hour
[2026-04-20T05:09:10.360Z] [INFO]   - Inventory expiry checks + alerts: Daily at 6:00 AM
[2026-04-20T05:09:10.361Z] [INFO]   - Reminder emails (7d/3d/final): Daily at 9:00 AM
[2026-04-20T05:09:10.361Z] [INFO]   - Pending users cleanup: Daily at 3:00 AM
[2026-04-20T05:09:10.361Z] [INFO]   - Deletion logs cleanup: Daily at 3:30 AM
[2026-04-20T05:09:10.361Z] [INFO]   - Incomplete users cleanup: Daily at 3:15 AM
[2026-04-20T05:09:10.361Z] [INFO]   - Scheduled broadcasts: Every 5 minutes
[2026-04-20T05:09:10.361Z] [INFO]   - OTP daily limits cleanup: Daily at 3:45 AM
[2026-04-20T05:09:11.789Z] [INFO] Initializing cron jobs...
[2026-04-20T05:09:11.789Z] [INFO] Instance ID: CHKTHN-LOQ-9320-2366d01c
[2026-04-20T05:09:11.790Z] [INFO] Distributed locking: ENABLED
[2026-04-20T05:09:11.796Z] [INFO] Email broadcast worker: Every 1 minute
[2026-04-20T05:09:11.799Z] [INFO] Plan transition job scheduled (daily at 2:00 AM)
[2026-04-20T05:09:11.794Z] [INFO] [Email Cron] Email broadcast worker initialized (every 1 minute)
[2026-04-20T05:09:11.796Z] [INFO] [File Cleanup] Email attachment cleanup worker initialized (daily at 4:00 AM)
[2026-04-20T05:09:11.796Z] [INFO] Email file cleanup: Daily at 4:00 AM
[2026-04-20T05:09:11.805Z] [INFO] Reminder job scheduled (daily at 9:00 AM)
[2026-04-20T05:09:11.806Z] [INFO] Inventory expiry job scheduled (daily at 6:00 AM)
[2026-04-20T05:09:11.803Z] [INFO] Payment status sync job scheduled (daily at 1:00 AM)
[2026-04-20T05:09:11.808Z] [INFO] Scheduled broadcasts job initialized (every 5 minutes)
[2026-04-20T05:09:11.814Z] [INFO]   - Session cleanup: Every hour
[2026-04-20T05:09:11.800Z] [INFO] Subscription lifecycle job scheduled (every hour)
[2026-04-20T05:09:11.814Z] [INFO]   - Plan transition: Daily at 2:00 AM
[2026-04-20T05:09:11.814Z] [INFO]   - Payment status sync: Daily at 1:00 AM
[2026-04-20T05:09:11.815Z] [INFO]   - Reminder emails (7d/3d/final): Daily at 9:00 AM
[2026-04-20T05:09:11.815Z] [INFO]   - Inventory expiry checks + alerts: Daily at 6:00 AM
[2026-04-20T05:09:11.815Z] [INFO]   - Pending users cleanup: Daily at 3:00 AM
[2026-04-20T05:09:11.814Z] [INFO]   - Subscription lifecycle + emails: Every hour
[2026-04-20T05:09:11.814Z] [INFO] All cron jobs initialized:
[2026-04-20T05:09:11.815Z] [INFO]   - OTP daily limits cleanup: Daily at 3:45 AM
[2026-04-20T05:09:11.815Z] [INFO]   - Deletion logs cleanup: Daily at 3:30 AM
[2026-04-20T05:09:11.815Z] [INFO]   - Incomplete users cleanup: Daily at 3:15 AM
[2026-04-20T05:09:11.815Z] [INFO]   - Scheduled broadcasts: Every 5 minutes
[2026-04-20T05:09:13.407Z] [INFO] Initializing cron jobs...
[2026-04-20T05:09:13.408Z] [INFO] Distributed locking: ENABLED
[2026-04-20T05:09:13.408Z] [INFO] Instance ID: CHKTHN-LOQ-12356-dc9f710a
[2026-04-20T05:09:13.412Z] [INFO] [Email Cron] Email broadcast worker initialized (every 1 minute)
[2026-04-20T05:09:13.414Z] [INFO] Email broadcast worker: Every 1 minute
[2026-04-20T05:09:13.417Z] [INFO] Plan transition job scheduled (daily at 2:00 AM)
[2026-04-20T05:09:13.414Z] [INFO] Email file cleanup: Daily at 4:00 AM
[2026-04-20T05:09:13.414Z] [INFO] [File Cleanup] Email attachment cleanup worker initialized (daily at 4:00 AM)
[2026-04-20T05:09:13.418Z] [INFO] Subscription lifecycle job scheduled (every hour)
[2026-04-20T05:09:13.420Z] [INFO] Payment status sync job scheduled (daily at 1:00 AM)
[2026-04-20T05:09:13.424Z] [INFO] Inventory expiry job scheduled (daily at 6:00 AM)
[2026-04-20T05:09:13.426Z] [INFO] Scheduled broadcasts job initialized (every 5 minutes)
[2026-04-20T05:09:13.433Z] [INFO]   - Plan transition: Daily at 2:00 AM
[2026-04-20T05:09:13.423Z] [INFO] Reminder job scheduled (daily at 9:00 AM)
[2026-04-20T05:09:13.433Z] [INFO]   - Subscription lifecycle + emails: Every hour
[2026-04-20T05:09:13.433Z] [INFO] All cron jobs initialized:
[2026-04-20T05:09:13.433Z] [INFO]   - Payment status sync: Daily at 1:00 AM
[2026-04-20T05:09:13.433Z] [INFO]   - Inventory expiry checks + alerts: Daily at 6:00 AM
[2026-04-20T05:09:13.433Z] [INFO]   - Session cleanup: Every hour
[2026-04-20T05:09:13.433Z] [INFO]   - Reminder emails (7d/3d/final): Daily at 9:00 AM
[2026-04-20T05:09:13.433Z] [INFO]   - Scheduled broadcasts: Every 5 minutes
[2026-04-20T05:09:13.433Z] [INFO]   - Pending users cleanup: Daily at 3:00 AM
[2026-04-20T05:09:13.433Z] [INFO]   - Incomplete users cleanup: Daily at 3:15 AM
[2026-04-20T05:09:13.433Z] [INFO]   - OTP daily limits cleanup: Daily at 3:45 AM
[2026-04-20T05:09:13.433Z] [INFO]   - Deletion logs cleanup: Daily at 3:30 AM
[2026-04-20T05:09:18.373Z] [INFO] Instance ID: CHKTHN-LOQ-25208-90c52713
[2026-04-20T05:09:18.372Z] [INFO] Initializing cron jobs...
[2026-04-20T05:09:18.373Z] [INFO] Distributed locking: ENABLED
[2026-04-20T05:09:18.379Z] [INFO] [File Cleanup] Email attachment cleanup worker initialized (daily at 4:00 AM)
[2026-04-20T05:09:18.379Z] [INFO] Email file cleanup: Daily at 4:00 AM
[2026-04-20T05:09:18.379Z] [INFO] Email broadcast worker: Every 1 minute
[2026-04-20T05:09:18.377Z] [INFO] [Email Cron] Email broadcast worker initialized (every 1 minute)
[2026-04-20T05:09:18.381Z] [INFO] Plan transition job scheduled (daily at 2:00 AM)
[2026-04-20T05:09:18.386Z] [INFO] Reminder job scheduled (daily at 9:00 AM)
[2026-04-20T05:09:18.388Z] [INFO] Inventory expiry job scheduled (daily at 6:00 AM)
[2026-04-20T05:09:18.389Z] [INFO] Scheduled broadcasts job initialized (every 5 minutes)
[2026-04-20T05:09:18.382Z] [INFO] Subscription lifecycle job scheduled (every hour)
[2026-04-20T05:09:18.398Z] [INFO]   - Plan transition: Daily at 2:00 AM
[2026-04-20T05:09:18.398Z] [INFO] All cron jobs initialized:
[2026-04-20T05:09:18.398Z] [INFO]   - Subscription lifecycle + emails: Every hour
[2026-04-20T05:09:18.384Z] [INFO] Payment status sync job scheduled (daily at 1:00 AM)
[2026-04-20T05:09:18.398Z] [INFO]   - Inventory expiry checks + alerts: Daily at 6:00 AM
[2026-04-20T05:09:18.398Z] [INFO]   - Payment status sync: Daily at 1:00 AM
[2026-04-20T05:09:18.398Z] [INFO]   - Pending users cleanup: Daily at 3:00 AM
[2026-04-20T05:09:18.398Z] [INFO]   - Incomplete users cleanup: Daily at 3:15 AM
[2026-04-20T05:09:18.398Z] [INFO]   - Session cleanup: Every hour
[2026-04-20T05:09:18.398Z] [INFO]   - Deletion logs cleanup: Daily at 3:30 AM
[2026-04-20T05:09:18.398Z] [INFO]   - Scheduled broadcasts: Every 5 minutes
[2026-04-20T05:09:18.398Z] [INFO]   - OTP daily limits cleanup: Daily at 3:45 AM
[2026-04-20T05:09:18.398Z] [INFO]   - Reminder emails (7d/3d/final): Daily at 9:00 AM
[2026-04-20T05:09:26.488Z] [INFO] Initializing cron jobs...
[2026-04-20T05:09:26.489Z] [INFO] Distributed locking: ENABLED
[2026-04-20T05:09:26.489Z] [INFO] Instance ID: CHKTHN-LOQ-23560-7dbcfa2a
[2026-04-20T05:09:26.493Z] [INFO] [Email Cron] Email broadcast worker initialized (every 1 minute)
[2026-04-20T05:09:26.495Z] [INFO] [File Cleanup] Email attachment cleanup worker initialized (daily at 4:00 AM)
[2026-04-20T05:09:26.496Z] [INFO] Email file cleanup: Daily at 4:00 AM
[2026-04-20T05:09:26.495Z] [INFO] Email broadcast worker: Every 1 minute
[2026-04-20T05:09:26.499Z] [INFO] Plan transition job scheduled (daily at 2:00 AM)
[2026-04-20T05:09:26.501Z] [INFO] Subscription lifecycle job scheduled (every hour)
[2026-04-20T05:09:26.502Z] [INFO] Payment status sync job scheduled (daily at 1:00 AM)
[2026-04-20T05:09:26.506Z] [INFO] Inventory expiry job scheduled (daily at 6:00 AM)
[2026-04-20T05:09:26.504Z] [INFO] Reminder job scheduled (daily at 9:00 AM)
[2026-04-20T05:09:26.507Z] [INFO] Scheduled broadcasts job initialized (every 5 minutes)
[2026-04-20T05:09:26.514Z] [INFO]   - Plan transition: Daily at 2:00 AM
[2026-04-20T05:09:26.514Z] [INFO] All cron jobs initialized:
[2026-04-20T05:09:26.514Z] [INFO]   - Session cleanup: Every hour
[2026-04-20T05:09:26.514Z] [INFO]   - Payment status sync: Daily at 1:00 AM
[2026-04-20T05:09:26.514Z] [INFO]   - Subscription lifecycle + emails: Every hour
[2026-04-20T05:09:26.514Z] [INFO]   - Inventory expiry checks + alerts: Daily at 6:00 AM
[2026-04-20T05:09:26.514Z] [INFO]   - Reminder emails (7d/3d/final): Daily at 9:00 AM
[2026-04-20T05:09:26.514Z] [INFO]   - Pending users cleanup: Daily at 3:00 AM
[2026-04-20T05:09:26.514Z] [INFO]   - Incomplete users cleanup: Daily at 3:15 AM
[2026-04-20T05:09:26.514Z] [INFO]   - Deletion logs cleanup: Daily at 3:30 AM
[2026-04-20T05:09:26.514Z] [INFO]   - Scheduled broadcasts: Every 5 minutes
[2026-04-20T05:09:26.514Z] [INFO]   - OTP daily limits cleanup: Daily at 3:45 AM
[2026-04-20T05:09:46.197Z] [INFO] Initializing cron jobs...
[2026-04-20T05:09:46.198Z] [INFO] Instance ID: CHKTHN-LOQ-9432-2f5dab38
[2026-04-20T05:09:46.202Z] [INFO] [Email Cron] Email broadcast worker initialized (every 1 minute)
[2026-04-20T05:09:46.204Z] [INFO] [File Cleanup] Email attachment cleanup worker initialized (daily at 4:00 AM)
[2026-04-20T05:09:46.198Z] [INFO] Distributed locking: ENABLED
[2026-04-20T05:09:46.204Z] [INFO] Email file cleanup: Daily at 4:00 AM
[2026-04-20T05:09:46.204Z] [INFO] Email broadcast worker: Every 1 minute
[2026-04-20T05:09:46.206Z] [INFO] Plan transition job scheduled (daily at 2:00 AM)
[2026-04-20T05:09:46.208Z] [INFO] Subscription lifecycle job scheduled (every hour)
[2026-04-20T05:09:46.210Z] [INFO] Payment status sync job scheduled (daily at 1:00 AM)
[2026-04-20T05:09:46.213Z] [INFO] Reminder job scheduled (daily at 9:00 AM)
[2026-04-20T05:09:46.215Z] [INFO] Inventory expiry job scheduled (daily at 6:00 AM)
[2026-04-20T05:09:46.218Z] [INFO] Scheduled broadcasts job initialized (every 5 minutes)
[2026-04-20T05:09:46.227Z] [INFO] All cron jobs initialized:
[2026-04-20T05:09:46.227Z] [INFO]   - Session cleanup: Every hour
[2026-04-20T05:09:46.227Z] [INFO]   - Plan transition: Daily at 2:00 AM
[2026-04-20T05:09:46.227Z] [INFO]   - Payment status sync: Daily at 1:00 AM
[2026-04-20T05:09:46.227Z] [INFO]   - Inventory expiry checks + alerts: Daily at 6:00 AM
[2026-04-20T05:09:46.227Z] [INFO]   - Subscription lifecycle + emails: Every hour
[2026-04-20T05:09:46.227Z] [INFO]   - Reminder emails (7d/3d/final): Daily at 9:00 AM
[2026-04-20T05:09:46.227Z] [INFO]   - Deletion logs cleanup: Daily at 3:30 AM
[2026-04-20T05:09:46.227Z] [INFO]   - Incomplete users cleanup: Daily at 3:15 AM
[2026-04-20T05:09:46.227Z] [INFO]   - Scheduled broadcasts: Every 5 minutes
[2026-04-20T05:09:46.227Z] [INFO]   - Pending users cleanup: Daily at 3:00 AM
[2026-04-20T05:09:46.227Z] [INFO]   - OTP daily limits cleanup: Daily at 3:45 AM
[2026-04-20T05:10:00.197Z] [INFO] Checking for scheduled broadcasts...
[2026-04-20T05:10:00.202Z] [INFO] No scheduled broadcasts due for sending
[2026-04-20T05:10:19.552Z] [INFO] Instance ID: CHKTHN-LOQ-22352-f32582ba
[2026-04-20T05:10:19.551Z] [INFO] Initializing cron jobs...
[2026-04-20T05:10:19.552Z] [INFO] Distributed locking: ENABLED
[2026-04-20T05:10:19.558Z] [INFO] [File Cleanup] Email attachment cleanup worker initialized (daily at 4:00 AM)
[2026-04-20T05:10:19.558Z] [INFO] Email file cleanup: Daily at 4:00 AM
[2026-04-20T05:10:19.561Z] [INFO] Plan transition job scheduled (daily at 2:00 AM)
[2026-04-20T05:10:19.556Z] [INFO] [Email Cron] Email broadcast worker initialized (every 1 minute)
[2026-04-20T05:10:19.558Z] [INFO] Email broadcast worker: Every 1 minute
[2026-04-20T05:10:19.562Z] [INFO] Subscription lifecycle job scheduled (every hour)
[2026-04-20T05:10:19.564Z] [INFO] Payment status sync job scheduled (daily at 1:00 AM)
[2026-04-20T05:10:19.565Z] [INFO] Reminder job scheduled (daily at 9:00 AM)
[2026-04-20T05:10:19.567Z] [INFO] Inventory expiry job scheduled (daily at 6:00 AM)
[2026-04-20T05:10:19.568Z] [INFO] Scheduled broadcasts job initialized (every 5 minutes)
[2026-04-20T05:10:19.574Z] [INFO] All cron jobs initialized:
[2026-04-20T05:10:19.575Z] [INFO]   - Session cleanup: Every hour
[2026-04-20T05:10:19.575Z] [INFO]   - Subscription lifecycle + emails: Every hour
[2026-04-20T05:10:19.575Z] [INFO]   - Inventory expiry checks + alerts: Daily at 6:00 AM
[2026-04-20T05:10:19.575Z] [INFO]   - Payment status sync: Daily at 1:00 AM
[2026-04-20T05:10:19.575Z] [INFO]   - Plan transition: Daily at 2:00 AM
[2026-04-20T05:10:19.575Z] [INFO]   - Pending users cleanup: Daily at 3:00 AM
[2026-04-20T05:10:19.575Z] [INFO]   - OTP daily limits cleanup: Daily at 3:45 AM
[2026-04-20T05:10:19.575Z] [INFO]   - Reminder emails (7d/3d/final): Daily at 9:00 AM
[2026-04-20T05:10:19.575Z] [INFO]   - Scheduled broadcasts: Every 5 minutes
[2026-04-20T05:10:19.575Z] [INFO]   - Incomplete users cleanup: Daily at 3:15 AM
[2026-04-20T05:10:19.575Z] [INFO]   - Deletion logs cleanup: Daily at 3:30 AM
[2026-04-20T05:10:23.544Z] [INFO] Initializing cron jobs...
[2026-04-20T05:10:23.544Z] [INFO] Instance ID: CHKTHN-LOQ-18860-9e097caa
[2026-04-20T05:10:23.544Z] [INFO] Distributed locking: ENABLED
[2026-04-20T05:10:23.548Z] [INFO] [Email Cron] Email broadcast worker initialized (every 1 minute)
[2026-04-20T05:10:23.550Z] [INFO] [File Cleanup] Email attachment cleanup worker initialized (daily at 4:00 AM)
[2026-04-20T05:10:23.550Z] [INFO] Email file cleanup: Daily at 4:00 AM
[2026-04-20T05:10:23.550Z] [INFO] Email broadcast worker: Every 1 minute
[2026-04-20T05:10:23.552Z] [INFO] Plan transition job scheduled (daily at 2:00 AM)
[2026-04-20T05:10:23.553Z] [INFO] Subscription lifecycle job scheduled (every hour)
[2026-04-20T05:10:23.555Z] [INFO] Payment status sync job scheduled (daily at 1:00 AM)
[2026-04-20T05:10:23.557Z] [INFO] Reminder job scheduled (daily at 9:00 AM)
[2026-04-20T05:10:23.560Z] [INFO] Scheduled broadcasts job initialized (every 5 minutes)
[2026-04-20T05:10:23.558Z] [INFO] Inventory expiry job scheduled (daily at 6:00 AM)
[2026-04-20T05:10:23.566Z] [INFO]   - Session cleanup: Every hour
[2026-04-20T05:10:23.566Z] [INFO] All cron jobs initialized:
[2026-04-20T05:10:23.566Z] [INFO]   - Subscription lifecycle + emails: Every hour
[2026-04-20T05:10:23.566Z] [INFO]   - Plan transition: Daily at 2:00 AM
[2026-04-20T05:10:23.566Z] [INFO]   - Payment status sync: Daily at 1:00 AM
[2026-04-20T05:10:23.566Z] [INFO]   - Inventory expiry checks + alerts: Daily at 6:00 AM
[2026-04-20T05:10:23.566Z] [INFO]   - Incomplete users cleanup: Daily at 3:15 AM
[2026-04-20T05:10:23.566Z] [INFO]   - Pending users cleanup: Daily at 3:00 AM
[2026-04-20T05:10:23.566Z] [INFO]   - Reminder emails (7d/3d/final): Daily at 9:00 AM
[2026-04-20T05:10:23.566Z] [INFO]   - Scheduled broadcasts: Every 5 minutes
[2026-04-20T05:10:23.566Z] [INFO]   - Deletion logs cleanup: Daily at 3:30 AM
[2026-04-20T05:10:23.566Z] [INFO]   - OTP daily limits cleanup: Daily at 3:45 AM
[2026-04-20T05:11:27.466Z] [INFO] Initializing cron jobs...
[2026-04-20T05:11:27.466Z] [INFO] Instance ID: CHKTHN-LOQ-17836-e26c8887
[2026-04-20T05:11:27.466Z] [INFO] Distributed locking: ENABLED
[2026-04-20T05:11:27.471Z] [INFO] [Email Cron] Email broadcast worker initialized (every 1 minute)
[2026-04-20T05:11:27.472Z] [INFO] [File Cleanup] Email attachment cleanup worker initialized (daily at 4:00 AM)
[2026-04-20T05:11:27.472Z] [INFO] Email broadcast worker: Every 1 minute
[2026-04-20T05:11:27.472Z] [INFO] Email file cleanup: Daily at 4:00 AM
[2026-04-20T05:11:27.474Z] [INFO] Plan transition job scheduled (daily at 2:00 AM)
[2026-04-20T05:11:27.476Z] [INFO] Subscription lifecycle job scheduled (every hour)
[2026-04-20T05:11:27.478Z] [INFO] Payment status sync job scheduled (daily at 1:00 AM)
[2026-04-20T05:11:27.480Z] [INFO] Reminder job scheduled (daily at 9:00 AM)
[2026-04-20T05:11:27.481Z] [INFO] Inventory expiry job scheduled (daily at 6:00 AM)
[2026-04-20T05:11:27.483Z] [INFO] Scheduled broadcasts job initialized (every 5 minutes)
[2026-04-20T05:11:27.489Z] [INFO]   - Session cleanup: Every hour
[2026-04-20T05:11:27.489Z] [INFO] All cron jobs initialized:
[2026-04-20T05:11:27.490Z] [INFO]   - Plan transition: Daily at 2:00 AM
[2026-04-20T05:11:27.490Z] [INFO]   - Subscription lifecycle + emails: Every hour
[2026-04-20T05:11:27.490Z] [INFO]   - Payment status sync: Daily at 1:00 AM
[2026-04-20T05:11:27.490Z] [INFO]   - Inventory expiry checks + alerts: Daily at 6:00 AM
[2026-04-20T05:11:27.490Z] [INFO]   - Pending users cleanup: Daily at 3:00 AM
[2026-04-20T05:11:27.490Z] [INFO]   - Deletion logs cleanup: Daily at 3:30 AM
[2026-04-20T05:11:27.490Z] [INFO]   - Scheduled broadcasts: Every 5 minutes
[2026-04-20T05:11:27.490Z] [INFO]   - Incomplete users cleanup: Daily at 3:15 AM
[2026-04-20T05:11:27.490Z] [INFO]   - Reminder emails (7d/3d/final): Daily at 9:00 AM
[2026-04-20T05:11:27.490Z] [INFO]   - OTP daily limits cleanup: Daily at 3:45 AM
[2026-04-20T05:11:29.046Z] [INFO] Instance ID: CHKTHN-LOQ-23912-be3e43ad
[2026-04-20T05:11:29.046Z] [INFO] Initializing cron jobs...
[2026-04-20T05:11:29.050Z] [INFO] [Email Cron] Email broadcast worker initialized (every 1 minute)
[2026-04-20T05:11:29.046Z] [INFO] Distributed locking: ENABLED
[2026-04-20T05:11:29.052Z] [INFO] [File Cleanup] Email attachment cleanup worker initialized (daily at 4:00 AM)
[2026-04-20T05:11:29.052Z] [INFO] Email file cleanup: Daily at 4:00 AM
[2026-04-20T05:11:29.052Z] [INFO] Email broadcast worker: Every 1 minute
[2026-04-20T05:11:29.054Z] [INFO] Plan transition job scheduled (daily at 2:00 AM)
[2026-04-20T05:11:29.055Z] [INFO] Subscription lifecycle job scheduled (every hour)
[2026-04-20T05:11:29.057Z] [INFO] Payment status sync job scheduled (daily at 1:00 AM)
[2026-04-20T05:11:29.058Z] [INFO] Reminder job scheduled (daily at 9:00 AM)
[2026-04-20T05:11:29.060Z] [INFO] Inventory expiry job scheduled (daily at 6:00 AM)
[2026-04-20T05:11:29.062Z] [INFO] Scheduled broadcasts job initialized (every 5 minutes)
[2026-04-20T05:11:29.069Z] [INFO]   - Session cleanup: Every hour
[2026-04-20T05:11:29.069Z] [INFO] All cron jobs initialized:
[2026-04-20T05:11:29.069Z] [INFO]   - Plan transition: Daily at 2:00 AM
[2026-04-20T05:11:29.069Z] [INFO]   - Payment status sync: Daily at 1:00 AM
[2026-04-20T05:11:29.069Z] [INFO]   - Inventory expiry checks + alerts: Daily at 6:00 AM
[2026-04-20T05:11:29.069Z] [INFO]   - Subscription lifecycle + emails: Every hour
[2026-04-20T05:11:29.069Z] [INFO]   - Deletion logs cleanup: Daily at 3:30 AM
[2026-04-20T05:11:29.069Z] [INFO]   - Incomplete users cleanup: Daily at 3:15 AM
[2026-04-20T05:11:29.069Z] [INFO]   - OTP daily limits cleanup: Daily at 3:45 AM
[2026-04-20T05:11:29.069Z] [INFO]   - Pending users cleanup: Daily at 3:00 AM
[2026-04-20T05:11:29.069Z] [INFO]   - Reminder emails (7d/3d/final): Daily at 9:00 AM
[2026-04-20T05:11:29.069Z] [INFO]   - Scheduled broadcasts: Every 5 minutes
[2026-04-20T05:11:30.614Z] [INFO] Initializing cron jobs...
[2026-04-20T05:11:30.614Z] [INFO] Instance ID: CHKTHN-LOQ-16352-122720ba
[2026-04-20T05:11:30.614Z] [INFO] Distributed locking: ENABLED
[2026-04-20T05:11:30.620Z] [INFO] Email broadcast worker: Every 1 minute
[2026-04-20T05:11:30.619Z] [INFO] [Email Cron] Email broadcast worker initialized (every 1 minute)
[2026-04-20T05:11:30.620Z] [INFO] Email file cleanup: Daily at 4:00 AM
[2026-04-20T05:11:30.620Z] [INFO] [File Cleanup] Email attachment cleanup worker initialized (daily at 4:00 AM)
[2026-04-20T05:11:30.623Z] [INFO] Plan transition job scheduled (daily at 2:00 AM)
[2026-04-20T05:11:30.624Z] [INFO] Subscription lifecycle job scheduled (every hour)
[2026-04-20T05:11:30.626Z] [INFO] Payment status sync job scheduled (daily at 1:00 AM)
[2026-04-20T05:11:30.627Z] [INFO] Reminder job scheduled (daily at 9:00 AM)
[2026-04-20T05:11:30.631Z] [INFO] Inventory expiry job scheduled (daily at 6:00 AM)
[2026-04-20T05:11:30.633Z] [INFO] Scheduled broadcasts job initialized (every 5 minutes)
[2026-04-20T05:11:30.644Z] [INFO] All cron jobs initialized:
[2026-04-20T05:11:30.644Z] [INFO]   - Session cleanup: Every hour
[2026-04-20T05:11:30.644Z] [INFO]   - Payment status sync: Daily at 1:00 AM
[2026-04-20T05:11:30.644Z] [INFO]   - Inventory expiry checks + alerts: Daily at 6:00 AM
[2026-04-20T05:11:30.644Z] [INFO]   - Plan transition: Daily at 2:00 AM
[2026-04-20T05:11:30.645Z] [INFO]   - Reminder emails (7d/3d/final): Daily at 9:00 AM
[2026-04-20T05:11:30.645Z] [INFO]   - Pending users cleanup: Daily at 3:00 AM
[2026-04-20T05:11:30.644Z] [INFO]   - Subscription lifecycle + emails: Every hour
[2026-04-20T05:11:30.645Z] [INFO]   - Incomplete users cleanup: Daily at 3:15 AM
[2026-04-20T05:11:30.645Z] [INFO]   - Scheduled broadcasts: Every 5 minutes
[2026-04-20T05:11:30.645Z] [INFO]   - OTP daily limits cleanup: Daily at 3:45 AM
[2026-04-20T05:11:30.645Z] [INFO]   - Deletion logs cleanup: Daily at 3:30 AM
[2026-04-20T05:11:37.782Z] [INFO] Initializing cron jobs...
[2026-04-20T05:11:37.789Z] [INFO] [Email Cron] Email broadcast worker initialized (every 1 minute)
[2026-04-20T05:11:37.792Z] [INFO] [File Cleanup] Email attachment cleanup worker initialized (daily at 4:00 AM)
[2026-04-20T05:11:37.782Z] [INFO] Distributed locking: ENABLED
[2026-04-20T05:11:37.782Z] [INFO] Instance ID: CHKTHN-LOQ-20828-2f83f272
[2026-04-20T05:11:37.792Z] [INFO] Email file cleanup: Daily at 4:00 AM
[2026-04-20T05:11:37.792Z] [INFO] Email broadcast worker: Every 1 minute
[2026-04-20T05:11:37.795Z] [INFO] Plan transition job scheduled (daily at 2:00 AM)
[2026-04-20T05:11:37.799Z] [INFO] Subscription lifecycle job scheduled (every hour)
[2026-04-20T05:11:37.802Z] [INFO] Payment status sync job scheduled (daily at 1:00 AM)
[2026-04-20T05:11:37.804Z] [INFO] Reminder job scheduled (daily at 9:00 AM)
[2026-04-20T05:11:37.808Z] [INFO] Scheduled broadcasts job initialized (every 5 minutes)
[2026-04-20T05:11:37.816Z] [INFO] All cron jobs initialized:
[2026-04-20T05:11:37.806Z] [INFO] Inventory expiry job scheduled (daily at 6:00 AM)
[2026-04-20T05:11:37.816Z] [INFO]   - Session cleanup: Every hour
[2026-04-20T05:11:37.816Z] [INFO]   - Plan transition: Daily at 2:00 AM
[2026-04-20T05:11:37.816Z] [INFO]   - Subscription lifecycle + emails: Every hour
[2026-04-20T05:11:37.816Z] [INFO]   - Payment status sync: Daily at 1:00 AM
[2026-04-20T05:11:37.816Z] [INFO]   - Pending users cleanup: Daily at 3:00 AM
[2026-04-20T05:11:37.816Z] [INFO]   - Inventory expiry checks + alerts: Daily at 6:00 AM
[2026-04-20T05:11:37.816Z] [INFO]   - Reminder emails (7d/3d/final): Daily at 9:00 AM
[2026-04-20T05:11:37.816Z] [INFO]   - Deletion logs cleanup: Daily at 3:30 AM
[2026-04-20T05:11:37.816Z] [INFO]   - Incomplete users cleanup: Daily at 3:15 AM
[2026-04-20T05:11:37.816Z] [INFO]   - Scheduled broadcasts: Every 5 minutes
[2026-04-20T05:11:37.816Z] [INFO]   - OTP daily limits cleanup: Daily at 3:45 AM
[2026-04-20T05:11:39.789Z] [INFO] Initializing cron jobs...
[2026-04-20T05:11:39.789Z] [INFO] Instance ID: CHKTHN-LOQ-6644-db655bb6
[2026-04-20T05:11:39.789Z] [INFO] Distributed locking: ENABLED
[2026-04-20T05:11:39.793Z] [INFO] [Email Cron] Email broadcast worker initialized (every 1 minute)
[2026-04-20T05:11:39.795Z] [INFO] [File Cleanup] Email attachment cleanup worker initialized (daily at 4:00 AM)
[2026-04-20T05:11:39.795Z] [INFO] Email broadcast worker: Every 1 minute
[2026-04-20T05:11:39.795Z] [INFO] Email file cleanup: Daily at 4:00 AM
[2026-04-20T05:11:39.797Z] [INFO] Plan transition job scheduled (daily at 2:00 AM)
[2026-04-20T05:11:39.799Z] [INFO] Subscription lifecycle job scheduled (every hour)
[2026-04-20T05:11:39.801Z] [INFO] Payment status sync job scheduled (daily at 1:00 AM)
[2026-04-20T05:11:39.803Z] [INFO] Reminder job scheduled (daily at 9:00 AM)
[2026-04-20T05:11:39.806Z] [INFO] Inventory expiry job scheduled (daily at 6:00 AM)
[2026-04-20T05:11:39.808Z] [INFO] Scheduled broadcasts job initialized (every 5 minutes)
[2026-04-20T05:11:39.819Z] [INFO] All cron jobs initialized:
[2026-04-20T05:11:39.819Z] [INFO]   - Plan transition: Daily at 2:00 AM
[2026-04-20T05:11:39.819Z] [INFO]   - Session cleanup: Every hour
[2026-04-20T05:11:39.819Z] [INFO]   - Subscription lifecycle + emails: Every hour
[2026-04-20T05:11:39.819Z] [INFO]   - Payment status sync: Daily at 1:00 AM
[2026-04-20T05:11:39.819Z] [INFO]   - Inventory expiry checks + alerts: Daily at 6:00 AM
[2026-04-20T05:11:39.819Z] [INFO]   - Incomplete users cleanup: Daily at 3:15 AM
[2026-04-20T05:11:39.819Z] [INFO]   - Reminder emails (7d/3d/final): Daily at 9:00 AM
[2026-04-20T05:11:39.819Z] [INFO]   - Scheduled broadcasts: Every 5 minutes
[2026-04-20T05:11:39.819Z] [INFO]   - Pending users cleanup: Daily at 3:00 AM
[2026-04-20T05:11:39.819Z] [INFO]   - Deletion logs cleanup: Daily at 3:30 AM
[2026-04-20T05:11:39.819Z] [INFO]   - OTP daily limits cleanup: Daily at 3:45 AM
[2026-04-20T05:11:41.905Z] [INFO] Instance ID: CHKTHN-LOQ-3296-f7a8285c
[2026-04-20T05:11:41.904Z] [INFO] Initializing cron jobs...
[2026-04-20T05:11:41.905Z] [INFO] Distributed locking: ENABLED
[2026-04-20T05:11:41.912Z] [INFO] Email broadcast worker: Every 1 minute
[2026-04-20T05:11:41.912Z] [INFO] [File Cleanup] Email attachment cleanup worker initialized (daily at 4:00 AM)
[2026-04-20T05:11:41.910Z] [INFO] [Email Cron] Email broadcast worker initialized (every 1 minute)
[2026-04-20T05:11:41.912Z] [INFO] Email file cleanup: Daily at 4:00 AM
[2026-04-20T05:11:41.916Z] [INFO] Subscription lifecycle job scheduled (every hour)
[2026-04-20T05:11:41.915Z] [INFO] Plan transition job scheduled (daily at 2:00 AM)
[2026-04-20T05:11:41.918Z] [INFO] Payment status sync job scheduled (daily at 1:00 AM)
[2026-04-20T05:11:41.924Z] [INFO] Scheduled broadcasts job initialized (every 5 minutes)
[2026-04-20T05:11:41.920Z] [INFO] Reminder job scheduled (daily at 9:00 AM)
[2026-04-20T05:11:41.933Z] [INFO]   - Session cleanup: Every hour
[2026-04-20T05:11:41.923Z] [INFO] Inventory expiry job scheduled (daily at 6:00 AM)
[2026-04-20T05:11:41.933Z] [INFO]   - Subscription lifecycle + emails: Every hour
[2026-04-20T05:11:41.933Z] [INFO] All cron jobs initialized:
[2026-04-20T05:11:41.933Z] [INFO]   - Plan transition: Daily at 2:00 AM
[2026-04-20T05:11:41.933Z] [INFO]   - Inventory expiry checks + alerts: Daily at 6:00 AM
[2026-04-20T05:11:41.933Z] [INFO]   - Incomplete users cleanup: Daily at 3:15 AM
[2026-04-20T05:11:41.933Z] [INFO]   - Reminder emails (7d/3d/final): Daily at 9:00 AM
[2026-04-20T05:11:41.933Z] [INFO]   - Pending users cleanup: Daily at 3:00 AM
[2026-04-20T05:11:41.933Z] [INFO]   - Scheduled broadcasts: Every 5 minutes
[2026-04-20T05:11:41.933Z] [INFO]   - Payment status sync: Daily at 1:00 AM
[2026-04-20T05:11:41.933Z] [INFO]   - Deletion logs cleanup: Daily at 3:30 AM
[2026-04-20T05:11:41.933Z] [INFO]   - OTP daily limits cleanup: Daily at 3:45 AM
[2026-04-20T05:11:52.894Z] [INFO] Initializing cron jobs...
[2026-04-20T05:11:52.894Z] [INFO] Distributed locking: ENABLED
[2026-04-20T05:11:52.894Z] [INFO] Instance ID: CHKTHN-LOQ-15784-148abcac
[2026-04-20T05:11:52.899Z] [INFO] [Email Cron] Email broadcast worker initialized (every 1 minute)
[2026-04-20T05:11:52.901Z] [INFO] [File Cleanup] Email attachment cleanup worker initialized (daily at 4:00 AM)
[2026-04-20T05:11:52.902Z] [INFO] Email file cleanup: Daily at 4:00 AM
[2026-04-20T05:11:52.902Z] [INFO] Email broadcast worker: Every 1 minute
[2026-04-20T05:11:52.904Z] [INFO] Plan transition job scheduled (daily at 2:00 AM)
[2026-04-20T05:11:52.906Z] [INFO] Subscription lifecycle job scheduled (every hour)
[2026-04-20T05:11:52.908Z] [INFO] Payment status sync job scheduled (daily at 1:00 AM)
[2026-04-20T05:11:52.911Z] [INFO] Reminder job scheduled (daily at 9:00 AM)
[2026-04-20T05:11:52.915Z] [INFO] Scheduled broadcasts job initialized (every 5 minutes)
[2026-04-20T05:11:52.913Z] [INFO] Inventory expiry job scheduled (daily at 6:00 AM)
[2026-04-20T05:11:52.922Z] [INFO]   - Session cleanup: Every hour
[2026-04-20T05:11:52.922Z] [INFO]   - Plan transition: Daily at 2:00 AM
[2026-04-20T05:11:52.922Z] [INFO]   - Subscription lifecycle + emails: Every hour
[2026-04-20T05:11:52.922Z] [INFO] All cron jobs initialized:
[2026-04-20T05:11:52.922Z] [INFO]   - Payment status sync: Daily at 1:00 AM
[2026-04-20T05:11:52.922Z] [INFO]   - Inventory expiry checks + alerts: Daily at 6:00 AM
[2026-04-20T05:11:52.922Z] [INFO]   - Pending users cleanup: Daily at 3:00 AM
[2026-04-20T05:11:52.922Z] [INFO]   - Reminder emails (7d/3d/final): Daily at 9:00 AM
[2026-04-20T05:11:52.922Z] [INFO]   - Incomplete users cleanup: Daily at 3:15 AM
[2026-04-20T05:11:52.922Z] [INFO]   - Deletion logs cleanup: Daily at 3:30 AM
[2026-04-20T05:11:52.922Z] [INFO]   - Scheduled broadcasts: Every 5 minutes
[2026-04-20T05:11:52.922Z] [INFO]   - OTP daily limits cleanup: Daily at 3:45 AM
[2026-04-20T05:11:55.909Z] [INFO] Initializing cron jobs...
[2026-04-20T05:11:55.910Z] [INFO] Instance ID: CHKTHN-LOQ-21328-97aa7112
[2026-04-20T05:11:55.910Z] [INFO] Distributed locking: ENABLED
[2026-04-20T05:11:55.915Z] [INFO] [Email Cron] Email broadcast worker initialized (every 1 minute)
[2026-04-20T05:11:55.917Z] [INFO] Email broadcast worker: Every 1 minute
[2026-04-20T05:11:55.917Z] [INFO] [File Cleanup] Email attachment cleanup worker initialized (daily at 4:00 AM)
[2026-04-20T05:11:55.917Z] [INFO] Email file cleanup: Daily at 4:00 AM
[2026-04-20T05:11:55.919Z] [INFO] Plan transition job scheduled (daily at 2:00 AM)
[2026-04-20T05:11:55.921Z] [INFO] Subscription lifecycle job scheduled (every hour)
[2026-04-20T05:11:55.923Z] [INFO] Payment status sync job scheduled (daily at 1:00 AM)
[2026-04-20T05:11:55.925Z] [INFO] Reminder job scheduled (daily at 9:00 AM)
[2026-04-20T05:11:55.928Z] [INFO] Scheduled broadcasts job initialized (every 5 minutes)
[2026-04-20T05:11:55.926Z] [INFO] Inventory expiry job scheduled (daily at 6:00 AM)
[2026-04-20T05:11:55.936Z] [INFO] All cron jobs initialized:
[2026-04-20T05:11:55.936Z] [INFO]   - Session cleanup: Every hour
[2026-04-20T05:11:55.936Z] [INFO]   - Plan transition: Daily at 2:00 AM
[2026-04-20T05:11:55.936Z] [INFO]   - Subscription lifecycle + emails: Every hour
[2026-04-20T05:11:55.936Z] [INFO]   - Payment status sync: Daily at 1:00 AM
[2026-04-20T05:11:55.936Z] [INFO]   - Inventory expiry checks + alerts: Daily at 6:00 AM
[2026-04-20T05:11:55.936Z] [INFO]   - Reminder emails (7d/3d/final): Daily at 9:00 AM
[2026-04-20T05:11:55.936Z] [INFO]   - Incomplete users cleanup: Daily at 3:15 AM
[2026-04-20T05:11:55.936Z] [INFO]   - Pending users cleanup: Daily at 3:00 AM
[2026-04-20T05:11:55.936Z] [INFO]   - Scheduled broadcasts: Every 5 minutes
[2026-04-20T05:11:55.936Z] [INFO]   - Deletion logs cleanup: Daily at 3:30 AM
[2026-04-20T05:11:55.936Z] [INFO]   - OTP daily limits cleanup: Daily at 3:45 AM
[2026-04-20T05:11:58.126Z] [INFO] Initializing cron jobs...
[2026-04-20T05:11:58.127Z] [INFO] Instance ID: CHKTHN-LOQ-8828-5272adba
[2026-04-20T05:11:58.127Z] [INFO] Distributed locking: ENABLED
[2026-04-20T05:11:58.131Z] [INFO] [Email Cron] Email broadcast worker initialized (every 1 minute)
[2026-04-20T05:11:58.133Z] [INFO] [File Cleanup] Email attachment cleanup worker initialized (daily at 4:00 AM)
[2026-04-20T05:11:58.133Z] [INFO] Email broadcast worker: Every 1 minute
[2026-04-20T05:11:58.133Z] [INFO] Email file cleanup: Daily at 4:00 AM
[2026-04-20T05:11:58.135Z] [INFO] Plan transition job scheduled (daily at 2:00 AM)
[2026-04-20T05:11:58.136Z] [INFO] Subscription lifecycle job scheduled (every hour)
[2026-04-20T05:11:58.138Z] [INFO] Payment status sync job scheduled (daily at 1:00 AM)
[2026-04-20T05:11:58.140Z] [INFO] Reminder job scheduled (daily at 9:00 AM)
[2026-04-20T05:11:58.142Z] [INFO] Inventory expiry job scheduled (daily at 6:00 AM)
[2026-04-20T05:11:58.144Z] [INFO] Scheduled broadcasts job initialized (every 5 minutes)
[2026-04-20T05:11:58.154Z] [INFO]   - Session cleanup: Every hour
[2026-04-20T05:11:58.154Z] [INFO] All cron jobs initialized:
[2026-04-20T05:11:58.154Z] [INFO]   - Subscription lifecycle + emails: Every hour
[2026-04-20T05:11:58.154Z] [INFO]   - Plan transition: Daily at 2:00 AM
[2026-04-20T05:11:58.154Z] [INFO]   - Payment status sync: Daily at 1:00 AM
[2026-04-20T05:11:58.154Z] [INFO]   - Inventory expiry checks + alerts: Daily at 6:00 AM
[2026-04-20T05:11:58.154Z] [INFO]   - Reminder emails (7d/3d/final): Daily at 9:00 AM
[2026-04-20T05:11:58.154Z] [INFO]   - Pending users cleanup: Daily at 3:00 AM
[2026-04-20T05:11:58.154Z] [INFO]   - Deletion logs cleanup: Daily at 3:30 AM
[2026-04-20T05:11:58.154Z] [INFO]   - Incomplete users cleanup: Daily at 3:15 AM
[2026-04-20T05:11:58.154Z] [INFO]   - OTP daily limits cleanup: Daily at 3:45 AM
[2026-04-20T05:11:58.154Z] [INFO]   - Scheduled broadcasts: Every 5 minutes
[2026-04-20T05:12:30.790Z] [INFO] Initializing cron jobs...
[2026-04-20T05:12:30.790Z] [INFO] Instance ID: CHKTHN-LOQ-25480-e531e504
[2026-04-20T05:12:30.790Z] [INFO] Distributed locking: ENABLED
[2026-04-20T05:12:30.801Z] [INFO] Email file cleanup: Daily at 4:00 AM
[2026-04-20T05:12:30.801Z] [INFO] [File Cleanup] Email attachment cleanup worker initialized (daily at 4:00 AM)
[2026-04-20T05:12:30.801Z] [INFO] Email broadcast worker: Every 1 minute
[2026-04-20T05:12:30.798Z] [INFO] [Email Cron] Email broadcast worker initialized (every 1 minute)
[2026-04-20T05:12:30.803Z] [INFO] Plan transition job scheduled (daily at 2:00 AM)
[2026-04-20T05:12:30.809Z] [INFO] Reminder job scheduled (daily at 9:00 AM)
[2026-04-20T05:12:30.811Z] [INFO] Inventory expiry job scheduled (daily at 6:00 AM)
[2026-04-20T05:12:30.812Z] [INFO] Scheduled broadcasts job initialized (every 5 minutes)
[2026-04-20T05:12:30.825Z] [INFO]   - Plan transition: Daily at 2:00 AM
[2026-04-20T05:12:30.824Z] [INFO] All cron jobs initialized:
[2026-04-20T05:12:30.825Z] [INFO]   - Session cleanup: Every hour
[2026-04-20T05:12:30.825Z] [INFO]   - Subscription lifecycle + emails: Every hour
[2026-04-20T05:12:30.825Z] [INFO]   - Payment status sync: Daily at 1:00 AM
[2026-04-20T05:12:30.825Z] [INFO]   - Inventory expiry checks + alerts: Daily at 6:00 AM
[2026-04-20T05:12:30.825Z] [INFO]   - Reminder emails (7d/3d/final): Daily at 9:00 AM
[2026-04-20T05:12:30.825Z] [INFO]   - Pending users cleanup: Daily at 3:00 AM
[2026-04-20T05:12:30.825Z] [INFO]   - Incomplete users cleanup: Daily at 3:15 AM
[2026-04-20T05:12:30.825Z] [INFO]   - Scheduled broadcasts: Every 5 minutes
[2026-04-20T05:12:30.825Z] [INFO]   - OTP daily limits cleanup: Daily at 3:45 AM
[2026-04-20T05:12:30.825Z] [INFO]   - Deletion logs cleanup: Daily at 3:30 AM
[2026-04-20T05:12:30.807Z] [INFO] Payment status sync job scheduled (daily at 1:00 AM)
[2026-04-20T05:12:30.805Z] [INFO] Subscription lifecycle job scheduled (every hour)
[2026-04-20T05:13:21.838Z] [INFO] Initializing cron jobs...
[2026-04-20T05:13:21.838Z] [INFO] Instance ID: CHKTHN-LOQ-24628-67468228
[2026-04-20T05:13:21.838Z] [INFO] Distributed locking: ENABLED
[2026-04-20T05:13:21.844Z] [INFO] [Email Cron] Email broadcast worker initialized (every 1 minute)
[2026-04-20T05:13:21.846Z] [INFO] [File Cleanup] Email attachment cleanup worker initialized (daily at 4:00 AM)
[2026-04-20T05:13:21.846Z] [INFO] Email file cleanup: Daily at 4:00 AM
[2026-04-20T05:13:21.846Z] [INFO] Email broadcast worker: Every 1 minute
[2026-04-20T05:13:21.849Z] [INFO] Plan transition job scheduled (daily at 2:00 AM)
[2026-04-20T05:13:21.850Z] [INFO] Subscription lifecycle job scheduled (every hour)
[2026-04-20T05:13:21.852Z] [INFO] Payment status sync job scheduled (daily at 1:00 AM)
[2026-04-20T05:13:21.855Z] [INFO] Reminder job scheduled (daily at 9:00 AM)
[2026-04-20T05:13:21.858Z] [INFO] Inventory expiry job scheduled (daily at 6:00 AM)
[2026-04-20T05:13:21.860Z] [INFO] Scheduled broadcasts job initialized (every 5 minutes)
[2026-04-20T05:13:21.870Z] [INFO]   - Plan transition: Daily at 2:00 AM
[2026-04-20T05:13:21.870Z] [INFO] All cron jobs initialized:
[2026-04-20T05:13:21.870Z] [INFO]   - Subscription lifecycle + emails: Every hour
[2026-04-20T05:13:21.870Z] [INFO]   - Session cleanup: Every hour
[2026-04-20T05:13:21.870Z] [INFO]   - Deletion logs cleanup: Daily at 3:30 AM
[2026-04-20T05:13:21.870Z] [INFO]   - Reminder emails (7d/3d/final): Daily at 9:00 AM
[2026-04-20T05:13:21.870Z] [INFO]   - Incomplete users cleanup: Daily at 3:15 AM
[2026-04-20T05:13:21.870Z] [INFO]   - Pending users cleanup: Daily at 3:00 AM
[2026-04-20T05:13:21.870Z] [INFO]   - Inventory expiry checks + alerts: Daily at 6:00 AM
[2026-04-20T05:13:21.870Z] [INFO]   - Payment status sync: Daily at 1:00 AM
[2026-04-20T05:13:21.870Z] [INFO]   - OTP daily limits cleanup: Daily at 3:45 AM
[2026-04-20T05:13:21.870Z] [INFO]   - Scheduled broadcasts: Every 5 minutes
[2026-04-20T05:13:23.238Z] [INFO] Initializing cron jobs...
[2026-04-20T05:13:23.238Z] [INFO] Distributed locking: ENABLED
[2026-04-20T05:13:23.243Z] [INFO] [Email Cron] Email broadcast worker initialized (every 1 minute)
[2026-04-20T05:13:23.238Z] [INFO] Instance ID: CHKTHN-LOQ-3512-070889d6
[2026-04-20T05:13:23.248Z] [INFO] Email broadcast worker: Every 1 minute
[2026-04-20T05:13:23.248Z] [INFO] [File Cleanup] Email attachment cleanup worker initialized (daily at 4:00 AM)
[2026-04-20T05:13:23.254Z] [INFO] Plan transition job scheduled (daily at 2:00 AM)
[2026-04-20T05:13:23.257Z] [INFO] Subscription lifecycle job scheduled (every hour)
[2026-04-20T05:13:23.248Z] [INFO] Email file cleanup: Daily at 4:00 AM
[2026-04-20T05:13:23.260Z] [INFO] Payment status sync job scheduled (daily at 1:00 AM)
[2026-04-20T05:13:23.262Z] [INFO] Reminder job scheduled (daily at 9:00 AM)
[2026-04-20T05:13:23.264Z] [INFO] Inventory expiry job scheduled (daily at 6:00 AM)
[2026-04-20T05:13:23.277Z] [INFO] All cron jobs initialized:
[2026-04-20T05:13:23.277Z] [INFO]   - Session cleanup: Every hour
[2026-04-20T05:13:23.267Z] [INFO] Scheduled broadcasts job initialized (every 5 minutes)
[2026-04-20T05:13:23.277Z] [INFO]   - Subscription lifecycle + emails: Every hour
[2026-04-20T05:13:23.277Z] [INFO]   - Plan transition: Daily at 2:00 AM
[2026-04-20T05:13:23.277Z] [INFO]   - Payment status sync: Daily at 1:00 AM
[2026-04-20T05:13:23.277Z] [INFO]   - Inventory expiry checks + alerts: Daily at 6:00 AM
[2026-04-20T05:13:23.277Z] [INFO]   - Reminder emails (7d/3d/final): Daily at 9:00 AM
[2026-04-20T05:13:23.277Z] [INFO]   - Pending users cleanup: Daily at 3:00 AM
[2026-04-20T05:13:23.277Z] [INFO]   - Deletion logs cleanup: Daily at 3:30 AM
[2026-04-20T05:13:23.277Z] [INFO]   - OTP daily limits cleanup: Daily at 3:45 AM
[2026-04-20T05:13:23.277Z] [INFO]   - Scheduled broadcasts: Every 5 minutes
[2026-04-20T05:13:23.277Z] [INFO]   - Incomplete users cleanup: Daily at 3:15 AM
[2026-04-20T05:14:24.378Z] [INFO] Initializing cron jobs...
[2026-04-20T05:14:24.379Z] [INFO] Instance ID: CHKTHN-LOQ-19148-c7aaadda
[2026-04-20T05:14:24.383Z] [INFO] [Email Cron] Email broadcast worker initialized (every 1 minute)
[2026-04-20T05:14:24.384Z] [INFO] [File Cleanup] Email attachment cleanup worker initialized (daily at 4:00 AM)
[2026-04-20T05:14:24.379Z] [INFO] Distributed locking: ENABLED
[2026-04-20T05:14:24.385Z] [INFO] Email broadcast worker: Every 1 minute
[2026-04-20T05:14:24.385Z] [INFO] Email file cleanup: Daily at 4:00 AM
[2026-04-20T05:14:24.387Z] [INFO] Plan transition job scheduled (daily at 2:00 AM)
[2026-04-20T05:14:24.389Z] [INFO] Subscription lifecycle job scheduled (every hour)
[2026-04-20T05:14:24.391Z] [INFO] Payment status sync job scheduled (daily at 1:00 AM)
[2026-04-20T05:14:24.392Z] [INFO] Reminder job scheduled (daily at 9:00 AM)
[2026-04-20T05:14:24.394Z] [INFO] Inventory expiry job scheduled (daily at 6:00 AM)
[2026-04-20T05:14:24.396Z] [INFO] Scheduled broadcasts job initialized (every 5 minutes)
[2026-04-20T05:14:24.403Z] [INFO] All cron jobs initialized:
[2026-04-20T05:14:24.403Z] [INFO]   - Subscription lifecycle + emails: Every hour
[2026-04-20T05:14:24.403Z] [INFO]   - Session cleanup: Every hour
[2026-04-20T05:14:24.403Z] [INFO]   - Plan transition: Daily at 2:00 AM
[2026-04-20T05:14:24.403Z] [INFO]   - Payment status sync: Daily at 1:00 AM
[2026-04-20T05:14:24.403Z] [INFO]   - Reminder emails (7d/3d/final): Daily at 9:00 AM
[2026-04-20T05:14:24.403Z] [INFO]   - Inventory expiry checks + alerts: Daily at 6:00 AM
[2026-04-20T05:14:24.403Z] [INFO]   - Pending users cleanup: Daily at 3:00 AM
[2026-04-20T05:14:24.403Z] [INFO]   - Incomplete users cleanup: Daily at 3:15 AM
[2026-04-20T05:14:24.403Z] [INFO]   - Deletion logs cleanup: Daily at 3:30 AM
[2026-04-20T05:14:24.403Z] [INFO]   - OTP daily limits cleanup: Daily at 3:45 AM
[2026-04-20T05:14:24.403Z] [INFO]   - Scheduled broadcasts: Every 5 minutes
[2026-04-20T05:14:39.275Z] [INFO] Initializing cron jobs...
[2026-04-20T05:14:39.275Z] [INFO] Distributed locking: ENABLED
[2026-04-20T05:14:39.275Z] [INFO] Instance ID: CHKTHN-LOQ-19228-1a60186c
[2026-04-20T05:14:39.283Z] [INFO] Email broadcast worker: Every 1 minute
[2026-04-20T05:14:39.283Z] [INFO] Email file cleanup: Daily at 4:00 AM
[2026-04-20T05:14:39.286Z] [INFO] Plan transition job scheduled (daily at 2:00 AM)
[2026-04-20T05:14:39.287Z] [INFO] Subscription lifecycle job scheduled (every hour)
[2026-04-20T05:14:39.281Z] [INFO] [Email Cron] Email broadcast worker initialized (every 1 minute)
[2026-04-20T05:14:39.289Z] [INFO] Payment status sync job scheduled (daily at 1:00 AM)
[2026-04-20T05:14:39.283Z] [INFO] [File Cleanup] Email attachment cleanup worker initialized (daily at 4:00 AM)
[2026-04-20T05:14:39.293Z] [INFO] Inventory expiry job scheduled (daily at 6:00 AM)
[2026-04-20T05:14:39.295Z] [INFO] Scheduled broadcasts job initialized (every 5 minutes)
[2026-04-20T05:14:39.291Z] [INFO] Reminder job scheduled (daily at 9:00 AM)
[2026-04-20T05:14:39.304Z] [INFO]   - Session cleanup: Every hour
[2026-04-20T05:14:39.304Z] [INFO]   - Subscription lifecycle + emails: Every hour
[2026-04-20T05:14:39.304Z] [INFO]   - Reminder emails (7d/3d/final): Daily at 9:00 AM
[2026-04-20T05:14:39.303Z] [INFO] All cron jobs initialized:
[2026-04-20T05:14:39.304Z] [INFO]   - Pending users cleanup: Daily at 3:00 AM
[2026-04-20T05:14:39.304Z] [INFO]   - Plan transition: Daily at 2:00 AM
[2026-04-20T05:14:39.304Z] [INFO]   - Incomplete users cleanup: Daily at 3:15 AM
[2026-04-20T05:14:39.304Z] [INFO]   - Inventory expiry checks + alerts: Daily at 6:00 AM
[2026-04-20T05:14:39.304Z] [INFO]   - OTP daily limits cleanup: Daily at 3:45 AM
[2026-04-20T05:14:39.304Z] [INFO]   - Scheduled broadcasts: Every 5 minutes
[2026-04-20T05:14:39.304Z] [INFO]   - Payment status sync: Daily at 1:00 AM
[2026-04-20T05:14:39.304Z] [INFO]   - Deletion logs cleanup: Daily at 3:30 AM
[2026-04-20T05:15:00.077Z] [INFO] Checking for scheduled broadcasts...
[2026-04-20T05:15:00.081Z] [INFO] No scheduled broadcasts due for sending
[2026-04-20T05:15:18.160Z] [INFO] Initializing cron jobs...
[2026-04-20T05:15:18.160Z] [INFO] Instance ID: CHKTHN-LOQ-10520-52acf939
[2026-04-20T05:15:18.160Z] [INFO] Distributed locking: ENABLED
[2026-04-20T05:15:18.164Z] [INFO] [Email Cron] Email broadcast worker initialized (every 1 minute)
[2026-04-20T05:15:18.166Z] [INFO] [File Cleanup] Email attachment cleanup worker initialized (daily at 4:00 AM)
[2026-04-20T05:15:18.166Z] [INFO] Email file cleanup: Daily at 4:00 AM
[2026-04-20T05:15:18.166Z] [INFO] Email broadcast worker: Every 1 minute
[2026-04-20T05:15:18.168Z] [INFO] Plan transition job scheduled (daily at 2:00 AM)
[2026-04-20T05:15:18.170Z] [INFO] Subscription lifecycle job scheduled (every hour)
[2026-04-20T05:15:18.172Z] [INFO] Payment status sync job scheduled (daily at 1:00 AM)
[2026-04-20T05:15:18.174Z] [INFO] Reminder job scheduled (daily at 9:00 AM)
[2026-04-20T05:15:18.176Z] [INFO] Inventory expiry job scheduled (daily at 6:00 AM)
[2026-04-20T05:15:18.177Z] [INFO] Scheduled broadcasts job initialized (every 5 minutes)
[2026-04-20T05:15:18.183Z] [INFO] All cron jobs initialized:
[2026-04-20T05:15:18.183Z] [INFO]   - Session cleanup: Every hour
[2026-04-20T05:15:18.183Z] [INFO]   - Plan transition: Daily at 2:00 AM
[2026-04-20T05:15:18.183Z] [INFO]   - Subscription lifecycle + emails: Every hour
[2026-04-20T05:15:18.183Z] [INFO]   - Payment status sync: Daily at 1:00 AM
[2026-04-20T05:15:18.183Z] [INFO]   - Inventory expiry checks + alerts: Daily at 6:00 AM
[2026-04-20T05:15:18.183Z] [INFO]   - Reminder emails (7d/3d/final): Daily at 9:00 AM
[2026-04-20T05:15:18.183Z] [INFO]   - Pending users cleanup: Daily at 3:00 AM
[2026-04-20T05:15:18.183Z] [INFO]   - Incomplete users cleanup: Daily at 3:15 AM
[2026-04-20T05:15:18.183Z] [INFO]   - Deletion logs cleanup: Daily at 3:30 AM
[2026-04-20T05:15:18.183Z] [INFO]   - Scheduled broadcasts: Every 5 minutes
[2026-04-20T05:15:18.183Z] [INFO]   - OTP daily limits cleanup: Daily at 3:45 AM
[2026-04-20T05:15:56.646Z] [INFO] Initializing cron jobs...
[2026-04-20T05:15:56.647Z] [INFO] Distributed locking: ENABLED
[2026-04-20T05:15:56.647Z] [INFO] Instance ID: CHKTHN-LOQ-13260-9bc548f0
[2026-04-20T05:15:56.653Z] [INFO] [File Cleanup] Email attachment cleanup worker initialized (daily at 4:00 AM)
[2026-04-20T05:15:56.651Z] [INFO] [Email Cron] Email broadcast worker initialized (every 1 minute)
[2026-04-20T05:15:56.653Z] [INFO] Email broadcast worker: Every 1 minute
[2026-04-20T05:15:56.656Z] [INFO] Subscription lifecycle job scheduled (every hour)
[2026-04-20T05:15:56.653Z] [INFO] Email file cleanup: Daily at 4:00 AM
[2026-04-20T05:15:56.655Z] [INFO] Plan transition job scheduled (daily at 2:00 AM)
[2026-04-20T05:15:56.659Z] [INFO] Payment status sync job scheduled (daily at 1:00 AM)
[2026-04-20T05:15:56.661Z] [INFO] Reminder job scheduled (daily at 9:00 AM)
[2026-04-20T05:15:56.664Z] [INFO] Inventory expiry job scheduled (daily at 6:00 AM)
[2026-04-20T05:15:56.665Z] [INFO] Scheduled broadcasts job initialized (every 5 minutes)
[2026-04-20T05:15:56.671Z] [INFO] All cron jobs initialized:
[2026-04-20T05:15:56.671Z] [INFO]   - Session cleanup: Every hour
[2026-04-20T05:15:56.671Z] [INFO]   - Plan transition: Daily at 2:00 AM
[2026-04-20T05:15:56.671Z] [INFO]   - Payment status sync: Daily at 1:00 AM
[2026-04-20T05:15:56.671Z] [INFO]   - Subscription lifecycle + emails: Every hour
[2026-04-20T05:15:56.671Z] [INFO]   - Inventory expiry checks + alerts: Daily at 6:00 AM
[2026-04-20T05:15:56.671Z] [INFO]   - Reminder emails (7d/3d/final): Daily at 9:00 AM
[2026-04-20T05:15:56.671Z] [INFO]   - Pending users cleanup: Daily at 3:00 AM
[2026-04-20T05:15:56.671Z] [INFO]   - Incomplete users cleanup: Daily at 3:15 AM
[2026-04-20T05:15:56.671Z] [INFO]   - Deletion logs cleanup: Daily at 3:30 AM
[2026-04-20T05:15:56.671Z] [INFO]   - OTP daily limits cleanup: Daily at 3:45 AM
[2026-04-20T05:15:56.671Z] [INFO]   - Scheduled broadcasts: Every 5 minutes
[2026-04-20T05:15:58.060Z] [INFO] Initializing cron jobs...
[2026-04-20T05:15:58.060Z] [INFO] Instance ID: CHKTHN-LOQ-17588-7fc992a0
[2026-04-20T05:15:58.060Z] [INFO] Distributed locking: ENABLED
[2026-04-20T05:15:58.066Z] [INFO] [Email Cron] Email broadcast worker initialized (every 1 minute)
[2026-04-20T05:15:58.067Z] [INFO] [File Cleanup] Email attachment cleanup worker initialized (daily at 4:00 AM)
[2026-04-20T05:15:58.067Z] [INFO] Email file cleanup: Daily at 4:00 AM
[2026-04-20T05:15:58.072Z] [INFO] Plan transition job scheduled (daily at 2:00 AM)
[2026-04-20T05:15:58.074Z] [INFO] Subscription lifecycle job scheduled (every hour)
[2026-04-20T05:15:58.067Z] [INFO] Email broadcast worker: Every 1 minute
[2026-04-20T05:15:58.075Z] [INFO] Payment status sync job scheduled (daily at 1:00 AM)
[2026-04-20T05:15:58.077Z] [INFO] Reminder job scheduled (daily at 9:00 AM)
[2026-04-20T05:15:58.079Z] [INFO] Inventory expiry job scheduled (daily at 6:00 AM)
[2026-04-20T05:15:58.080Z] [INFO] Scheduled broadcasts job initialized (every 5 minutes)
[2026-04-20T05:15:58.088Z] [INFO] All cron jobs initialized:
[2026-04-20T05:15:58.088Z] [INFO]   - Plan transition: Daily at 2:00 AM
[2026-04-20T05:15:58.088Z] [INFO]   - Subscription lifecycle + emails: Every hour
[2026-04-20T05:15:58.088Z] [INFO]   - Payment status sync: Daily at 1:00 AM
[2026-04-20T05:15:58.088Z] [INFO]   - Session cleanup: Every hour
[2026-04-20T05:15:58.088Z] [INFO]   - Inventory expiry checks + alerts: Daily at 6:00 AM
[2026-04-20T05:15:58.088Z] [INFO]   - Pending users cleanup: Daily at 3:00 AM
[2026-04-20T05:15:58.088Z] [INFO]   - Reminder emails (7d/3d/final): Daily at 9:00 AM
[2026-04-20T05:15:58.088Z] [INFO]   - Deletion logs cleanup: Daily at 3:30 AM
[2026-04-20T05:15:58.088Z] [INFO]   - Scheduled broadcasts: Every 5 minutes
[2026-04-20T05:15:58.088Z] [INFO]   - Incomplete users cleanup: Daily at 3:15 AM
[2026-04-20T05:15:58.088Z] [INFO]   - OTP daily limits cleanup: Daily at 3:45 AM
[2026-04-20T05:17:09.834Z] [INFO] Initializing cron jobs...
[2026-04-20T05:17:09.834Z] [INFO] Instance ID: CHKTHN-LOQ-1596-7942035f
[2026-04-20T05:17:09.834Z] [INFO] Distributed locking: ENABLED
[2026-04-20T05:17:09.839Z] [INFO] [Email Cron] Email broadcast worker initialized (every 1 minute)
[2026-04-20T05:17:09.842Z] [INFO] Email broadcast worker: Every 1 minute
[2026-04-20T05:17:09.842Z] [INFO] [File Cleanup] Email attachment cleanup worker initialized (daily at 4:00 AM)
[2026-04-20T05:17:09.848Z] [INFO] Payment status sync job scheduled (daily at 1:00 AM)
[2026-04-20T05:17:09.850Z] [INFO] Reminder job scheduled (daily at 9:00 AM)
[2026-04-20T05:17:09.851Z] [INFO] Inventory expiry job scheduled (daily at 6:00 AM)
[2026-04-20T05:17:09.842Z] [INFO] Email file cleanup: Daily at 4:00 AM
[2026-04-20T05:17:09.853Z] [INFO] Scheduled broadcasts job initialized (every 5 minutes)
[2026-04-20T05:17:09.844Z] [INFO] Plan transition job scheduled (daily at 2:00 AM)
[2026-04-20T05:17:09.861Z] [INFO]   - Subscription lifecycle + emails: Every hour
[2026-04-20T05:17:09.861Z] [INFO] All cron jobs initialized:
[2026-04-20T05:17:09.861Z] [INFO]   - Payment status sync: Daily at 1:00 AM
[2026-04-20T05:17:09.861Z] [INFO]   - Session cleanup: Every hour
[2026-04-20T05:17:09.846Z] [INFO] Subscription lifecycle job scheduled (every hour)
[2026-04-20T05:17:09.862Z] [INFO]   - Incomplete users cleanup: Daily at 3:15 AM
[2026-04-20T05:17:09.861Z] [INFO]   - Plan transition: Daily at 2:00 AM
[2026-04-20T05:17:09.862Z] [INFO]   - Pending users cleanup: Daily at 3:00 AM
[2026-04-20T05:17:09.862Z] [INFO]   - Deletion logs cleanup: Daily at 3:30 AM
[2026-04-20T05:17:09.862Z] [INFO]   - Inventory expiry checks + alerts: Daily at 6:00 AM
[2026-04-20T05:17:09.862Z] [INFO]   - OTP daily limits cleanup: Daily at 3:45 AM
[2026-04-20T05:17:09.862Z] [INFO]   - Reminder emails (7d/3d/final): Daily at 9:00 AM
[2026-04-20T05:17:09.862Z] [INFO]   - Scheduled broadcasts: Every 5 minutes
[2026-04-20T05:17:11.611Z] [INFO] Initializing cron jobs...
[2026-04-20T05:17:11.611Z] [INFO] Instance ID: CHKTHN-LOQ-8024-7254349a
[2026-04-20T05:17:11.611Z] [INFO] Distributed locking: ENABLED
[2026-04-20T05:17:11.615Z] [INFO] [Email Cron] Email broadcast worker initialized (every 1 minute)
[2026-04-20T05:17:11.617Z] [INFO] [File Cleanup] Email attachment cleanup worker initialized (daily at 4:00 AM)
[2026-04-20T05:17:11.617Z] [INFO] Email broadcast worker: Every 1 minute
[2026-04-20T05:17:11.617Z] [INFO] Email file cleanup: Daily at 4:00 AM
[2026-04-20T05:17:11.619Z] [INFO] Plan transition job scheduled (daily at 2:00 AM)
[2026-04-20T05:17:11.621Z] [INFO] Subscription lifecycle job scheduled (every hour)
[2026-04-20T05:17:11.623Z] [INFO] Payment status sync job scheduled (daily at 1:00 AM)
[2026-04-20T05:17:11.625Z] [INFO] Reminder job scheduled (daily at 9:00 AM)
[2026-04-20T05:17:11.627Z] [INFO] Inventory expiry job scheduled (daily at 6:00 AM)
[2026-04-20T05:17:11.629Z] [INFO] Scheduled broadcasts job initialized (every 5 minutes)
[2026-04-20T05:17:11.635Z] [INFO]   - Session cleanup: Every hour
[2026-04-20T05:17:11.635Z] [INFO]   - Subscription lifecycle + emails: Every hour
[2026-04-20T05:17:11.635Z] [INFO]   - Plan transition: Daily at 2:00 AM
[2026-04-20T05:17:11.635Z] [INFO] All cron jobs initialized:
[2026-04-20T05:17:11.635Z] [INFO]   - Payment status sync: Daily at 1:00 AM
[2026-04-20T05:17:11.635Z] [INFO]   - Inventory expiry checks + alerts: Daily at 6:00 AM
[2026-04-20T05:17:11.636Z] [INFO]   - Reminder emails (7d/3d/final): Daily at 9:00 AM
[2026-04-20T05:17:11.636Z] [INFO]   - Pending users cleanup: Daily at 3:00 AM
[2026-04-20T05:17:11.636Z] [INFO]   - Incomplete users cleanup: Daily at 3:15 AM
[2026-04-20T05:17:11.636Z] [INFO]   - Scheduled broadcasts: Every 5 minutes
[2026-04-20T05:17:11.636Z] [INFO]   - Deletion logs cleanup: Daily at 3:30 AM
[2026-04-20T05:17:11.636Z] [INFO]   - OTP daily limits cleanup: Daily at 3:45 AM
[2026-04-20T05:17:32.690Z] [INFO] Initializing cron jobs...
[2026-04-20T05:17:32.690Z] [INFO] Instance ID: CHKTHN-LOQ-17532-446247a9
[2026-04-20T05:17:32.690Z] [INFO] Distributed locking: ENABLED
[2026-04-20T05:17:32.697Z] [INFO] Email broadcast worker: Every 1 minute
[2026-04-20T05:17:32.697Z] [INFO] Email file cleanup: Daily at 4:00 AM
[2026-04-20T05:17:32.699Z] [INFO] Plan transition job scheduled (daily at 2:00 AM)
[2026-04-20T05:17:32.695Z] [INFO] [Email Cron] Email broadcast worker initialized (every 1 minute)
[2026-04-20T05:17:32.697Z] [INFO] [File Cleanup] Email attachment cleanup worker initialized (daily at 4:00 AM)
[2026-04-20T05:17:32.701Z] [INFO] Subscription lifecycle job scheduled (every hour)
[2026-04-20T05:17:32.703Z] [INFO] Payment status sync job scheduled (daily at 1:00 AM)
[2026-04-20T05:17:32.706Z] [INFO] Reminder job scheduled (daily at 9:00 AM)
[2026-04-20T05:17:32.708Z] [INFO] Inventory expiry job scheduled (daily at 6:00 AM)
[2026-04-20T05:17:32.710Z] [INFO] Scheduled broadcasts job initialized (every 5 minutes)
[2026-04-20T05:17:32.717Z] [INFO] All cron jobs initialized:
[2026-04-20T05:17:32.717Z] [INFO]   - Subscription lifecycle + emails: Every hour
[2026-04-20T05:17:32.717Z] [INFO]   - Session cleanup: Every hour
[2026-04-20T05:17:32.717Z] [INFO]   - Payment status sync: Daily at 1:00 AM
[2026-04-20T05:17:32.717Z] [INFO]   - Reminder emails (7d/3d/final): Daily at 9:00 AM
[2026-04-20T05:17:32.717Z] [INFO]   - Pending users cleanup: Daily at 3:00 AM
[2026-04-20T05:17:32.717Z] [INFO]   - Inventory expiry checks + alerts: Daily at 6:00 AM
[2026-04-20T05:17:32.717Z] [INFO]   - Incomplete users cleanup: Daily at 3:15 AM
[2026-04-20T05:17:32.717Z] [INFO]   - Scheduled broadcasts: Every 5 minutes
[2026-04-20T05:17:32.717Z] [INFO]   - OTP daily limits cleanup: Daily at 3:45 AM
[2026-04-20T05:17:32.717Z] [INFO]   - Plan transition: Daily at 2:00 AM
[2026-04-20T05:17:32.717Z] [INFO]   - Deletion logs cleanup: Daily at 3:30 AM
[2026-04-20T05:17:33.780Z] [INFO] Initializing cron jobs...
[2026-04-20T05:17:33.780Z] [INFO] Distributed locking: ENABLED
[2026-04-20T05:17:33.785Z] [INFO] [Email Cron] Email broadcast worker initialized (every 1 minute)
[2026-04-20T05:17:33.780Z] [INFO] Instance ID: CHKTHN-LOQ-1920-9c1080ee
[2026-04-20T05:17:33.787Z] [INFO] Email broadcast worker: Every 1 minute
[2026-04-20T05:17:33.789Z] [INFO] Plan transition job scheduled (daily at 2:00 AM)
[2026-04-20T05:17:33.786Z] [INFO] [File Cleanup] Email attachment cleanup worker initialized (daily at 4:00 AM)
[2026-04-20T05:17:33.787Z] [INFO] Email file cleanup: Daily at 4:00 AM
[2026-04-20T05:17:33.792Z] [INFO] Payment status sync job scheduled (daily at 1:00 AM)
[2026-04-20T05:17:33.794Z] [INFO] Reminder job scheduled (daily at 9:00 AM)
[2026-04-20T05:17:33.795Z] [INFO] Inventory expiry job scheduled (daily at 6:00 AM)
[2026-04-20T05:17:33.797Z] [INFO] Scheduled broadcasts job initialized (every 5 minutes)
[2026-04-20T05:17:33.804Z] [INFO]   - Session cleanup: Every hour
[2026-04-20T05:17:33.790Z] [INFO] Subscription lifecycle job scheduled (every hour)
[2026-04-20T05:17:33.804Z] [INFO]   - Payment status sync: Daily at 1:00 AM
[2026-04-20T05:17:33.804Z] [INFO]   - Plan transition: Daily at 2:00 AM
[2026-04-20T05:17:33.804Z] [INFO]   - Subscription lifecycle + emails: Every hour
[2026-04-20T05:17:33.804Z] [INFO]   - Inventory expiry checks + alerts: Daily at 6:00 AM
[2026-04-20T05:17:33.804Z] [INFO]   - Incomplete users cleanup: Daily at 3:15 AM
[2026-04-20T05:17:33.804Z] [INFO]   - Pending users cleanup: Daily at 3:00 AM
[2026-04-20T05:17:33.804Z] [INFO]   - Reminder emails (7d/3d/final): Daily at 9:00 AM
[2026-04-20T05:17:33.804Z] [INFO] All cron jobs initialized:
[2026-04-20T05:17:33.804Z] [INFO]   - Scheduled broadcasts: Every 5 minutes
[2026-04-20T05:17:33.804Z] [INFO]   - OTP daily limits cleanup: Daily at 3:45 AM
[2026-04-20T05:17:33.804Z] [INFO]   - Deletion logs cleanup: Daily at 3:30 AM
[2026-04-20T05:17:39.102Z] [INFO] Initializing cron jobs...
[2026-04-20T05:17:39.102Z] [INFO] Instance ID: CHKTHN-LOQ-15808-7e82d4f4
[2026-04-20T05:17:39.102Z] [INFO] Distributed locking: ENABLED
[2026-04-20T05:17:39.106Z] [INFO] [Email Cron] Email broadcast worker initialized (every 1 minute)
[2026-04-20T05:17:39.109Z] [INFO] [File Cleanup] Email attachment cleanup worker initialized (daily at 4:00 AM)
[2026-04-20T05:17:39.110Z] [INFO] Email file cleanup: Daily at 4:00 AM
[2026-04-20T05:17:39.110Z] [INFO] Email broadcast worker: Every 1 minute
[2026-04-20T05:17:39.112Z] [INFO] Plan transition job scheduled (daily at 2:00 AM)
[2026-04-20T05:17:39.113Z] [INFO] Subscription lifecycle job scheduled (every hour)
[2026-04-20T05:17:39.115Z] [INFO] Payment status sync job scheduled (daily at 1:00 AM)
[2026-04-20T05:17:39.116Z] [INFO] Reminder job scheduled (daily at 9:00 AM)
[2026-04-20T05:17:39.118Z] [INFO] Inventory expiry job scheduled (daily at 6:00 AM)
[2026-04-20T05:17:39.120Z] [INFO] Scheduled broadcasts job initialized (every 5 minutes)
[2026-04-20T05:17:39.127Z] [INFO] All cron jobs initialized:
[2026-04-20T05:17:39.127Z] [INFO]   - Subscription lifecycle + emails: Every hour
[2026-04-20T05:17:39.127Z] [INFO]   - Payment status sync: Daily at 1:00 AM
[2026-04-20T05:17:39.127Z] [INFO]   - Plan transition: Daily at 2:00 AM
[2026-04-20T05:17:39.127Z] [INFO]   - Session cleanup: Every hour
[2026-04-20T05:17:39.127Z] [INFO]   - Inventory expiry checks + alerts: Daily at 6:00 AM
[2026-04-20T05:17:39.127Z] [INFO]   - Reminder emails (7d/3d/final): Daily at 9:00 AM
[2026-04-20T05:17:39.127Z] [INFO]   - Pending users cleanup: Daily at 3:00 AM
[2026-04-20T05:17:39.127Z] [INFO]   - Incomplete users cleanup: Daily at 3:15 AM
[2026-04-20T05:17:39.127Z] [INFO]   - Deletion logs cleanup: Daily at 3:30 AM
[2026-04-20T05:17:39.127Z] [INFO]   - Scheduled broadcasts: Every 5 minutes
[2026-04-20T05:17:39.127Z] [INFO]   - OTP daily limits cleanup: Daily at 3:45 AM
[2026-04-20T05:17:40.980Z] [INFO] Initializing cron jobs...
[2026-04-20T05:17:40.980Z] [INFO] Distributed locking: ENABLED
[2026-04-20T05:17:40.980Z] [INFO] Instance ID: CHKTHN-LOQ-12436-939c78ff
[2026-04-20T05:17:40.986Z] [INFO] [Email Cron] Email broadcast worker initialized (every 1 minute)
[2026-04-20T05:17:40.988Z] [INFO] [File Cleanup] Email attachment cleanup worker initialized (daily at 4:00 AM)
[2026-04-20T05:17:40.988Z] [INFO] Email broadcast worker: Every 1 minute
[2026-04-20T05:17:40.988Z] [INFO] Email file cleanup: Daily at 4:00 AM
[2026-04-20T05:17:40.990Z] [INFO] Plan transition job scheduled (daily at 2:00 AM)
[2026-04-20T05:17:40.992Z] [INFO] Subscription lifecycle job scheduled (every hour)
[2026-04-20T05:17:40.994Z] [INFO] Payment status sync job scheduled (daily at 1:00 AM)
[2026-04-20T05:17:40.996Z] [INFO] Reminder job scheduled (daily at 9:00 AM)
[2026-04-20T05:17:40.999Z] [INFO] Inventory expiry job scheduled (daily at 6:00 AM)
[2026-04-20T05:17:41.003Z] [INFO] Scheduled broadcasts job initialized (every 5 minutes)
[2026-04-20T05:17:41.016Z] [INFO]   - Plan transition: Daily at 2:00 AM
[2026-04-20T05:17:41.015Z] [INFO] All cron jobs initialized:
[2026-04-20T05:17:41.016Z] [INFO]   - Subscription lifecycle + emails: Every hour
[2026-04-20T05:17:41.016Z] [INFO]   - Inventory expiry checks + alerts: Daily at 6:00 AM
[2026-04-20T05:17:41.016Z] [INFO]   - Pending users cleanup: Daily at 3:00 AM
[2026-04-20T05:17:41.016Z] [INFO]   - Payment status sync: Daily at 1:00 AM
[2026-04-20T05:17:41.016Z] [INFO]   - Reminder emails (7d/3d/final): Daily at 9:00 AM
[2026-04-20T05:17:41.016Z] [INFO]   - Deletion logs cleanup: Daily at 3:30 AM
[2026-04-20T05:17:41.016Z] [INFO]   - OTP daily limits cleanup: Daily at 3:45 AM
[2026-04-20T05:17:41.016Z] [INFO]   - Scheduled broadcasts: Every 5 minutes
[2026-04-20T05:17:41.016Z] [INFO]   - Session cleanup: Every hour
[2026-04-20T05:17:41.016Z] [INFO]   - Incomplete users cleanup: Daily at 3:15 AM
[2026-04-20T05:17:44.950Z] [INFO] Instance ID: CHKTHN-LOQ-8124-f3f009eb
[2026-04-20T05:17:44.950Z] [INFO] Initializing cron jobs...
[2026-04-20T05:17:44.956Z] [INFO] [Email Cron] Email broadcast worker initialized (every 1 minute)
[2026-04-20T05:17:44.950Z] [INFO] Distributed locking: ENABLED
[2026-04-20T05:17:44.958Z] [INFO] [File Cleanup] Email attachment cleanup worker initialized (daily at 4:00 AM)
[2026-04-20T05:17:44.958Z] [INFO] Email broadcast worker: Every 1 minute
[2026-04-20T05:17:44.958Z] [INFO] Email file cleanup: Daily at 4:00 AM
[2026-04-20T05:17:44.960Z] [INFO] Plan transition job scheduled (daily at 2:00 AM)
[2026-04-20T05:17:44.961Z] [INFO] Subscription lifecycle job scheduled (every hour)
[2026-04-20T05:17:44.963Z] [INFO] Payment status sync job scheduled (daily at 1:00 AM)
[2026-04-20T05:17:44.964Z] [INFO] Reminder job scheduled (daily at 9:00 AM)
[2026-04-20T05:17:44.966Z] [INFO] Inventory expiry job scheduled (daily at 6:00 AM)
[2026-04-20T05:17:44.968Z] [INFO] Scheduled broadcasts job initialized (every 5 minutes)
[2026-04-20T05:17:44.975Z] [INFO] All cron jobs initialized:
[2026-04-20T05:17:44.975Z] [INFO]   - Session cleanup: Every hour
[2026-04-20T05:17:44.975Z] [INFO]   - Plan transition: Daily at 2:00 AM
[2026-04-20T05:17:44.975Z] [INFO]   - Subscription lifecycle + emails: Every hour
[2026-04-20T05:17:44.975Z] [INFO]   - Reminder emails (7d/3d/final): Daily at 9:00 AM
[2026-04-20T05:17:44.975Z] [INFO]   - Payment status sync: Daily at 1:00 AM
[2026-04-20T05:17:44.975Z] [INFO]   - Inventory expiry checks + alerts: Daily at 6:00 AM
[2026-04-20T05:17:44.975Z] [INFO]   - Incomplete users cleanup: Daily at 3:15 AM
[2026-04-20T05:17:44.975Z] [INFO]   - Scheduled broadcasts: Every 5 minutes
[2026-04-20T05:17:44.975Z] [INFO]   - Pending users cleanup: Daily at 3:00 AM
[2026-04-20T05:17:44.975Z] [INFO]   - OTP daily limits cleanup: Daily at 3:45 AM
[2026-04-20T05:17:44.975Z] [INFO]   - Deletion logs cleanup: Daily at 3:30 AM
[2026-04-20T05:18:06.981Z] [INFO] Initializing cron jobs...
[2026-04-20T05:18:06.981Z] [INFO] Instance ID: CHKTHN-LOQ-7132-592a2c5e
[2026-04-20T05:18:06.981Z] [INFO] Distributed locking: ENABLED
[2026-04-20T05:18:06.988Z] [INFO] Email file cleanup: Daily at 4:00 AM
[2026-04-20T05:18:06.986Z] [INFO] [Email Cron] Email broadcast worker initialized (every 1 minute)
[2026-04-20T05:18:06.988Z] [INFO] [File Cleanup] Email attachment cleanup worker initialized (daily at 4:00 AM)
[2026-04-20T05:18:06.988Z] [INFO] Email broadcast worker: Every 1 minute
[2026-04-20T05:18:06.991Z] [INFO] Subscription lifecycle job scheduled (every hour)
[2026-04-20T05:18:06.993Z] [INFO] Payment status sync job scheduled (daily at 1:00 AM)
[2026-04-20T05:18:06.996Z] [INFO] Inventory expiry job scheduled (daily at 6:00 AM)
[2026-04-20T05:18:06.995Z] [INFO] Reminder job scheduled (daily at 9:00 AM)
[2026-04-20T05:18:06.990Z] [INFO] Plan transition job scheduled (daily at 2:00 AM)
[2026-04-20T05:18:07.006Z] [INFO] All cron jobs initialized:
[2026-04-20T05:18:06.998Z] [INFO] Scheduled broadcasts job initialized (every 5 minutes)
[2026-04-20T05:18:07.006Z] [INFO]   - Session cleanup: Every hour
[2026-04-20T05:18:07.006Z] [INFO]   - Plan transition: Daily at 2:00 AM
[2026-04-20T05:18:07.006Z] [INFO]   - Inventory expiry checks + alerts: Daily at 6:00 AM
[2026-04-20T05:18:07.006Z] [INFO]   - Subscription lifecycle + emails: Every hour
[2026-04-20T05:18:07.006Z] [INFO]   - Payment status sync: Daily at 1:00 AM
[2026-04-20T05:18:07.006Z] [INFO]   - Reminder emails (7d/3d/final): Daily at 9:00 AM
[2026-04-20T05:18:07.006Z] [INFO]   - Pending users cleanup: Daily at 3:00 AM
[2026-04-20T05:18:07.006Z] [INFO]   - Incomplete users cleanup: Daily at 3:15 AM
[2026-04-20T05:18:07.006Z] [INFO]   - OTP daily limits cleanup: Daily at 3:45 AM
[2026-04-20T05:18:07.006Z] [INFO]   - Scheduled broadcasts: Every 5 minutes
[2026-04-20T05:18:07.006Z] [INFO]   - Deletion logs cleanup: Daily at 3:30 AM
[2026-04-20T05:18:14.808Z] [INFO] Initializing cron jobs...
[2026-04-20T05:18:14.808Z] [INFO] Distributed locking: ENABLED
[2026-04-20T05:18:14.808Z] [INFO] Instance ID: CHKTHN-LOQ-17532-fbee68ee
[2026-04-20T05:18:14.812Z] [INFO] [Email Cron] Email broadcast worker initialized (every 1 minute)
[2026-04-20T05:18:14.815Z] [INFO] Email broadcast worker: Every 1 minute
[2026-04-20T05:18:14.815Z] [INFO] [File Cleanup] Email attachment cleanup worker initialized (daily at 4:00 AM)
[2026-04-20T05:18:14.815Z] [INFO] Email file cleanup: Daily at 4:00 AM
[2026-04-20T05:18:14.817Z] [INFO] Plan transition job scheduled (daily at 2:00 AM)
[2026-04-20T05:18:14.820Z] [INFO] Subscription lifecycle job scheduled (every hour)
[2026-04-20T05:18:14.826Z] [INFO] Payment status sync job scheduled (daily at 1:00 AM)
[2026-04-20T05:18:14.829Z] [INFO] Reminder job scheduled (daily at 9:00 AM)
[2026-04-20T05:18:14.831Z] [INFO] Inventory expiry job scheduled (daily at 6:00 AM)
[2026-04-20T05:18:14.832Z] [INFO] Scheduled broadcasts job initialized (every 5 minutes)
[2026-04-20T05:18:14.839Z] [INFO] All cron jobs initialized:
[2026-04-20T05:18:14.839Z] [INFO]   - Session cleanup: Every hour
[2026-04-20T05:18:14.839Z] [INFO]   - Plan transition: Daily at 2:00 AM
[2026-04-20T05:18:14.839Z] [INFO]   - Subscription lifecycle + emails: Every hour
[2026-04-20T05:18:14.839Z] [INFO]   - Inventory expiry checks + alerts: Daily at 6:00 AM
[2026-04-20T05:18:14.839Z] [INFO]   - Payment status sync: Daily at 1:00 AM
[2026-04-20T05:18:14.839Z] [INFO]   - Incomplete users cleanup: Daily at 3:15 AM
[2026-04-20T05:18:14.839Z] [INFO]   - Scheduled broadcasts: Every 5 minutes
[2026-04-20T05:18:14.839Z] [INFO]   - Deletion logs cleanup: Daily at 3:30 AM
[2026-04-20T05:18:14.839Z] [INFO]   - Reminder emails (7d/3d/final): Daily at 9:00 AM
[2026-04-20T05:18:14.839Z] [INFO]   - OTP daily limits cleanup: Daily at 3:45 AM
[2026-04-20T05:18:14.839Z] [INFO]   - Pending users cleanup: Daily at 3:00 AM
[2026-04-20T05:18:21.724Z] [INFO] Instance ID: CHKTHN-LOQ-25272-5033c08a
[2026-04-20T05:18:21.724Z] [INFO] Distributed locking: ENABLED
[2026-04-20T05:18:21.724Z] [INFO] Initializing cron jobs...
[2026-04-20T05:18:21.729Z] [INFO] [Email Cron] Email broadcast worker initialized (every 1 minute)
[2026-04-20T05:18:21.730Z] [INFO] Email broadcast worker: Every 1 minute
[2026-04-20T05:18:21.730Z] [INFO] [File Cleanup] Email attachment cleanup worker initialized (daily at 4:00 AM)
[2026-04-20T05:18:21.731Z] [INFO] Email file cleanup: Daily at 4:00 AM
[2026-04-20T05:18:21.732Z] [INFO] Plan transition job scheduled (daily at 2:00 AM)
[2026-04-20T05:18:21.734Z] [INFO] Subscription lifecycle job scheduled (every hour)
[2026-04-20T05:18:21.737Z] [INFO] Payment status sync job scheduled (daily at 1:00 AM)
[2026-04-20T05:18:21.739Z] [INFO] Reminder job scheduled (daily at 9:00 AM)
[2026-04-20T05:18:21.740Z] [INFO] Inventory expiry job scheduled (daily at 6:00 AM)
[2026-04-20T05:18:21.742Z] [INFO] Scheduled broadcasts job initialized (every 5 minutes)
[2026-04-20T05:18:21.749Z] [INFO]   - Session cleanup: Every hour
[2026-04-20T05:18:21.749Z] [INFO] All cron jobs initialized:
[2026-04-20T05:18:21.749Z] [INFO]   - Subscription lifecycle + emails: Every hour
[2026-04-20T05:18:21.749Z] [INFO]   - Plan transition: Daily at 2:00 AM
[2026-04-20T05:18:21.749Z] [INFO]   - Payment status sync: Daily at 1:00 AM
[2026-04-20T05:18:21.749Z] [INFO]   - Inventory expiry checks + alerts: Daily at 6:00 AM
[2026-04-20T05:18:21.749Z] [INFO]   - Pending users cleanup: Daily at 3:00 AM
[2026-04-20T05:18:21.749Z] [INFO]   - Reminder emails (7d/3d/final): Daily at 9:00 AM
[2026-04-20T05:18:21.749Z] [INFO]   - Deletion logs cleanup: Daily at 3:30 AM
[2026-04-20T05:18:21.749Z] [INFO]   - Scheduled broadcasts: Every 5 minutes
[2026-04-20T05:18:21.749Z] [INFO]   - OTP daily limits cleanup: Daily at 3:45 AM
[2026-04-20T05:18:21.749Z] [INFO]   - Incomplete users cleanup: Daily at 3:15 AM
[2026-04-20T05:19:28.380Z] [INFO] Instance ID: CHKTHN-LOQ-25016-9a6a32d7
[2026-04-20T05:19:28.380Z] [INFO] Distributed locking: ENABLED
[2026-04-20T05:19:28.379Z] [INFO] Initializing cron jobs...
[2026-04-20T05:19:28.387Z] [INFO] [File Cleanup] Email attachment cleanup worker initialized (daily at 4:00 AM)
[2026-04-20T05:19:28.385Z] [INFO] [Email Cron] Email broadcast worker initialized (every 1 minute)
[2026-04-20T05:19:28.387Z] [INFO] Email file cleanup: Daily at 4:00 AM
[2026-04-20T05:19:28.389Z] [INFO] Plan transition job scheduled (daily at 2:00 AM)
[2026-04-20T05:19:28.394Z] [INFO] Payment status sync job scheduled (daily at 1:00 AM)
[2026-04-20T05:19:28.387Z] [INFO] Email broadcast worker: Every 1 minute
[2026-04-20T05:19:28.391Z] [INFO] Subscription lifecycle job scheduled (every hour)
[2026-04-20T05:19:28.396Z] [INFO] Reminder job scheduled (daily at 9:00 AM)
[2026-04-20T05:19:28.398Z] [INFO] Inventory expiry job scheduled (daily at 6:00 AM)
[2026-04-20T05:19:28.407Z] [INFO] All cron jobs initialized:
[2026-04-20T05:19:28.399Z] [INFO] Scheduled broadcasts job initialized (every 5 minutes)
[2026-04-20T05:19:28.407Z] [INFO]   - Plan transition: Daily at 2:00 AM
[2026-04-20T05:19:28.407Z] [INFO]   - Subscription lifecycle + emails: Every hour
[2026-04-20T05:19:28.407Z] [INFO]   - Payment status sync: Daily at 1:00 AM
[2026-04-20T05:19:28.407Z] [INFO]   - Inventory expiry checks + alerts: Daily at 6:00 AM
[2026-04-20T05:19:28.407Z] [INFO]   - Pending users cleanup: Daily at 3:00 AM
[2026-04-20T05:19:28.407Z] [INFO]   - Reminder emails (7d/3d/final): Daily at 9:00 AM
[2026-04-20T05:19:28.407Z] [INFO]   - Incomplete users cleanup: Daily at 3:15 AM
[2026-04-20T05:19:28.407Z] [INFO]   - Session cleanup: Every hour
[2026-04-20T05:19:28.407Z] [INFO]   - OTP daily limits cleanup: Daily at 3:45 AM
[2026-04-20T05:19:28.407Z] [INFO]   - Scheduled broadcasts: Every 5 minutes
[2026-04-20T05:19:28.407Z] [INFO]   - Deletion logs cleanup: Daily at 3:30 AM
[2026-04-20T05:19:31.863Z] [INFO] Initializing cron jobs...
[2026-04-20T05:19:31.863Z] [INFO] Instance ID: CHKTHN-LOQ-25480-96b168b0
[2026-04-20T05:19:31.871Z] [INFO] [File Cleanup] Email attachment cleanup worker initialized (daily at 4:00 AM)
[2026-04-20T05:19:31.868Z] [INFO] [Email Cron] Email broadcast worker initialized (every 1 minute)
[2026-04-20T05:19:31.863Z] [INFO] Distributed locking: ENABLED
[2026-04-20T05:19:31.871Z] [INFO] Email file cleanup: Daily at 4:00 AM
[2026-04-20T05:19:31.871Z] [INFO] Email broadcast worker: Every 1 minute
[2026-04-20T05:19:31.874Z] [INFO] Plan transition job scheduled (daily at 2:00 AM)
[2026-04-20T05:19:31.877Z] [INFO] Subscription lifecycle job scheduled (every hour)
[2026-04-20T05:19:31.879Z] [INFO] Payment status sync job scheduled (daily at 1:00 AM)
[2026-04-20T05:19:31.880Z] [INFO] Reminder job scheduled (daily at 9:00 AM)
[2026-04-20T05:19:31.882Z] [INFO] Inventory expiry job scheduled (daily at 6:00 AM)
[2026-04-20T05:19:31.885Z] [INFO] Scheduled broadcasts job initialized (every 5 minutes)
[2026-04-20T05:19:31.891Z] [INFO] All cron jobs initialized:
[2026-04-20T05:19:31.891Z] [INFO]   - Plan transition: Daily at 2:00 AM
[2026-04-20T05:19:31.891Z] [INFO]   - Session cleanup: Every hour
[2026-04-20T05:19:31.891Z] [INFO]   - Subscription lifecycle + emails: Every hour
[2026-04-20T05:19:31.891Z] [INFO]   - Payment status sync: Daily at 1:00 AM
[2026-04-20T05:19:31.891Z] [INFO]   - Inventory expiry checks + alerts: Daily at 6:00 AM
[2026-04-20T05:19:31.891Z] [INFO]   - Pending users cleanup: Daily at 3:00 AM
[2026-04-20T05:19:31.891Z] [INFO]   - Scheduled broadcasts: Every 5 minutes
[2026-04-20T05:19:31.891Z] [INFO]   - Reminder emails (7d/3d/final): Daily at 9:00 AM
[2026-04-20T05:19:31.891Z] [INFO]   - Incomplete users cleanup: Daily at 3:15 AM
[2026-04-20T05:19:31.891Z] [INFO]   - Deletion logs cleanup: Daily at 3:30 AM
[2026-04-20T05:19:31.891Z] [INFO]   - OTP daily limits cleanup: Daily at 3:45 AM
[2026-04-20T05:20:00.083Z] [INFO] Checking for scheduled broadcasts...
[2026-04-20T05:20:00.089Z] [INFO] No scheduled broadcasts due for sending
[2026-04-20T05:25:00.040Z] [INFO] Checking for scheduled broadcasts...
[2026-04-20T05:25:00.045Z] [INFO] No scheduled broadcasts due for sending
[2026-04-20T05:30:00.047Z] [INFO] Starting subscription lifecycle check...
[2026-04-20T05:30:00.057Z] [INFO] Subscription lifecycle complete | Grace: 0 | Suspended: 0
[2026-04-20T05:30:00.087Z] [INFO] Checking for scheduled broadcasts...
[2026-04-20T05:30:00.091Z] [INFO] No scheduled broadcasts due for sending
[2026-04-20T05:35:00.050Z] [INFO] Checking for scheduled broadcasts...
[2026-04-20T05:35:00.056Z] [INFO] No scheduled broadcasts due for sending
[2026-04-20T05:40:00.043Z] [INFO] Checking for scheduled broadcasts...
[2026-04-20T05:40:00.049Z] [INFO] No scheduled broadcasts due for sending
[2026-04-20T05:45:00.060Z] [INFO] Checking for scheduled broadcasts...
[2026-04-20T05:45:00.067Z] [INFO] No scheduled broadcasts due for sending
[2026-04-20T05:50:00.029Z] [INFO] Checking for scheduled broadcasts...
[2026-04-20T05:50:00.039Z] [INFO] No scheduled broadcasts due for sending
[2026-04-20T05:50:18.684Z] [INFO] Initializing cron jobs...
[2026-04-20T05:50:18.684Z] [INFO] Distributed locking: ENABLED
[2026-04-20T05:50:18.684Z] [INFO] Instance ID: CHKTHN-LOQ-25388-a31edc32
[2026-04-20T05:50:18.691Z] [INFO] [File Cleanup] Email attachment cleanup worker initialized (daily at 4:00 AM)
[2026-04-20T05:50:18.695Z] [INFO] Plan transition job scheduled (daily at 2:00 AM)
[2026-04-20T05:50:18.697Z] [INFO] Subscription lifecycle job scheduled (every hour)
[2026-04-20T05:50:18.689Z] [INFO] [Email Cron] Email broadcast worker initialized (every 1 minute)
[2026-04-20T05:50:18.692Z] [INFO] Email file cleanup: Daily at 4:00 AM
[2026-04-20T05:50:18.699Z] [INFO] Payment status sync job scheduled (daily at 1:00 AM)
[2026-04-20T05:50:18.701Z] [INFO] Reminder job scheduled (daily at 9:00 AM)
[2026-04-20T05:50:18.703Z] [INFO] Inventory expiry job scheduled (daily at 6:00 AM)
[2026-04-20T05:50:18.692Z] [INFO] Email broadcast worker: Every 1 minute
[2026-04-20T05:50:18.705Z] [INFO] Scheduled broadcasts job initialized (every 5 minutes)
[2026-04-20T05:50:18.714Z] [INFO]   - Plan transition: Daily at 2:00 AM
[2026-04-20T05:50:18.714Z] [INFO] All cron jobs initialized:
[2026-04-20T05:50:18.714Z] [INFO]   - Session cleanup: Every hour
[2026-04-20T05:50:18.714Z] [INFO]   - Payment status sync: Daily at 1:00 AM
[2026-04-20T05:50:18.714Z] [INFO]   - Subscription lifecycle + emails: Every hour
[2026-04-20T05:50:18.714Z] [INFO]   - Inventory expiry checks + alerts: Daily at 6:00 AM
[2026-04-20T05:50:18.714Z] [INFO]   - Pending users cleanup: Daily at 3:00 AM
[2026-04-20T05:50:18.714Z] [INFO]   - Reminder emails (7d/3d/final): Daily at 9:00 AM
[2026-04-20T05:50:18.714Z] [INFO]   - Incomplete users cleanup: Daily at 3:15 AM
[2026-04-20T05:50:18.714Z] [INFO]   - Deletion logs cleanup: Daily at 3:30 AM
[2026-04-20T05:50:18.714Z] [INFO]   - Scheduled broadcasts: Every 5 minutes
[2026-04-20T05:50:18.714Z] [INFO]   - OTP daily limits cleanup: Daily at 3:45 AM
[2026-04-20T05:52:03.816Z] [INFO] Initializing cron jobs...
[2026-04-20T05:52:03.824Z] [INFO] [File Cleanup] Email attachment cleanup worker initialized (daily at 4:00 AM)
[2026-04-20T05:52:03.816Z] [INFO] Instance ID: CHKTHN-LOQ-24420-98c3b6a5
[2026-04-20T05:52:03.820Z] [INFO] [Email Cron] Email broadcast worker initialized (every 1 minute)
[2026-04-20T05:52:03.816Z] [INFO] Distributed locking: ENABLED
[2026-04-20T05:52:03.824Z] [INFO] Email file cleanup: Daily at 4:00 AM
[2026-04-20T05:52:03.826Z] [INFO] Plan transition job scheduled (daily at 2:00 AM)
[2026-04-20T05:52:03.827Z] [INFO] Subscription lifecycle job scheduled (every hour)
[2026-04-20T05:52:03.824Z] [INFO] Email broadcast worker: Every 1 minute
[2026-04-20T05:52:03.829Z] [INFO] Payment status sync job scheduled (daily at 1:00 AM)
[2026-04-20T05:52:03.831Z] [INFO] Reminder job scheduled (daily at 9:00 AM)
[2026-04-20T05:52:03.833Z] [INFO] Inventory expiry job scheduled (daily at 6:00 AM)
[2026-04-20T05:52:03.834Z] [INFO] Scheduled broadcasts job initialized (every 5 minutes)
[2026-04-20T05:52:03.842Z] [INFO] All cron jobs initialized:
[2026-04-20T05:52:03.843Z] [INFO]   - Session cleanup: Every hour
[2026-04-20T05:52:03.843Z] [INFO]   - Plan transition: Daily at 2:00 AM
[2026-04-20T05:52:03.843Z] [INFO]   - Payment status sync: Daily at 1:00 AM
[2026-04-20T05:52:03.843Z] [INFO]   - Subscription lifecycle + emails: Every hour
[2026-04-20T05:52:03.843Z] [INFO]   - Pending users cleanup: Daily at 3:00 AM
[2026-04-20T05:52:03.843Z] [INFO]   - Inventory expiry checks + alerts: Daily at 6:00 AM
[2026-04-20T05:52:03.843Z] [INFO]   - Reminder emails (7d/3d/final): Daily at 9:00 AM
[2026-04-20T05:52:03.843Z] [INFO]   - Incomplete users cleanup: Daily at 3:15 AM
[2026-04-20T05:52:03.843Z] [INFO]   - Deletion logs cleanup: Daily at 3:30 AM
[2026-04-20T05:52:03.843Z] [INFO]   - Scheduled broadcasts: Every 5 minutes
[2026-04-20T05:52:03.843Z] [INFO]   - OTP daily limits cleanup: Daily at 3:45 AM
[2026-04-20T05:52:29.534Z] [INFO] Instance ID: CHKTHN-LOQ-2184-0de8eadf
[2026-04-20T05:52:29.533Z] [INFO] Initializing cron jobs...
[2026-04-20T05:52:29.534Z] [INFO] Distributed locking: ENABLED
[2026-04-20T05:52:29.540Z] [INFO] [File Cleanup] Email attachment cleanup worker initialized (daily at 4:00 AM)
[2026-04-20T05:52:29.542Z] [INFO] Plan transition job scheduled (daily at 2:00 AM)
[2026-04-20T05:52:29.538Z] [INFO] [Email Cron] Email broadcast worker initialized (every 1 minute)
[2026-04-20T05:52:29.544Z] [INFO] Subscription lifecycle job scheduled (every hour)
[2026-04-20T05:52:29.545Z] [INFO] Payment status sync job scheduled (daily at 1:00 AM)
[2026-04-20T05:52:29.540Z] [INFO] Email file cleanup: Daily at 4:00 AM
[2026-04-20T05:52:29.540Z] [INFO] Email broadcast worker: Every 1 minute
[2026-04-20T05:52:29.550Z] [INFO] Scheduled broadcasts job initialized (every 5 minutes)
[2026-04-20T05:52:29.547Z] [INFO] Reminder job scheduled (daily at 9:00 AM)
[2026-04-20T05:52:29.549Z] [INFO] Inventory expiry job scheduled (daily at 6:00 AM)
[2026-04-20T05:52:29.557Z] [INFO]   - Plan transition: Daily at 2:00 AM
[2026-04-20T05:52:29.557Z] [INFO]   - Session cleanup: Every hour
[2026-04-20T05:52:29.557Z] [INFO] All cron jobs initialized:
[2026-04-20T05:52:29.557Z] [INFO]   - Payment status sync: Daily at 1:00 AM
[2026-04-20T05:52:29.557Z] [INFO]   - Reminder emails (7d/3d/final): Daily at 9:00 AM
[2026-04-20T05:52:29.557Z] [INFO]   - Inventory expiry checks + alerts: Daily at 6:00 AM
[2026-04-20T05:52:29.557Z] [INFO]   - Subscription lifecycle + emails: Every hour
[2026-04-20T05:52:29.557Z] [INFO]   - Pending users cleanup: Daily at 3:00 AM
[2026-04-20T05:52:29.557Z] [INFO]   - Incomplete users cleanup: Daily at 3:15 AM
[2026-04-20T05:52:29.557Z] [INFO]   - Deletion logs cleanup: Daily at 3:30 AM
[2026-04-20T05:52:29.557Z] [INFO]   - OTP daily limits cleanup: Daily at 3:45 AM
[2026-04-20T05:52:29.557Z] [INFO]   - Scheduled broadcasts: Every 5 minutes
[2026-04-20T05:55:00.028Z] [INFO] Checking for scheduled broadcasts...
[2026-04-20T05:55:00.034Z] [INFO] No scheduled broadcasts due for sending
[2026-04-20T05:57:20.113Z] [INFO] Instance ID: CHKTHN-LOQ-19764-e5dfc8ca
[2026-04-20T05:57:20.117Z] [INFO] [Email Cron] Email broadcast worker initialized (every 1 minute)
[2026-04-20T05:57:20.113Z] [INFO] Distributed locking: ENABLED
[2026-04-20T05:57:20.119Z] [INFO] [File Cleanup] Email attachment cleanup worker initialized (daily at 4:00 AM)
[2026-04-20T05:57:20.112Z] [INFO] Initializing cron jobs...
[2026-04-20T05:57:20.119Z] [INFO] Email file cleanup: Daily at 4:00 AM
[2026-04-20T05:57:20.119Z] [INFO] Email broadcast worker: Every 1 minute
[2026-04-20T05:57:20.121Z] [INFO] Plan transition job scheduled (daily at 2:00 AM)
[2026-04-20T05:57:20.123Z] [INFO] Subscription lifecycle job scheduled (every hour)
[2026-04-20T05:57:20.127Z] [INFO] Reminder job scheduled (daily at 9:00 AM)
[2026-04-20T05:57:20.125Z] [INFO] Payment status sync job scheduled (daily at 1:00 AM)
[2026-04-20T05:57:20.129Z] [INFO] Inventory expiry job scheduled (daily at 6:00 AM)
[2026-04-20T05:57:20.130Z] [INFO] Scheduled broadcasts job initialized (every 5 minutes)
[2026-04-20T05:57:20.141Z] [INFO] All cron jobs initialized:
[2026-04-20T05:57:20.141Z] [INFO]   - Subscription lifecycle + emails: Every hour
[2026-04-20T05:57:20.141Z] [INFO]   - Plan transition: Daily at 2:00 AM
[2026-04-20T05:57:20.141Z] [INFO]   - Payment status sync: Daily at 1:00 AM
[2026-04-20T05:57:20.141Z] [INFO]   - Inventory expiry checks + alerts: Daily at 6:00 AM
[2026-04-20T05:57:20.141Z] [INFO]   - Session cleanup: Every hour
[2026-04-20T05:57:20.141Z] [INFO]   - Reminder emails (7d/3d/final): Daily at 9:00 AM
[2026-04-20T05:57:20.141Z] [INFO]   - Pending users cleanup: Daily at 3:00 AM
[2026-04-20T05:57:20.141Z] [INFO]   - Incomplete users cleanup: Daily at 3:15 AM
[2026-04-20T05:57:20.141Z] [INFO]   - Deletion logs cleanup: Daily at 3:30 AM
[2026-04-20T05:57:20.141Z] [INFO]   - Scheduled broadcasts: Every 5 minutes
[2026-04-20T05:57:20.141Z] [INFO]   - OTP daily limits cleanup: Daily at 3:45 AM
[2026-04-20T06:00:00.027Z] [INFO] Checking for scheduled broadcasts...
[2026-04-20T06:00:00.085Z] [INFO] No scheduled broadcasts due for sending
[2026-04-20T06:05:00.565Z] [INFO] Initializing cron jobs...
[2026-04-20T06:05:00.565Z] [INFO] Distributed locking: ENABLED
[2026-04-20T06:05:00.572Z] [INFO] [Email Cron] Email broadcast worker initialized (every 1 minute)
[2026-04-20T06:05:00.576Z] [INFO] [File Cleanup] Email attachment cleanup worker initialized (daily at 4:00 AM)
[2026-04-20T06:05:00.576Z] [INFO] Email broadcast worker: Every 1 minute
[2026-04-20T06:05:00.580Z] [INFO] Plan transition job scheduled (daily at 2:00 AM)
[2026-04-20T06:05:00.582Z] [INFO] Subscription lifecycle job scheduled (every hour)
[2026-04-20T06:05:00.576Z] [INFO] Email file cleanup: Daily at 4:00 AM
[2026-04-20T06:05:00.565Z] [INFO] Instance ID: CHKTHN-LOQ-25552-d9146ad2
[2026-04-20T06:05:00.586Z] [INFO] Payment status sync job scheduled (daily at 1:00 AM)
[2026-04-20T06:05:00.587Z] [INFO] Reminder job scheduled (daily at 9:00 AM)
[2026-04-20T06:05:00.592Z] [INFO] Inventory expiry job scheduled (daily at 6:00 AM)
[2026-04-20T06:05:00.594Z] [INFO] Scheduled broadcasts job initialized (every 5 minutes)
[2026-04-20T06:05:00.605Z] [INFO]   - Plan transition: Daily at 2:00 AM
[2026-04-20T06:05:00.605Z] [INFO] All cron jobs initialized:
[2026-04-20T06:05:00.605Z] [INFO]   - Session cleanup: Every hour
[2026-04-20T06:05:00.605Z] [INFO]   - Subscription lifecycle + emails: Every hour
[2026-04-20T06:05:00.605Z] [INFO]   - Payment status sync: Daily at 1:00 AM
[2026-04-20T06:05:00.605Z] [INFO]   - Incomplete users cleanup: Daily at 3:15 AM
[2026-04-20T06:05:00.605Z] [INFO]   - Pending users cleanup: Daily at 3:00 AM
[2026-04-20T06:05:00.605Z] [INFO]   - Reminder emails (7d/3d/final): Daily at 9:00 AM
[2026-04-20T06:05:00.605Z] [INFO]   - Inventory expiry checks + alerts: Daily at 6:00 AM
[2026-04-20T06:05:00.605Z] [INFO]   - Scheduled broadcasts: Every 5 minutes
[2026-04-20T06:05:00.605Z] [INFO]   - OTP daily limits cleanup: Daily at 3:45 AM
[2026-04-20T06:05:00.605Z] [INFO]   - Deletion logs cleanup: Daily at 3:30 AM
[2026-04-20T06:05:14.978Z] [INFO] Initializing cron jobs...
[2026-04-20T06:05:14.978Z] [INFO] Distributed locking: ENABLED
[2026-04-20T06:05:14.978Z] [INFO] Instance ID: CHKTHN-LOQ-5568-f55d745e
[2026-04-20T06:05:14.987Z] [INFO] [File Cleanup] Email attachment cleanup worker initialized (daily at 4:00 AM)
[2026-04-20T06:05:14.987Z] [INFO] Email file cleanup: Daily at 4:00 AM
[2026-04-20T06:05:14.990Z] [INFO] Plan transition job scheduled (daily at 2:00 AM)
[2026-04-20T06:05:14.993Z] [INFO] Subscription lifecycle job scheduled (every hour)
[2026-04-20T06:05:14.987Z] [INFO] Email broadcast worker: Every 1 minute
[2026-04-20T06:05:14.983Z] [INFO] [Email Cron] Email broadcast worker initialized (every 1 minute)
[2026-04-20T06:05:14.995Z] [INFO] Payment status sync job scheduled (daily at 1:00 AM)
[2026-04-20T06:05:14.997Z] [INFO] Reminder job scheduled (daily at 9:00 AM)
[2026-04-20T06:05:15.000Z] [INFO] Inventory expiry job scheduled (daily at 6:00 AM)
[2026-04-20T06:05:15.002Z] [INFO] Scheduled broadcasts job initialized (every 5 minutes)
[2026-04-20T06:05:15.011Z] [INFO] All cron jobs initialized:
[2026-04-20T06:05:15.011Z] [INFO]   - Plan transition: Daily at 2:00 AM
[2026-04-20T06:05:15.011Z] [INFO]   - Inventory expiry checks + alerts: Daily at 6:00 AM
[2026-04-20T06:05:15.011Z] [INFO]   - Subscription lifecycle + emails: Every hour
[2026-04-20T06:05:15.011Z] [INFO]   - Payment status sync: Daily at 1:00 AM
[2026-04-20T06:05:15.011Z] [INFO]   - Session cleanup: Every hour
[2026-04-20T06:05:15.011Z] [INFO]   - Pending users cleanup: Daily at 3:00 AM
[2026-04-20T06:05:15.011Z] [INFO]   - Reminder emails (7d/3d/final): Daily at 9:00 AM
[2026-04-20T06:05:15.012Z] [INFO]   - Incomplete users cleanup: Daily at 3:15 AM
[2026-04-20T06:05:15.012Z] [INFO]   - Deletion logs cleanup: Daily at 3:30 AM
[2026-04-20T06:05:15.012Z] [INFO]   - OTP daily limits cleanup: Daily at 3:45 AM
[2026-04-20T06:05:15.012Z] [INFO]   - Scheduled broadcasts: Every 5 minutes
[2026-04-20T06:05:28.339Z] [INFO] Initializing cron jobs...
[2026-04-20T06:05:28.340Z] [INFO] Instance ID: CHKTHN-LOQ-8852-0da89742
[2026-04-20T06:05:28.340Z] [INFO] Distributed locking: ENABLED
[2026-04-20T06:05:28.346Z] [INFO] [Email Cron] Email broadcast worker initialized (every 1 minute)
[2026-04-20T06:05:28.350Z] [INFO] Email broadcast worker: Every 1 minute
[2026-04-20T06:05:28.349Z] [INFO] [File Cleanup] Email attachment cleanup worker initialized (daily at 4:00 AM)
[2026-04-20T06:05:28.350Z] [INFO] Email file cleanup: Daily at 4:00 AM
[2026-04-20T06:05:28.353Z] [INFO] Plan transition job scheduled (daily at 2:00 AM)
[2026-04-20T06:05:28.355Z] [INFO] Subscription lifecycle job scheduled (every hour)
[2026-04-20T06:05:28.359Z] [INFO] Payment status sync job scheduled (daily at 1:00 AM)
[2026-04-20T06:05:28.361Z] [INFO] Reminder job scheduled (daily at 9:00 AM)
[2026-04-20T06:05:28.364Z] [INFO] Inventory expiry job scheduled (daily at 6:00 AM)
[2026-04-20T06:05:28.378Z] [INFO] All cron jobs initialized:
[2026-04-20T06:05:28.366Z] [INFO] Scheduled broadcasts job initialized (every 5 minutes)
[2026-04-20T06:05:28.379Z] [INFO]   - Session cleanup: Every hour
[2026-04-20T06:05:28.379Z] [INFO]   - Subscription lifecycle + emails: Every hour
[2026-04-20T06:05:28.379Z] [INFO]   - Pending users cleanup: Daily at 3:00 AM
[2026-04-20T06:05:28.379Z] [INFO]   - Reminder emails (7d/3d/final): Daily at 9:00 AM
[2026-04-20T06:05:28.379Z] [INFO]   - Inventory expiry checks + alerts: Daily at 6:00 AM
[2026-04-20T06:05:28.379Z] [INFO]   - Payment status sync: Daily at 1:00 AM
[2026-04-20T06:05:28.379Z] [INFO]   - Scheduled broadcasts: Every 5 minutes
[2026-04-20T06:05:28.379Z] [INFO]   - Deletion logs cleanup: Daily at 3:30 AM
[2026-04-20T06:05:28.379Z] [INFO]   - OTP daily limits cleanup: Daily at 3:45 AM
[2026-04-20T06:05:28.379Z] [INFO]   - Incomplete users cleanup: Daily at 3:15 AM
[2026-04-20T06:05:28.379Z] [INFO]   - Plan transition: Daily at 2:00 AM
[2026-04-20T06:05:36.946Z] [INFO] Initializing cron jobs...
[2026-04-20T06:05:36.946Z] [INFO] Distributed locking: ENABLED
[2026-04-20T06:05:36.953Z] [INFO] [Email Cron] Email broadcast worker initialized (every 1 minute)
[2026-04-20T06:05:36.946Z] [INFO] Instance ID: CHKTHN-LOQ-17980-30b2c920
[2026-04-20T06:05:36.956Z] [INFO] [File Cleanup] Email attachment cleanup worker initialized (daily at 4:00 AM)
[2026-04-20T06:05:36.959Z] [INFO] Plan transition job scheduled (daily at 2:00 AM)
[2026-04-20T06:05:36.963Z] [INFO] Subscription lifecycle job scheduled (every hour)
[2026-04-20T06:05:36.966Z] [INFO] Payment status sync job scheduled (daily at 1:00 AM)
[2026-04-20T06:05:36.956Z] [INFO] Email file cleanup: Daily at 4:00 AM
[2026-04-20T06:05:36.969Z] [INFO] Reminder job scheduled (daily at 9:00 AM)
[2026-04-20T06:05:36.971Z] [INFO] Inventory expiry job scheduled (daily at 6:00 AM)
[2026-04-20T06:05:36.956Z] [INFO] Email broadcast worker: Every 1 minute
[2026-04-20T06:05:36.987Z] [INFO]   - Subscription lifecycle + emails: Every hour
[2026-04-20T06:05:36.975Z] [INFO] Scheduled broadcasts job initialized (every 5 minutes)
[2026-04-20T06:05:36.987Z] [INFO]   - Session cleanup: Every hour
[2026-04-20T06:05:36.987Z] [INFO]   - Plan transition: Daily at 2:00 AM
[2026-04-20T06:05:36.987Z] [INFO] All cron jobs initialized:
[2026-04-20T06:05:36.987Z] [INFO]   - Payment status sync: Daily at 1:00 AM
[2026-04-20T06:05:36.988Z] [INFO]   - Reminder emails (7d/3d/final): Daily at 9:00 AM
[2026-04-20T06:05:36.988Z] [INFO]   - Inventory expiry checks + alerts: Daily at 6:00 AM
[2026-04-20T06:05:36.988Z] [INFO]   - Pending users cleanup: Daily at 3:00 AM
[2026-04-20T06:05:36.988Z] [INFO]   - Incomplete users cleanup: Daily at 3:15 AM
[2026-04-20T06:05:36.988Z] [INFO]   - Deletion logs cleanup: Daily at 3:30 AM
[2026-04-20T06:05:36.988Z] [INFO]   - OTP daily limits cleanup: Daily at 3:45 AM
[2026-04-20T06:05:36.988Z] [INFO]   - Scheduled broadcasts: Every 5 minutes
[2026-04-20T06:05:43.147Z] [INFO] Distributed locking: ENABLED
[2026-04-20T06:05:43.147Z] [INFO] Initializing cron jobs...
[2026-04-20T06:05:43.147Z] [INFO] Instance ID: CHKTHN-LOQ-10152-38416300
[2026-04-20T06:05:43.153Z] [INFO] [Email Cron] Email broadcast worker initialized (every 1 minute)
[2026-04-20T06:05:43.155Z] [INFO] [File Cleanup] Email attachment cleanup worker initialized (daily at 4:00 AM)
[2026-04-20T06:05:43.155Z] [INFO] Email broadcast worker: Every 1 minute
[2026-04-20T06:05:43.162Z] [INFO] Plan transition job scheduled (daily at 2:00 AM)
[2026-04-20T06:05:43.155Z] [INFO] Email file cleanup: Daily at 4:00 AM
[2026-04-20T06:05:43.164Z] [INFO] Subscription lifecycle job scheduled (every hour)
[2026-04-20T06:05:43.168Z] [INFO] Payment status sync job scheduled (daily at 1:00 AM)
[2026-04-20T06:05:43.172Z] [INFO] Reminder job scheduled (daily at 9:00 AM)
[2026-04-20T06:05:43.177Z] [INFO] Inventory expiry job scheduled (daily at 6:00 AM)
[2026-04-20T06:05:43.178Z] [INFO] Scheduled broadcasts job initialized (every 5 minutes)
[2026-04-20T06:05:43.188Z] [INFO]   - Plan transition: Daily at 2:00 AM
[2026-04-20T06:05:43.188Z] [INFO] All cron jobs initialized:
[2026-04-20T06:05:43.188Z] [INFO]   - Session cleanup: Every hour
[2026-04-20T06:05:43.188Z] [INFO]   - Subscription lifecycle + emails: Every hour
[2026-04-20T06:05:43.188Z] [INFO]   - Payment status sync: Daily at 1:00 AM
[2026-04-20T06:05:43.188Z] [INFO]   - Inventory expiry checks + alerts: Daily at 6:00 AM
[2026-04-20T06:05:43.188Z] [INFO]   - Reminder emails (7d/3d/final): Daily at 9:00 AM
[2026-04-20T06:05:43.188Z] [INFO]   - Pending users cleanup: Daily at 3:00 AM
[2026-04-20T06:05:43.188Z] [INFO]   - Incomplete users cleanup: Daily at 3:15 AM
[2026-04-20T06:05:43.188Z] [INFO]   - Deletion logs cleanup: Daily at 3:30 AM
[2026-04-20T06:05:43.188Z] [INFO]   - Scheduled broadcasts: Every 5 minutes
[2026-04-20T06:05:43.188Z] [INFO]   - OTP daily limits cleanup: Daily at 3:45 AM
[2026-04-20T06:05:54.755Z] [INFO] Initializing cron jobs...
[2026-04-20T06:05:54.756Z] [INFO] Distributed locking: ENABLED
[2026-04-20T06:05:54.756Z] [INFO] Instance ID: CHKTHN-LOQ-1920-6147d323
[2026-04-20T06:05:54.760Z] [INFO] [Email Cron] Email broadcast worker initialized (every 1 minute)
[2026-04-20T06:05:54.763Z] [INFO] [File Cleanup] Email attachment cleanup worker initialized (daily at 4:00 AM)
[2026-04-20T06:05:54.763Z] [INFO] Email broadcast worker: Every 1 minute
[2026-04-20T06:05:54.763Z] [INFO] Email file cleanup: Daily at 4:00 AM
[2026-04-20T06:05:54.767Z] [INFO] Subscription lifecycle job scheduled (every hour)
[2026-04-20T06:05:54.766Z] [INFO] Plan transition job scheduled (daily at 2:00 AM)
[2026-04-20T06:05:54.769Z] [INFO] Payment status sync job scheduled (daily at 1:00 AM)
[2026-04-20T06:05:54.773Z] [INFO] Inventory expiry job scheduled (daily at 6:00 AM)
[2026-04-20T06:05:54.772Z] [INFO] Reminder job scheduled (daily at 9:00 AM)
[2026-04-20T06:05:54.775Z] [INFO] Scheduled broadcasts job initialized (every 5 minutes)
[2026-04-20T06:05:54.787Z] [INFO]   - Plan transition: Daily at 2:00 AM
[2026-04-20T06:05:54.787Z] [INFO] All cron jobs initialized:
[2026-04-20T06:05:54.787Z] [INFO]   - Session cleanup: Every hour
[2026-04-20T06:05:54.787Z] [INFO]   - Payment status sync: Daily at 1:00 AM
[2026-04-20T06:05:54.787Z] [INFO]   - Inventory expiry checks + alerts: Daily at 6:00 AM
[2026-04-20T06:05:54.787Z] [INFO]   - Deletion logs cleanup: Daily at 3:30 AM
[2026-04-20T06:05:54.787Z] [INFO]   - Pending users cleanup: Daily at 3:00 AM
[2026-04-20T06:05:54.787Z] [INFO]   - Reminder emails (7d/3d/final): Daily at 9:00 AM
[2026-04-20T06:05:54.787Z] [INFO]   - Subscription lifecycle + emails: Every hour
[2026-04-20T06:05:54.787Z] [INFO]   - Incomplete users cleanup: Daily at 3:15 AM
[2026-04-20T06:05:54.787Z] [INFO]   - OTP daily limits cleanup: Daily at 3:45 AM
[2026-04-20T06:05:54.787Z] [INFO]   - Scheduled broadcasts: Every 5 minutes
[2026-04-20T06:10:00.031Z] [INFO] Checking for scheduled broadcasts...
[2026-04-20T06:10:00.035Z] [INFO] No scheduled broadcasts due for sending
[2026-04-20T06:15:00.060Z] [INFO] Checking for scheduled broadcasts...
[2026-04-20T06:15:00.068Z] [INFO] No scheduled broadcasts due for sending
[2026-04-20T06:20:00.035Z] [INFO] Checking for scheduled broadcasts...
[2026-04-20T06:20:00.042Z] [INFO] No scheduled broadcasts due for sending
[2026-04-20T06:25:00.029Z] [INFO] Checking for scheduled broadcasts...
[2026-04-20T06:25:00.039Z] [INFO] No scheduled broadcasts due for sending
[2026-04-20T06:25:39.005Z] [INFO] Initializing cron jobs...
[2026-04-20T06:25:39.005Z] [INFO] Instance ID: CHKTHN-LOQ-12436-f9d4ecbd
[2026-04-20T06:25:39.006Z] [INFO] Distributed locking: ENABLED
[2026-04-20T06:25:39.031Z] [INFO] Email file cleanup: Daily at 4:00 AM
[2026-04-20T06:25:39.022Z] [INFO] [Email Cron] Email broadcast worker initialized (every 1 minute)
[2026-04-20T06:25:39.031Z] [INFO] Email broadcast worker: Every 1 minute
[2026-04-20T06:25:39.031Z] [INFO] [File Cleanup] Email attachment cleanup worker initialized (daily at 4:00 AM)
[2026-04-20T06:25:39.048Z] [INFO] Payment status sync job scheduled (daily at 1:00 AM)
[2026-04-20T06:25:39.042Z] [INFO] Subscription lifecycle job scheduled (every hour)
[2026-04-20T06:25:39.055Z] [INFO] Reminder job scheduled (daily at 9:00 AM)
[2026-04-20T06:25:39.034Z] [INFO] Plan transition job scheduled (daily at 2:00 AM)
[2026-04-20T06:25:39.063Z] [INFO] Scheduled broadcasts job initialized (every 5 minutes)
[2026-04-20T06:25:39.075Z] [INFO] All cron jobs initialized:
[2026-04-20T06:25:39.075Z] [INFO]   - Session cleanup: Every hour
[2026-04-20T06:25:39.060Z] [INFO] Inventory expiry job scheduled (daily at 6:00 AM)
[2026-04-20T06:25:39.076Z] [INFO]   - Subscription lifecycle + emails: Every hour
[2026-04-20T06:25:39.075Z] [INFO]   - Plan transition: Daily at 2:00 AM
[2026-04-20T06:25:39.076Z] [INFO]   - Payment status sync: Daily at 1:00 AM
[2026-04-20T06:25:39.076Z] [INFO]   - Incomplete users cleanup: Daily at 3:15 AM
[2026-04-20T06:25:39.076Z] [INFO]   - Inventory expiry checks + alerts: Daily at 6:00 AM
[2026-04-20T06:25:39.076Z] [INFO]   - Deletion logs cleanup: Daily at 3:30 AM
[2026-04-20T06:25:39.076Z] [INFO]   - Pending users cleanup: Daily at 3:00 AM
[2026-04-20T06:25:39.076Z] [INFO]   - Reminder emails (7d/3d/final): Daily at 9:00 AM
[2026-04-20T06:25:39.076Z] [INFO]   - Scheduled broadcasts: Every 5 minutes
[2026-04-20T06:25:39.076Z] [INFO]   - OTP daily limits cleanup: Daily at 3:45 AM
[2026-04-20T06:26:08.027Z] [INFO] Initializing cron jobs...
[2026-04-20T06:26:08.028Z] [INFO] Instance ID: CHKTHN-LOQ-10520-4877e4a6
[2026-04-20T06:26:08.032Z] [INFO] [Email Cron] Email broadcast worker initialized (every 1 minute)
[2026-04-20T06:26:08.035Z] [INFO] Email broadcast worker: Every 1 minute
[2026-04-20T06:26:08.034Z] [INFO] [File Cleanup] Email attachment cleanup worker initialized (daily at 4:00 AM)
[2026-04-20T06:26:08.028Z] [INFO] Distributed locking: ENABLED
[2026-04-20T06:26:08.038Z] [INFO] Subscription lifecycle job scheduled (every hour)
[2026-04-20T06:26:08.037Z] [INFO] Plan transition job scheduled (daily at 2:00 AM)
[2026-04-20T06:26:08.041Z] [INFO] Payment status sync job scheduled (daily at 1:00 AM)
[2026-04-20T06:26:08.045Z] [INFO] Reminder job scheduled (daily at 9:00 AM)
[2026-04-20T06:26:08.050Z] [INFO] Scheduled broadcasts job initialized (every 5 minutes)
[2026-04-20T06:26:08.059Z] [INFO] All cron jobs initialized:
[2026-04-20T06:26:08.059Z] [INFO]   - Session cleanup: Every hour
[2026-04-20T06:26:08.047Z] [INFO] Inventory expiry job scheduled (daily at 6:00 AM)
[2026-04-20T06:26:08.059Z] [INFO]   - Subscription lifecycle + emails: Every hour
[2026-04-20T06:26:08.059Z] [INFO]   - Payment status sync: Daily at 1:00 AM
[2026-04-20T06:26:08.059Z] [INFO]   - Reminder emails (7d/3d/final): Daily at 9:00 AM
[2026-04-20T06:26:08.059Z] [INFO]   - Inventory expiry checks + alerts: Daily at 6:00 AM
[2026-04-20T06:26:08.059Z] [INFO]   - Plan transition: Daily at 2:00 AM
[2026-04-20T06:26:08.059Z] [INFO]   - Pending users cleanup: Daily at 3:00 AM
[2026-04-20T06:26:08.059Z] [INFO]   - Incomplete users cleanup: Daily at 3:15 AM
[2026-04-20T06:26:08.059Z] [INFO]   - Deletion logs cleanup: Daily at 3:30 AM
[2026-04-20T06:26:08.059Z] [INFO]   - OTP daily limits cleanup: Daily at 3:45 AM
[2026-04-20T06:26:08.059Z] [INFO]   - Scheduled broadcasts: Every 5 minutes
[2026-04-20T06:26:08.035Z] [INFO] Email file cleanup: Daily at 4:00 AM
[2026-04-20T06:30:00.039Z] [INFO] Starting subscription lifecycle check...
[2026-04-20T06:30:00.041Z] [INFO] Checking for scheduled broadcasts...
[2026-04-20T06:30:00.045Z] [INFO] Subscription lifecycle complete | Grace: 0 | Suspended: 0
[2026-04-20T06:30:00.046Z] [INFO] No scheduled broadcasts due for sending
[2026-04-20T06:34:12.107Z] [INFO] Initializing cron jobs...
[2026-04-20T06:34:12.107Z] [INFO] Distributed locking: ENABLED
[2026-04-20T06:34:12.107Z] [INFO] Instance ID: CHKTHN-LOQ-17668-e1225268
[2026-04-20T06:34:12.115Z] [INFO] [File Cleanup] Email attachment cleanup worker initialized (daily at 4:00 AM)
[2026-04-20T06:34:12.117Z] [INFO] Plan transition job scheduled (daily at 2:00 AM)
[2026-04-20T06:34:12.112Z] [INFO] [Email Cron] Email broadcast worker initialized (every 1 minute)
[2026-04-20T06:34:12.115Z] [INFO] Email broadcast worker: Every 1 minute
[2026-04-20T06:34:12.115Z] [INFO] Email file cleanup: Daily at 4:00 AM
[2026-04-20T06:34:12.119Z] [INFO] Subscription lifecycle job scheduled (every hour)
[2026-04-20T06:34:12.121Z] [INFO] Payment status sync job scheduled (daily at 1:00 AM)
[2026-04-20T06:34:12.126Z] [INFO] Scheduled broadcasts job initialized (every 5 minutes)
[2026-04-20T06:34:12.124Z] [INFO] Inventory expiry job scheduled (daily at 6:00 AM)
[2026-04-20T06:34:12.134Z] [INFO] All cron jobs initialized:
[2026-04-20T06:34:12.134Z] [INFO]   - Plan transition: Daily at 2:00 AM
[2026-04-20T06:34:12.134Z] [INFO]   - Subscription lifecycle + emails: Every hour
[2026-04-20T06:34:12.134Z] [INFO]   - Session cleanup: Every hour
[2026-04-20T06:34:12.134Z] [INFO]   - Payment status sync: Daily at 1:00 AM
[2026-04-20T06:34:12.134Z] [INFO]   - Inventory expiry checks + alerts: Daily at 6:00 AM
[2026-04-20T06:34:12.134Z] [INFO]   - Pending users cleanup: Daily at 3:00 AM
[2026-04-20T06:34:12.122Z] [INFO] Reminder job scheduled (daily at 9:00 AM)
[2026-04-20T06:34:12.134Z] [INFO]   - Reminder emails (7d/3d/final): Daily at 9:00 AM
[2026-04-20T06:34:12.134Z] [INFO]   - Scheduled broadcasts: Every 5 minutes
[2026-04-20T06:34:12.134Z] [INFO]   - Incomplete users cleanup: Daily at 3:15 AM
[2026-04-20T06:34:12.134Z] [INFO]   - OTP daily limits cleanup: Daily at 3:45 AM
[2026-04-20T06:34:12.134Z] [INFO]   - Deletion logs cleanup: Daily at 3:30 AM
[2026-04-20T06:34:54.622Z] [INFO] Initializing cron jobs...
[2026-04-20T06:34:54.622Z] [INFO] Distributed locking: ENABLED
[2026-04-20T06:34:54.622Z] [INFO] Instance ID: CHKTHN-LOQ-11480-8d7eaf26
[2026-04-20T06:34:54.630Z] [INFO] Email broadcast worker: Every 1 minute
[2026-04-20T06:34:54.627Z] [INFO] [Email Cron] Email broadcast worker initialized (every 1 minute)
[2026-04-20T06:34:54.630Z] [INFO] Email file cleanup: Daily at 4:00 AM
[2026-04-20T06:34:54.630Z] [INFO] [File Cleanup] Email attachment cleanup worker initialized (daily at 4:00 AM)
[2026-04-20T06:34:54.632Z] [INFO] Plan transition job scheduled (daily at 2:00 AM)
[2026-04-20T06:34:54.634Z] [INFO] Subscription lifecycle job scheduled (every hour)
[2026-04-20T06:34:54.639Z] [INFO] Reminder job scheduled (daily at 9:00 AM)
[2026-04-20T06:34:54.637Z] [INFO] Payment status sync job scheduled (daily at 1:00 AM)
[2026-04-20T06:34:54.641Z] [INFO] Inventory expiry job scheduled (daily at 6:00 AM)
[2026-04-20T06:34:54.642Z] [INFO] Scheduled broadcasts job initialized (every 5 minutes)
[2026-04-20T06:34:54.655Z] [INFO] All cron jobs initialized:
[2026-04-20T06:34:54.655Z] [INFO]   - Plan transition: Daily at 2:00 AM
[2026-04-20T06:34:54.655Z] [INFO]   - Session cleanup: Every hour
[2026-04-20T06:34:54.655Z] [INFO]   - Subscription lifecycle + emails: Every hour
[2026-04-20T06:34:54.655Z] [INFO]   - Payment status sync: Daily at 1:00 AM
[2026-04-20T06:34:54.655Z] [INFO]   - Inventory expiry checks + alerts: Daily at 6:00 AM
[2026-04-20T06:34:54.655Z] [INFO]   - Reminder emails (7d/3d/final): Daily at 9:00 AM
[2026-04-20T06:34:54.655Z] [INFO]   - Pending users cleanup: Daily at 3:00 AM
[2026-04-20T06:34:54.655Z] [INFO]   - Deletion logs cleanup: Daily at 3:30 AM
[2026-04-20T06:34:54.655Z] [INFO]   - OTP daily limits cleanup: Daily at 3:45 AM
[2026-04-20T06:34:54.655Z] [INFO]   - Incomplete users cleanup: Daily at 3:15 AM
[2026-04-20T06:34:54.655Z] [INFO]   - Scheduled broadcasts: Every 5 minutes
[2026-04-20T06:35:00.024Z] [INFO] Checking for scheduled broadcasts...
[2026-04-20T06:35:00.027Z] [INFO] No scheduled broadcasts due for sending
[2026-04-20T06:35:03.548Z] [INFO] Initializing cron jobs...
[2026-04-20T06:35:03.548Z] [INFO] Distributed locking: ENABLED
[2026-04-20T06:35:03.548Z] [INFO] Instance ID: CHKTHN-LOQ-9256-16cbe523
[2026-04-20T06:35:03.555Z] [INFO] [File Cleanup] Email attachment cleanup worker initialized (daily at 4:00 AM)
[2026-04-20T06:35:03.553Z] [INFO] [Email Cron] Email broadcast worker initialized (every 1 minute)
[2026-04-20T06:35:03.555Z] [INFO] Email file cleanup: Daily at 4:00 AM
[2026-04-20T06:35:03.555Z] [INFO] Email broadcast worker: Every 1 minute
[2026-04-20T06:35:03.558Z] [INFO] Plan transition job scheduled (daily at 2:00 AM)
[2026-04-20T06:35:03.560Z] [INFO] Subscription lifecycle job scheduled (every hour)
[2026-04-20T06:35:03.563Z] [INFO] Reminder job scheduled (daily at 9:00 AM)
[2026-04-20T06:35:03.561Z] [INFO] Payment status sync job scheduled (daily at 1:00 AM)
[2026-04-20T06:35:03.566Z] [INFO] Scheduled broadcasts job initialized (every 5 minutes)
[2026-04-20T06:35:03.574Z] [INFO] All cron jobs initialized:
[2026-04-20T06:35:03.565Z] [INFO] Inventory expiry job scheduled (daily at 6:00 AM)
[2026-04-20T06:35:03.574Z] [INFO]   - Plan transition: Daily at 2:00 AM
[2026-04-20T06:35:03.574Z] [INFO]   - Payment status sync: Daily at 1:00 AM
[2026-04-20T06:35:03.574Z] [INFO]   - Reminder emails (7d/3d/final): Daily at 9:00 AM
[2026-04-20T06:35:03.574Z] [INFO]   - Pending users cleanup: Daily at 3:00 AM
[2026-04-20T06:35:03.574Z] [INFO]   - Subscription lifecycle + emails: Every hour
[2026-04-20T06:35:03.574Z] [INFO]   - Inventory expiry checks + alerts: Daily at 6:00 AM
[2026-04-20T06:35:03.574Z] [INFO]   - Scheduled broadcasts: Every 5 minutes
[2026-04-20T06:35:03.574Z] [INFO]   - OTP daily limits cleanup: Daily at 3:45 AM
[2026-04-20T06:35:03.574Z] [INFO]   - Deletion logs cleanup: Daily at 3:30 AM
[2026-04-20T06:35:03.574Z] [INFO]   - Session cleanup: Every hour
[2026-04-20T06:35:03.574Z] [INFO]   - Incomplete users cleanup: Daily at 3:15 AM
[2026-04-20T06:35:19.192Z] [INFO] Initializing cron jobs...
[2026-04-20T06:35:19.192Z] [INFO] Distributed locking: ENABLED
[2026-04-20T06:35:19.192Z] [INFO] Instance ID: CHKTHN-LOQ-11080-9ebeb69b
[2026-04-20T06:35:19.198Z] [INFO] [Email Cron] Email broadcast worker initialized (every 1 minute)
[2026-04-20T06:35:19.201Z] [INFO] [File Cleanup] Email attachment cleanup worker initialized (daily at 4:00 AM)
[2026-04-20T06:35:19.201Z] [INFO] Email file cleanup: Daily at 4:00 AM
[2026-04-20T06:35:19.201Z] [INFO] Email broadcast worker: Every 1 minute
[2026-04-20T06:35:19.205Z] [INFO] Plan transition job scheduled (daily at 2:00 AM)
[2026-04-20T06:35:19.208Z] [INFO] Subscription lifecycle job scheduled (every hour)
[2026-04-20T06:35:19.211Z] [INFO] Payment status sync job scheduled (daily at 1:00 AM)
[2026-04-20T06:35:19.215Z] [INFO] Reminder job scheduled (daily at 9:00 AM)
[2026-04-20T06:35:19.217Z] [INFO] Inventory expiry job scheduled (daily at 6:00 AM)
[2026-04-20T06:35:19.219Z] [INFO] Scheduled broadcasts job initialized (every 5 minutes)
[2026-04-20T06:35:19.231Z] [INFO]   - Session cleanup: Every hour
[2026-04-20T06:35:19.231Z] [INFO]   - Plan transition: Daily at 2:00 AM
[2026-04-20T06:35:19.231Z] [INFO] All cron jobs initialized:
[2026-04-20T06:35:19.231Z] [INFO]   - Subscription lifecycle + emails: Every hour
[2026-04-20T06:35:19.231Z] [INFO]   - Payment status sync: Daily at 1:00 AM
[2026-04-20T06:35:19.231Z] [INFO]   - Inventory expiry checks + alerts: Daily at 6:00 AM
[2026-04-20T06:35:19.231Z] [INFO]   - Reminder emails (7d/3d/final): Daily at 9:00 AM
[2026-04-20T06:35:19.231Z] [INFO]   - Pending users cleanup: Daily at 3:00 AM
[2026-04-20T06:35:19.231Z] [INFO]   - Incomplete users cleanup: Daily at 3:15 AM
[2026-04-20T06:35:19.231Z] [INFO]   - Scheduled broadcasts: Every 5 minutes
[2026-04-20T06:35:19.231Z] [INFO]   - Deletion logs cleanup: Daily at 3:30 AM
[2026-04-20T06:35:19.231Z] [INFO]   - OTP daily limits cleanup: Daily at 3:45 AM
[2026-04-20T06:40:00.017Z] [INFO] Checking for scheduled broadcasts...
[2026-04-20T06:40:00.021Z] [INFO] No scheduled broadcasts due for sending
[2026-04-20T06:45:00.030Z] [INFO] Checking for scheduled broadcasts...
[2026-04-20T06:45:00.033Z] [INFO] No scheduled broadcasts due for sending
[2026-04-20T06:49:46.506Z] [INFO] Initializing cron jobs...
[2026-04-20T06:49:46.506Z] [INFO] Distributed locking: ENABLED
[2026-04-20T06:49:46.506Z] [INFO] Instance ID: CHKTHN-LOQ-24888-fe7ebb25
[2026-04-20T06:49:46.513Z] [INFO] Email file cleanup: Daily at 4:00 AM
[2026-04-20T06:49:46.513Z] [INFO] Email broadcast worker: Every 1 minute
[2026-04-20T06:49:46.513Z] [INFO] [File Cleanup] Email attachment cleanup worker initialized (daily at 4:00 AM)
[2026-04-20T06:49:46.515Z] [INFO] Plan transition job scheduled (daily at 2:00 AM)
[2026-04-20T06:49:46.517Z] [INFO] Subscription lifecycle job scheduled (every hour)
[2026-04-20T06:49:46.511Z] [INFO] [Email Cron] Email broadcast worker initialized (every 1 minute)
[2026-04-20T06:49:46.520Z] [INFO] Payment status sync job scheduled (daily at 1:00 AM)
[2026-04-20T06:49:46.522Z] [INFO] Reminder job scheduled (daily at 9:00 AM)
[2026-04-20T06:49:46.525Z] [INFO] Inventory expiry job scheduled (daily at 6:00 AM)
[2026-04-20T06:49:46.527Z] [INFO] Scheduled broadcasts job initialized (every 5 minutes)
[2026-04-20T06:49:46.536Z] [INFO] All cron jobs initialized:
[2026-04-20T06:49:46.536Z] [INFO]   - Session cleanup: Every hour
[2026-04-20T06:49:46.536Z] [INFO]   - Plan transition: Daily at 2:00 AM
[2026-04-20T06:49:46.536Z] [INFO]   - Subscription lifecycle + emails: Every hour
[2026-04-20T06:49:46.536Z] [INFO]   - Inventory expiry checks + alerts: Daily at 6:00 AM
[2026-04-20T06:49:46.536Z] [INFO]   - Payment status sync: Daily at 1:00 AM
[2026-04-20T06:49:46.536Z] [INFO]   - Incomplete users cleanup: Daily at 3:15 AM
[2026-04-20T06:49:46.536Z] [INFO]   - Deletion logs cleanup: Daily at 3:30 AM
[2026-04-20T06:49:46.536Z] [INFO]   - Reminder emails (7d/3d/final): Daily at 9:00 AM
[2026-04-20T06:49:46.536Z] [INFO]   - OTP daily limits cleanup: Daily at 3:45 AM
[2026-04-20T06:49:46.536Z] [INFO]   - Scheduled broadcasts: Every 5 minutes
[2026-04-20T06:49:46.536Z] [INFO]   - Pending users cleanup: Daily at 3:00 AM
[2026-04-20T06:50:00.070Z] [INFO] Checking for scheduled broadcasts...
[2026-04-20T06:50:00.075Z] [INFO] No scheduled broadcasts due for sending
[2026-04-20T06:50:18.737Z] [INFO] Initializing cron jobs...
[2026-04-20T06:50:18.738Z] [INFO] Instance ID: CHKTHN-LOQ-25424-ccd75e49
[2026-04-20T06:50:18.745Z] [INFO] Email file cleanup: Daily at 4:00 AM
[2026-04-20T06:50:18.745Z] [INFO] [File Cleanup] Email attachment cleanup worker initialized (daily at 4:00 AM)
[2026-04-20T06:50:18.743Z] [INFO] [Email Cron] Email broadcast worker initialized (every 1 minute)
[2026-04-20T06:50:18.738Z] [INFO] Distributed locking: ENABLED
[2026-04-20T06:50:18.745Z] [INFO] Email broadcast worker: Every 1 minute
[2026-04-20T06:50:18.747Z] [INFO] Plan transition job scheduled (daily at 2:00 AM)
[2026-04-20T06:50:18.748Z] [INFO] Subscription lifecycle job scheduled (every hour)
[2026-04-20T06:50:18.751Z] [INFO] Payment status sync job scheduled (daily at 1:00 AM)
[2026-04-20T06:50:18.752Z] [INFO] Reminder job scheduled (daily at 9:00 AM)
[2026-04-20T06:50:18.754Z] [INFO] Inventory expiry job scheduled (daily at 6:00 AM)
[2026-04-20T06:50:18.756Z] [INFO] Scheduled broadcasts job initialized (every 5 minutes)
[2026-04-20T06:50:18.762Z] [INFO] All cron jobs initialized:
[2026-04-20T06:50:18.763Z] [INFO]   - Session cleanup: Every hour
[2026-04-20T06:50:18.763Z] [INFO]   - Plan transition: Daily at 2:00 AM
[2026-04-20T06:50:18.763Z] [INFO]   - Subscription lifecycle + emails: Every hour
[2026-04-20T06:50:18.763Z] [INFO]   - Payment status sync: Daily at 1:00 AM
[2026-04-20T06:50:18.763Z] [INFO]   - Inventory expiry checks + alerts: Daily at 6:00 AM
[2026-04-20T06:50:18.763Z] [INFO]   - Incomplete users cleanup: Daily at 3:15 AM
[2026-04-20T06:50:18.763Z] [INFO]   - Deletion logs cleanup: Daily at 3:30 AM
[2026-04-20T06:50:18.763Z] [INFO]   - Reminder emails (7d/3d/final): Daily at 9:00 AM
[2026-04-20T06:50:18.763Z] [INFO]   - OTP daily limits cleanup: Daily at 3:45 AM
[2026-04-20T06:50:18.763Z] [INFO]   - Scheduled broadcasts: Every 5 minutes
[2026-04-20T06:50:18.763Z] [INFO]   - Pending users cleanup: Daily at 3:00 AM
[2026-04-20T06:51:55.445Z] [INFO] Initializing cron jobs...
[2026-04-20T06:51:55.446Z] [INFO] Instance ID: CHKTHN-LOQ-268-abad8de9
[2026-04-20T06:51:55.446Z] [INFO] Distributed locking: ENABLED
[2026-04-20T06:51:55.450Z] [INFO] [Email Cron] Email broadcast worker initialized (every 1 minute)
[2026-04-20T06:51:55.452Z] [INFO] [File Cleanup] Email attachment cleanup worker initialized (daily at 4:00 AM)
[2026-04-20T06:51:55.452Z] [INFO] Email broadcast worker: Every 1 minute
[2026-04-20T06:51:55.452Z] [INFO] Email file cleanup: Daily at 4:00 AM
[2026-04-20T06:51:55.454Z] [INFO] Plan transition job scheduled (daily at 2:00 AM)
[2026-04-20T06:51:55.456Z] [INFO] Subscription lifecycle job scheduled (every hour)
[2026-04-20T06:51:55.458Z] [INFO] Payment status sync job scheduled (daily at 1:00 AM)
[2026-04-20T06:51:55.460Z] [INFO] Reminder job scheduled (daily at 9:00 AM)
[2026-04-20T06:51:55.463Z] [INFO] Inventory expiry job scheduled (daily at 6:00 AM)
[2026-04-20T06:51:55.465Z] [INFO] Scheduled broadcasts job initialized (every 5 minutes)
[2026-04-20T06:51:55.473Z] [INFO] All cron jobs initialized:
[2026-04-20T06:51:55.473Z] [INFO]   - Session cleanup: Every hour
[2026-04-20T06:51:55.473Z] [INFO]   - Plan transition: Daily at 2:00 AM
[2026-04-20T06:51:55.473Z] [INFO]   - Payment status sync: Daily at 1:00 AM
[2026-04-20T06:51:55.473Z] [INFO]   - Deletion logs cleanup: Daily at 3:30 AM
[2026-04-20T06:51:55.473Z] [INFO]   - Subscription lifecycle + emails: Every hour
[2026-04-20T06:51:55.473Z] [INFO]   - Reminder emails (7d/3d/final): Daily at 9:00 AM
[2026-04-20T06:51:55.473Z] [INFO]   - Inventory expiry checks + alerts: Daily at 6:00 AM
[2026-04-20T06:51:55.473Z] [INFO]   - Incomplete users cleanup: Daily at 3:15 AM
[2026-04-20T06:51:55.473Z] [INFO]   - OTP daily limits cleanup: Daily at 3:45 AM
[2026-04-20T06:51:55.473Z] [INFO]   - Scheduled broadcasts: Every 5 minutes
[2026-04-20T06:51:55.473Z] [INFO]   - Pending users cleanup: Daily at 3:00 AM
[2026-04-20T06:55:00.053Z] [INFO] Checking for scheduled broadcasts...
[2026-04-20T06:55:00.058Z] [INFO] No scheduled broadcasts due for sending
[2026-04-20T07:00:00.020Z] [INFO] Checking for scheduled broadcasts...
[2026-04-20T07:00:00.025Z] [INFO] No scheduled broadcasts due for sending
[2026-04-20T07:05:00.042Z] [INFO] Checking for scheduled broadcasts...
[2026-04-20T07:05:00.048Z] [INFO] No scheduled broadcasts due for sending
[2026-04-20T07:10:00.030Z] [INFO] Checking for scheduled broadcasts...
[2026-04-20T07:10:00.034Z] [INFO] No scheduled broadcasts due for sending
[2026-04-20T07:15:00.045Z] [INFO] Checking for scheduled broadcasts...
[2026-04-20T07:15:00.053Z] [INFO] No scheduled broadcasts due for sending
[2026-04-20T07:20:00.035Z] [INFO] Checking for scheduled broadcasts...
[2026-04-20T07:20:00.041Z] [INFO] No scheduled broadcasts due for sending
[2026-04-20T07:25:00.042Z] [INFO] Checking for scheduled broadcasts...
[2026-04-20T07:25:00.048Z] [INFO] No scheduled broadcasts due for sending
[2026-04-20T07:26:56.574Z] [INFO] Initializing cron jobs...
[2026-04-20T07:26:56.574Z] [INFO] Distributed locking: ENABLED
[2026-04-20T07:26:56.581Z] [INFO] [File Cleanup] Email attachment cleanup worker initialized (daily at 4:00 AM)
[2026-04-20T07:26:56.574Z] [INFO] Instance ID: CHKTHN-LOQ-11272-09f4ea35
[2026-04-20T07:26:56.581Z] [INFO] Email broadcast worker: Every 1 minute
[2026-04-20T07:26:56.578Z] [INFO] [Email Cron] Email broadcast worker initialized (every 1 minute)
[2026-04-20T07:26:56.583Z] [INFO] Plan transition job scheduled (daily at 2:00 AM)
[2026-04-20T07:26:56.585Z] [INFO] Subscription lifecycle job scheduled (every hour)
[2026-04-20T07:26:56.587Z] [INFO] Payment status sync job scheduled (daily at 1:00 AM)
[2026-04-20T07:26:56.581Z] [INFO] Email file cleanup: Daily at 4:00 AM
[2026-04-20T07:26:56.589Z] [INFO] Reminder job scheduled (daily at 9:00 AM)
[2026-04-20T07:26:56.591Z] [INFO] Inventory expiry job scheduled (daily at 6:00 AM)
[2026-04-20T07:26:56.592Z] [INFO] Scheduled broadcasts job initialized (every 5 minutes)
[2026-04-20T07:26:56.603Z] [INFO]   - Session cleanup: Every hour
[2026-04-20T07:26:56.603Z] [INFO]   - Plan transition: Daily at 2:00 AM
[2026-04-20T07:26:56.603Z] [INFO]   - Subscription lifecycle + emails: Every hour
[2026-04-20T07:26:56.604Z] [INFO]   - Inventory expiry checks + alerts: Daily at 6:00 AM
[2026-04-20T07:26:56.604Z] [INFO]   - Payment status sync: Daily at 1:00 AM
[2026-04-20T07:26:56.604Z] [INFO]   - Reminder emails (7d/3d/final): Daily at 9:00 AM
[2026-04-20T07:26:56.604Z] [INFO]   - Deletion logs cleanup: Daily at 3:30 AM
[2026-04-20T07:26:56.604Z] [INFO]   - Incomplete users cleanup: Daily at 3:15 AM
[2026-04-20T07:26:56.604Z] [INFO]   - Scheduled broadcasts: Every 5 minutes
[2026-04-20T07:26:56.604Z] [INFO]   - OTP daily limits cleanup: Daily at 3:45 AM
[2026-04-20T07:26:56.604Z] [INFO]   - Pending users cleanup: Daily at 3:00 AM
[2026-04-20T07:26:56.603Z] [INFO] All cron jobs initialized:
[2026-04-20T07:27:42.431Z] [INFO] Initializing cron jobs...
[2026-04-20T07:27:42.431Z] [INFO] Instance ID: CHKTHN-LOQ-23612-309e299e
[2026-04-20T07:27:42.437Z] [INFO] [Email Cron] Email broadcast worker initialized (every 1 minute)
[2026-04-20T07:27:42.442Z] [INFO] Email broadcast worker: Every 1 minute
[2026-04-20T07:27:42.431Z] [INFO] Distributed locking: ENABLED
[2026-04-20T07:27:42.442Z] [INFO] [File Cleanup] Email attachment cleanup worker initialized (daily at 4:00 AM)
[2026-04-20T07:27:42.447Z] [INFO] Plan transition job scheduled (daily at 2:00 AM)
[2026-04-20T07:27:42.451Z] [INFO] Subscription lifecycle job scheduled (every hour)
[2026-04-20T07:27:42.442Z] [INFO] Email file cleanup: Daily at 4:00 AM
[2026-04-20T07:27:42.456Z] [INFO] Reminder job scheduled (daily at 9:00 AM)
[2026-04-20T07:27:42.454Z] [INFO] Payment status sync job scheduled (daily at 1:00 AM)
[2026-04-20T07:27:42.458Z] [INFO] Inventory expiry job scheduled (daily at 6:00 AM)
[2026-04-20T07:27:42.460Z] [INFO] Scheduled broadcasts job initialized (every 5 minutes)
[2026-04-20T07:27:42.474Z] [INFO] All cron jobs initialized:
[2026-04-20T07:27:42.474Z] [INFO]   - Session cleanup: Every hour
[2026-04-20T07:27:42.474Z] [INFO]   - Plan transition: Daily at 2:00 AM
[2026-04-20T07:27:42.474Z] [INFO]   - Payment status sync: Daily at 1:00 AM
[2026-04-20T07:27:42.474Z] [INFO]   - Subscription lifecycle + emails: Every hour
[2026-04-20T07:27:42.474Z] [INFO]   - Inventory expiry checks + alerts: Daily at 6:00 AM
[2026-04-20T07:27:42.475Z] [INFO]   - Reminder emails (7d/3d/final): Daily at 9:00 AM
[2026-04-20T07:27:42.475Z] [INFO]   - Pending users cleanup: Daily at 3:00 AM
[2026-04-20T07:27:42.475Z] [INFO]   - Scheduled broadcasts: Every 5 minutes
[2026-04-20T07:27:42.475Z] [INFO]   - OTP daily limits cleanup: Daily at 3:45 AM
[2026-04-20T07:27:42.475Z] [INFO]   - Deletion logs cleanup: Daily at 3:30 AM
[2026-04-20T07:27:42.475Z] [INFO]   - Incomplete users cleanup: Daily at 3:15 AM
[2026-04-20T07:27:43.664Z] [INFO] Initializing cron jobs...
[2026-04-20T07:27:43.665Z] [INFO] Distributed locking: ENABLED
[2026-04-20T07:27:43.665Z] [INFO] Instance ID: CHKTHN-LOQ-15432-17d28283
[2026-04-20T07:27:43.669Z] [INFO] [Email Cron] Email broadcast worker initialized (every 1 minute)
[2026-04-20T07:27:43.672Z] [INFO] [File Cleanup] Email attachment cleanup worker initialized (daily at 4:00 AM)
[2026-04-20T07:27:43.672Z] [INFO] Email file cleanup: Daily at 4:00 AM
[2026-04-20T07:27:43.672Z] [INFO] Email broadcast worker: Every 1 minute
[2026-04-20T07:27:43.674Z] [INFO] Plan transition job scheduled (daily at 2:00 AM)
[2026-04-20T07:27:43.675Z] [INFO] Subscription lifecycle job scheduled (every hour)
[2026-04-20T07:27:43.678Z] [INFO] Reminder job scheduled (daily at 9:00 AM)
[2026-04-20T07:27:43.677Z] [INFO] Payment status sync job scheduled (daily at 1:00 AM)
[2026-04-20T07:27:43.680Z] [INFO] Inventory expiry job scheduled (daily at 6:00 AM)
[2026-04-20T07:27:43.681Z] [INFO] Scheduled broadcasts job initialized (every 5 minutes)
[2026-04-20T07:27:43.688Z] [INFO]   - Plan transition: Daily at 2:00 AM
[2026-04-20T07:27:43.688Z] [INFO] All cron jobs initialized:
[2026-04-20T07:27:43.688Z] [INFO]   - Session cleanup: Every hour
[2026-04-20T07:27:43.688Z] [INFO]   - Subscription lifecycle + emails: Every hour
[2026-04-20T07:27:43.688Z] [INFO]   - Payment status sync: Daily at 1:00 AM
[2026-04-20T07:27:43.688Z] [INFO]   - Pending users cleanup: Daily at 3:00 AM
[2026-04-20T07:27:43.688Z] [INFO]   - Reminder emails (7d/3d/final): Daily at 9:00 AM
[2026-04-20T07:27:43.688Z] [INFO]   - Inventory expiry checks + alerts: Daily at 6:00 AM
[2026-04-20T07:27:43.688Z] [INFO]   - Deletion logs cleanup: Daily at 3:30 AM
[2026-04-20T07:27:43.688Z] [INFO]   - Incomplete users cleanup: Daily at 3:15 AM
[2026-04-20T07:27:43.688Z] [INFO]   - Scheduled broadcasts: Every 5 minutes
[2026-04-20T07:27:43.688Z] [INFO]   - OTP daily limits cleanup: Daily at 3:45 AM
[2026-04-20T07:30:00.048Z] [INFO] Starting subscription lifecycle check...
[2026-04-20T07:30:00.049Z] [INFO] Checking for scheduled broadcasts...
[2026-04-20T07:30:00.055Z] [INFO] No scheduled broadcasts due for sending
[2026-04-20T07:30:00.059Z] [INFO] Subscription lifecycle complete | Grace: 0 | Suspended: 0
[2026-04-20T07:34:50.225Z] [INFO] Initializing cron jobs...
[2026-04-20T07:34:50.225Z] [INFO] Instance ID: CHKTHN-LOQ-14748-73c1258c
[2026-04-20T07:34:50.225Z] [INFO] Distributed locking: ENABLED
[2026-04-20T07:34:50.231Z] [INFO] [Email Cron] Email broadcast worker initialized (every 1 minute)
[2026-04-20T07:34:50.234Z] [INFO] [File Cleanup] Email attachment cleanup worker initialized (daily at 4:00 AM)
[2026-04-20T07:34:50.234Z] [INFO] Email file cleanup: Daily at 4:00 AM
[2026-04-20T07:34:50.234Z] [INFO] Email broadcast worker: Every 1 minute
[2026-04-20T07:34:50.236Z] [INFO] Plan transition job scheduled (daily at 2:00 AM)
[2026-04-20T07:34:50.238Z] [INFO] Subscription lifecycle job scheduled (every hour)
[2026-04-20T07:34:50.240Z] [INFO] Payment status sync job scheduled (daily at 1:00 AM)
[2026-04-20T07:34:50.243Z] [INFO] Reminder job scheduled (daily at 9:00 AM)
[2026-04-20T07:34:50.245Z] [INFO] Inventory expiry job scheduled (daily at 6:00 AM)
[2026-04-20T07:34:50.248Z] [INFO] Scheduled broadcasts job initialized (every 5 minutes)
[2026-04-20T07:34:50.256Z] [INFO]   - Subscription lifecycle + emails: Every hour
[2026-04-20T07:34:50.256Z] [INFO]   - Plan transition: Daily at 2:00 AM
[2026-04-20T07:34:50.256Z] [INFO] All cron jobs initialized:
[2026-04-20T07:34:50.256Z] [INFO]   - Session cleanup: Every hour
[2026-04-20T07:34:50.256Z] [INFO]   - Payment status sync: Daily at 1:00 AM
[2026-04-20T07:34:50.256Z] [INFO]   - Inventory expiry checks + alerts: Daily at 6:00 AM
[2026-04-20T07:34:50.256Z] [INFO]   - Reminder emails (7d/3d/final): Daily at 9:00 AM
[2026-04-20T07:34:50.256Z] [INFO]   - Pending users cleanup: Daily at 3:00 AM
[2026-04-20T07:34:50.256Z] [INFO]   - Incomplete users cleanup: Daily at 3:15 AM
[2026-04-20T07:34:50.256Z] [INFO]   - Deletion logs cleanup: Daily at 3:30 AM
[2026-04-20T07:34:50.256Z] [INFO]   - Scheduled broadcasts: Every 5 minutes
[2026-04-20T07:34:50.256Z] [INFO]   - OTP daily limits cleanup: Daily at 3:45 AM
[2026-04-20T07:35:00.043Z] [INFO] Checking for scheduled broadcasts...
[2026-04-20T07:35:00.047Z] [INFO] No scheduled broadcasts due for sending
[2026-04-20T07:40:00.032Z] [INFO] Checking for scheduled broadcasts...
[2026-04-20T07:40:00.036Z] [INFO] No scheduled broadcasts due for sending
[2026-04-20T07:45:00.032Z] [INFO] Checking for scheduled broadcasts...
[2026-04-20T07:45:00.039Z] [INFO] No scheduled broadcasts due for sending
[2026-04-20T07:50:00.056Z] [INFO] Checking for scheduled broadcasts...
[2026-04-20T07:50:00.060Z] [INFO] No scheduled broadcasts due for sending
[2026-04-20T07:55:00.021Z] [INFO] Checking for scheduled broadcasts...
[2026-04-20T07:55:00.026Z] [INFO] No scheduled broadcasts due for sending
[2026-04-20T08:00:00.019Z] [INFO] Checking for scheduled broadcasts...
[2026-04-20T08:00:00.023Z] [INFO] No scheduled broadcasts due for sending
[2026-04-20T08:05:00.054Z] [INFO] Checking for scheduled broadcasts...
[2026-04-20T08:05:00.062Z] [INFO] No scheduled broadcasts due for sending
[2026-04-20T08:10:00.040Z] [INFO] Checking for scheduled broadcasts...
[2026-04-20T08:10:00.046Z] [INFO] No scheduled broadcasts due for sending
[2026-04-20T08:15:00.035Z] [INFO] Checking for scheduled broadcasts...
[2026-04-20T08:15:00.042Z] [INFO] No scheduled broadcasts due for sending
[2026-04-20T08:20:00.078Z] [INFO] Checking for scheduled broadcasts...
[2026-04-20T08:20:00.084Z] [INFO] No scheduled broadcasts due for sending
[2026-04-20T08:25:00.061Z] [INFO] Checking for scheduled broadcasts...
[2026-04-20T08:25:00.069Z] [INFO] No scheduled broadcasts due for sending
[2026-04-20T08:30:00.059Z] [INFO] Starting subscription lifecycle check...
[2026-04-20T08:30:00.060Z] [INFO] Checking for scheduled broadcasts...
[2026-04-20T08:30:00.066Z] [INFO] Subscription lifecycle complete | Grace: 0 | Suspended: 0
[2026-04-20T08:30:00.105Z] [INFO] No scheduled broadcasts due for sending
[2026-04-20T08:35:00.045Z] [INFO] Checking for scheduled broadcasts...
[2026-04-20T08:35:00.048Z] [INFO] No scheduled broadcasts due for sending
[2026-04-20T08:40:00.039Z] [INFO] Checking for scheduled broadcasts...
[2026-04-20T08:40:00.043Z] [INFO] No scheduled broadcasts due for sending
[2026-04-20T08:45:00.035Z] [INFO] Checking for scheduled broadcasts...
[2026-04-20T08:45:00.041Z] [INFO] No scheduled broadcasts due for sending
[2026-04-20T08:50:00.061Z] [INFO] Checking for scheduled broadcasts...
[2026-04-20T08:50:00.068Z] [INFO] No scheduled broadcasts due for sending
[2026-04-20T08:55:00.051Z] [INFO] Checking for scheduled broadcasts...
[2026-04-20T08:55:00.057Z] [INFO] No scheduled broadcasts due for sending
[2026-04-20T09:00:00.045Z] [INFO] Checking for scheduled broadcasts...
[2026-04-20T09:00:00.051Z] [INFO] No scheduled broadcasts due for sending
[2026-04-20T09:05:00.038Z] [INFO] Checking for scheduled broadcasts...
[2026-04-20T09:05:00.045Z] [INFO] No scheduled broadcasts due for sending
[2026-04-20T09:10:00.041Z] [INFO] Checking for scheduled broadcasts...
[2026-04-20T09:10:00.047Z] [INFO] No scheduled broadcasts due for sending
[2026-04-20T09:15:00.067Z] [INFO] Checking for scheduled broadcasts...
[2026-04-20T09:15:00.071Z] [INFO] No scheduled broadcasts due for sending
[2026-04-20T09:20:00.032Z] [INFO] Checking for scheduled broadcasts...
[2026-04-20T09:20:00.036Z] [INFO] No scheduled broadcasts due for sending
[2026-04-20T09:25:00.052Z] [INFO] Checking for scheduled broadcasts...
[2026-04-20T09:25:00.059Z] [INFO] No scheduled broadcasts due for sending
[2026-04-20T09:30:00.048Z] [INFO] Checking for scheduled broadcasts...
[2026-04-20T09:30:00.049Z] [INFO] Starting subscription lifecycle check...
[2026-04-20T09:30:00.054Z] [INFO] No scheduled broadcasts due for sending
[2026-04-20T09:30:00.056Z] [INFO] Subscription lifecycle complete | Grace: 0 | Suspended: 0
[2026-04-20T09:35:00.045Z] [INFO] Checking for scheduled broadcasts...
[2026-04-20T09:35:00.052Z] [INFO] No scheduled broadcasts due for sending
[2026-04-20T09:40:00.044Z] [INFO] Checking for scheduled broadcasts...
[2026-04-20T09:40:00.053Z] [INFO] No scheduled broadcasts due for sending
[2026-04-20T09:45:00.043Z] [INFO] Checking for scheduled broadcasts...
[2026-04-20T09:45:00.048Z] [INFO] No scheduled broadcasts due for sending
[2026-04-20T09:50:00.024Z] [INFO] Checking for scheduled broadcasts...
[2026-04-20T09:50:00.029Z] [INFO] No scheduled broadcasts due for sending
[2026-04-20T09:55:00.033Z] [INFO] Checking for scheduled broadcasts...
[2026-04-20T09:55:00.040Z] [INFO] No scheduled broadcasts due for sending
[2026-04-20T10:00:00.029Z] [INFO] Checking for scheduled broadcasts...
[2026-04-20T10:00:00.033Z] [INFO] No scheduled broadcasts due for sending
[2026-04-20T10:05:00.033Z] [INFO] Checking for scheduled broadcasts...
[2026-04-20T10:05:00.038Z] [INFO] No scheduled broadcasts due for sending
[2026-04-20T10:10:00.028Z] [INFO] Checking for scheduled broadcasts...
[2026-04-20T10:10:00.034Z] [INFO] No scheduled broadcasts due for sending
[2026-04-20T10:15:00.032Z] [INFO] Checking for scheduled broadcasts...
[2026-04-20T10:15:00.037Z] [INFO] No scheduled broadcasts due for sending
[2026-04-20T10:20:00.020Z] [INFO] Checking for scheduled broadcasts...
[2026-04-20T10:20:00.023Z] [INFO] No scheduled broadcasts due for sending
[2026-04-20T10:25:00.053Z] [INFO] Checking for scheduled broadcasts...
[2026-04-20T10:25:00.061Z] [INFO] No scheduled broadcasts due for sending
[2026-04-20T10:30:00.049Z] [INFO] Checking for scheduled broadcasts...
[2026-04-20T10:30:00.049Z] [INFO] Starting subscription lifecycle check...
[2026-04-20T10:30:00.056Z] [INFO] No scheduled broadcasts due for sending
[2026-04-20T10:30:00.065Z] [INFO] Subscription lifecycle complete | Grace: 0 | Suspended: 0
[2026-04-20T10:35:00.061Z] [INFO] Checking for scheduled broadcasts...
[2026-04-20T10:35:00.065Z] [INFO] No scheduled broadcasts due for sending
[2026-04-20T10:40:00.023Z] [INFO] Checking for scheduled broadcasts...
[2026-04-20T10:40:00.027Z] [INFO] No scheduled broadcasts due for sending
[2026-04-20T10:45:00.029Z] [INFO] Checking for scheduled broadcasts...
[2026-04-20T10:45:00.033Z] [INFO] No scheduled broadcasts due for sending
[2026-04-20T10:45:09.163Z] [INFO] Initializing cron jobs...
[2026-04-20T10:45:09.163Z] [INFO] Distributed locking: ENABLED
[2026-04-20T10:45:09.163Z] [INFO] Instance ID: CHKTHN-LOQ-5924-ad69f145
[2026-04-20T10:45:09.168Z] [INFO] [Email Cron] Email broadcast worker initialized (every 1 minute)
[2026-04-20T10:45:09.170Z] [INFO] Email file cleanup: Daily at 4:00 AM
[2026-04-20T10:45:09.170Z] [INFO] Email broadcast worker: Every 1 minute
[2026-04-20T10:45:09.170Z] [INFO] [File Cleanup] Email attachment cleanup worker initialized (daily at 4:00 AM)
[2026-04-20T10:45:09.172Z] [INFO] Plan transition job scheduled (daily at 2:00 AM)
[2026-04-20T10:45:09.173Z] [INFO] Subscription lifecycle job scheduled (every hour)
[2026-04-20T10:45:09.176Z] [INFO] Payment status sync job scheduled (daily at 1:00 AM)
[2026-04-20T10:45:09.180Z] [INFO] Inventory expiry job scheduled (daily at 6:00 AM)
[2026-04-20T10:45:09.181Z] [INFO] Scheduled broadcasts job initialized (every 5 minutes)
[2026-04-20T10:45:09.191Z] [INFO]   - Session cleanup: Every hour
[2026-04-20T10:45:09.191Z] [INFO]   - Plan transition: Daily at 2:00 AM
[2026-04-20T10:45:09.178Z] [INFO] Reminder job scheduled (daily at 9:00 AM)
[2026-04-20T10:45:09.191Z] [INFO]   - Subscription lifecycle + emails: Every hour
[2026-04-20T10:45:09.191Z] [INFO]   - Payment status sync: Daily at 1:00 AM
[2026-04-20T10:45:09.191Z] [INFO]   - Inventory expiry checks + alerts: Daily at 6:00 AM
[2026-04-20T10:45:09.191Z] [INFO]   - Reminder emails (7d/3d/final): Daily at 9:00 AM
[2026-04-20T10:45:09.192Z] [INFO]   - Incomplete users cleanup: Daily at 3:15 AM
[2026-04-20T10:45:09.191Z] [INFO]   - Pending users cleanup: Daily at 3:00 AM
[2026-04-20T10:45:09.191Z] [INFO] All cron jobs initialized:
[2026-04-20T10:45:09.192Z] [INFO]   - OTP daily limits cleanup: Daily at 3:45 AM
[2026-04-20T10:45:09.192Z] [INFO]   - Deletion logs cleanup: Daily at 3:30 AM
[2026-04-20T10:45:09.192Z] [INFO]   - Scheduled broadcasts: Every 5 minutes
[2026-04-20T10:50:59.455Z] [INFO] Initializing cron jobs...
[2026-04-20T10:50:59.456Z] [INFO] Distributed locking: ENABLED
[2026-04-20T10:50:59.456Z] [INFO] Instance ID: CHKTHN-LOQ-20888-941c4f8c
[2026-04-20T10:50:59.465Z] [INFO] [File Cleanup] Email attachment cleanup worker initialized (daily at 4:00 AM)
[2026-04-20T10:50:59.467Z] [INFO] Plan transition job scheduled (daily at 2:00 AM)
[2026-04-20T10:50:59.465Z] [INFO] Email broadcast worker: Every 1 minute
[2026-04-20T10:50:59.469Z] [INFO] Subscription lifecycle job scheduled (every hour)
[2026-04-20T10:50:59.463Z] [INFO] [Email Cron] Email broadcast worker initialized (every 1 minute)
[2026-04-20T10:50:59.471Z] [INFO] Payment status sync job scheduled (daily at 1:00 AM)
[2026-04-20T10:50:59.473Z] [INFO] Reminder job scheduled (daily at 9:00 AM)
[2026-04-20T10:50:59.476Z] [INFO] Inventory expiry job scheduled (daily at 6:00 AM)
[2026-04-20T10:50:59.477Z] [INFO] Scheduled broadcasts job initialized (every 5 minutes)
[2026-04-20T10:50:59.486Z] [INFO] All cron jobs initialized:
[2026-04-20T10:50:59.465Z] [INFO] Email file cleanup: Daily at 4:00 AM
[2026-04-20T10:50:59.487Z] [INFO]   - Subscription lifecycle + emails: Every hour
[2026-04-20T10:50:59.486Z] [INFO]   - Plan transition: Daily at 2:00 AM
[2026-04-20T10:50:59.487Z] [INFO]   - Inventory expiry checks + alerts: Daily at 6:00 AM
[2026-04-20T10:50:59.487Z] [INFO]   - Payment status sync: Daily at 1:00 AM
[2026-04-20T10:50:59.487Z] [INFO]   - Pending users cleanup: Daily at 3:00 AM
[2026-04-20T10:50:59.487Z] [INFO]   - Reminder emails (7d/3d/final): Daily at 9:00 AM
[2026-04-20T10:50:59.487Z] [INFO]   - Deletion logs cleanup: Daily at 3:30 AM
[2026-04-20T10:50:59.487Z] [INFO]   - OTP daily limits cleanup: Daily at 3:45 AM
[2026-04-20T10:50:59.486Z] [INFO]   - Session cleanup: Every hour
[2026-04-20T10:50:59.487Z] [INFO]   - Incomplete users cleanup: Daily at 3:15 AM
[2026-04-20T10:50:59.487Z] [INFO]   - Scheduled broadcasts: Every 5 minutes
[2026-04-20T10:55:00.023Z] [INFO] Checking for scheduled broadcasts...
[2026-04-20T10:55:00.031Z] [INFO] No scheduled broadcasts due for sending
[2026-04-20T11:00:00.030Z] [INFO] Checking for scheduled broadcasts...
[2026-04-20T11:00:00.034Z] [INFO] No scheduled broadcasts due for sending
[2026-04-20T11:05:00.031Z] [INFO] Checking for scheduled broadcasts...
[2026-04-20T11:05:00.037Z] [INFO] No scheduled broadcasts due for sending
[2026-04-20T11:10:00.043Z] [INFO] Checking for scheduled broadcasts...
[2026-04-20T11:10:00.052Z] [INFO] No scheduled broadcasts due for sending
[2026-04-20T11:15:00.020Z] [INFO] Checking for scheduled broadcasts...
[2026-04-20T11:15:00.023Z] [INFO] No scheduled broadcasts due for sending
[2026-04-20T11:20:00.030Z] [INFO] Checking for scheduled broadcasts...
[2026-04-20T11:20:00.036Z] [INFO] No scheduled broadcasts due for sending
[2026-04-20T11:20:18.512Z] [INFO] Initializing cron jobs...
[2026-04-20T11:20:18.512Z] [INFO] Instance ID: CHKTHN-LOQ-16192-9b9137a2
[2026-04-20T11:20:18.517Z] [INFO] [Email Cron] Email broadcast worker initialized (every 1 minute)
[2026-04-20T11:20:18.519Z] [INFO] Email file cleanup: Daily at 4:00 AM
[2026-04-20T11:20:18.519Z] [INFO] [File Cleanup] Email attachment cleanup worker initialized (daily at 4:00 AM)
[2026-04-20T11:20:18.513Z] [INFO] Distributed locking: ENABLED
[2026-04-20T11:20:18.519Z] [INFO] Email broadcast worker: Every 1 minute
[2026-04-20T11:20:18.521Z] [INFO] Plan transition job scheduled (daily at 2:00 AM)
[2026-04-20T11:20:18.523Z] [INFO] Subscription lifecycle job scheduled (every hour)
[2026-04-20T11:20:18.525Z] [INFO] Payment status sync job scheduled (daily at 1:00 AM)
[2026-04-20T11:20:18.527Z] [INFO] Reminder job scheduled (daily at 9:00 AM)
[2026-04-20T11:20:18.529Z] [INFO] Inventory expiry job scheduled (daily at 6:00 AM)
[2026-04-20T11:20:18.531Z] [INFO] Scheduled broadcasts job initialized (every 5 minutes)
[2026-04-20T11:20:18.540Z] [INFO] All cron jobs initialized:
[2026-04-20T11:20:18.540Z] [INFO]   - Session cleanup: Every hour
[2026-04-20T11:20:18.541Z] [INFO]   - Subscription lifecycle + emails: Every hour
[2026-04-20T11:20:18.541Z] [INFO]   - Payment status sync: Daily at 1:00 AM
[2026-04-20T11:20:18.541Z] [INFO]   - Reminder emails (7d/3d/final): Daily at 9:00 AM
[2026-04-20T11:20:18.540Z] [INFO]   - Plan transition: Daily at 2:00 AM
[2026-04-20T11:20:18.541Z] [INFO]   - Inventory expiry checks + alerts: Daily at 6:00 AM
[2026-04-20T11:20:18.541Z] [INFO]   - Pending users cleanup: Daily at 3:00 AM
[2026-04-20T11:20:18.541Z] [INFO]   - Incomplete users cleanup: Daily at 3:15 AM
[2026-04-20T11:20:18.541Z] [INFO]   - Deletion logs cleanup: Daily at 3:30 AM
[2026-04-20T11:20:18.541Z] [INFO]   - Scheduled broadcasts: Every 5 minutes
[2026-04-20T11:20:18.541Z] [INFO]   - OTP daily limits cleanup: Daily at 3:45 AM
[2026-04-20T11:24:37.461Z] [INFO] Initializing cron jobs...
[2026-04-20T11:24:37.461Z] [INFO] Distributed locking: ENABLED
[2026-04-20T11:24:37.461Z] [INFO] Instance ID: CHKTHN-LOQ-26124-e36cda35
[2026-04-20T11:24:37.467Z] [INFO] [File Cleanup] Email attachment cleanup worker initialized (daily at 4:00 AM)
[2026-04-20T11:24:37.465Z] [INFO] [Email Cron] Email broadcast worker initialized (every 1 minute)
[2026-04-20T11:24:37.467Z] [INFO] Email broadcast worker: Every 1 minute
[2026-04-20T11:24:37.467Z] [INFO] Email file cleanup: Daily at 4:00 AM
[2026-04-20T11:24:37.469Z] [INFO] Plan transition job scheduled (daily at 2:00 AM)
[2026-04-20T11:24:37.471Z] [INFO] Subscription lifecycle job scheduled (every hour)
[2026-04-20T11:24:37.473Z] [INFO] Payment status sync job scheduled (daily at 1:00 AM)
[2026-04-20T11:24:37.476Z] [INFO] Inventory expiry job scheduled (daily at 6:00 AM)
[2026-04-20T11:24:37.474Z] [INFO] Reminder job scheduled (daily at 9:00 AM)
[2026-04-20T11:24:37.477Z] [INFO] Scheduled broadcasts job initialized (every 5 minutes)
[2026-04-20T11:24:37.483Z] [INFO] All cron jobs initialized:
[2026-04-20T11:24:37.483Z] [INFO]   - Session cleanup: Every hour
[2026-04-20T11:24:37.483Z] [INFO]   - Subscription lifecycle + emails: Every hour
[2026-04-20T11:24:37.483Z] [INFO]   - Plan transition: Daily at 2:00 AM
[2026-04-20T11:24:37.483Z] [INFO]   - Inventory expiry checks + alerts: Daily at 6:00 AM
[2026-04-20T11:24:37.483Z] [INFO]   - Payment status sync: Daily at 1:00 AM
[2026-04-20T11:24:37.483Z] [INFO]   - Reminder emails (7d/3d/final): Daily at 9:00 AM
[2026-04-20T11:24:37.483Z] [INFO]   - Pending users cleanup: Daily at 3:00 AM
[2026-04-20T11:24:37.483Z] [INFO]   - Deletion logs cleanup: Daily at 3:30 AM
[2026-04-20T11:24:37.483Z] [INFO]   - Incomplete users cleanup: Daily at 3:15 AM
[2026-04-20T11:24:37.483Z] [INFO]   - OTP daily limits cleanup: Daily at 3:45 AM
[2026-04-20T11:24:37.483Z] [INFO]   - Scheduled broadcasts: Every 5 minutes
[2026-04-20T11:24:47.050Z] [INFO] Initializing cron jobs...
[2026-04-20T11:24:47.051Z] [INFO] Instance ID: CHKTHN-LOQ-21456-65e25937
[2026-04-20T11:24:47.051Z] [INFO] Distributed locking: ENABLED
[2026-04-20T11:24:47.055Z] [INFO] [Email Cron] Email broadcast worker initialized (every 1 minute)
[2026-04-20T11:24:47.057Z] [INFO] [File Cleanup] Email attachment cleanup worker initialized (daily at 4:00 AM)
[2026-04-20T11:24:47.057Z] [INFO] Email broadcast worker: Every 1 minute
[2026-04-20T11:24:47.057Z] [INFO] Email file cleanup: Daily at 4:00 AM
[2026-04-20T11:24:47.059Z] [INFO] Plan transition job scheduled (daily at 2:00 AM)
[2026-04-20T11:24:47.061Z] [INFO] Subscription lifecycle job scheduled (every hour)
[2026-04-20T11:24:47.062Z] [INFO] Payment status sync job scheduled (daily at 1:00 AM)
[2026-04-20T11:24:47.064Z] [INFO] Reminder job scheduled (daily at 9:00 AM)
[2026-04-20T11:24:47.066Z] [INFO] Inventory expiry job scheduled (daily at 6:00 AM)
[2026-04-20T11:24:47.068Z] [INFO] Scheduled broadcasts job initialized (every 5 minutes)
[2026-04-20T11:24:47.075Z] [INFO] All cron jobs initialized:
[2026-04-20T11:24:47.075Z] [INFO]   - Session cleanup: Every hour
[2026-04-20T11:24:47.075Z] [INFO]   - Plan transition: Daily at 2:00 AM
[2026-04-20T11:24:47.075Z] [INFO]   - Inventory expiry checks + alerts: Daily at 6:00 AM
[2026-04-20T11:24:47.075Z] [INFO]   - Pending users cleanup: Daily at 3:00 AM
[2026-04-20T11:24:47.075Z] [INFO]   - Payment status sync: Daily at 1:00 AM
[2026-04-20T11:24:47.075Z] [INFO]   - Reminder emails (7d/3d/final): Daily at 9:00 AM
[2026-04-20T11:24:47.075Z] [INFO]   - Scheduled broadcasts: Every 5 minutes
[2026-04-20T11:24:47.075Z] [INFO]   - Deletion logs cleanup: Daily at 3:30 AM
[2026-04-20T11:24:47.075Z] [INFO]   - OTP daily limits cleanup: Daily at 3:45 AM
[2026-04-20T11:24:47.075Z] [INFO]   - Incomplete users cleanup: Daily at 3:15 AM
[2026-04-20T11:24:47.075Z] [INFO]   - Subscription lifecycle + emails: Every hour
[2026-04-20T11:25:00.043Z] [INFO] Checking for scheduled broadcasts...
[2026-04-20T11:25:00.047Z] [INFO] No scheduled broadcasts due for sending
[2026-04-20T11:30:00.042Z] [INFO] Starting subscription lifecycle check...
[2026-04-20T11:30:00.043Z] [INFO] Checking for scheduled broadcasts...
[2026-04-20T11:30:00.053Z] [INFO] Subscription lifecycle complete | Grace: 0 | Suspended: 0
[2026-04-20T11:30:00.055Z] [INFO] No scheduled broadcasts due for sending
[2026-04-20T11:35:00.051Z] [INFO] Checking for scheduled broadcasts...
[2026-04-20T11:35:00.060Z] [INFO] No scheduled broadcasts due for sending
[2026-04-20T11:40:00.050Z] [INFO] Checking for scheduled broadcasts...
[2026-04-20T11:40:00.059Z] [INFO] No scheduled broadcasts due for sending
[2026-04-20T11:45:00.050Z] [INFO] Checking for scheduled broadcasts...
[2026-04-20T11:45:00.057Z] [INFO] No scheduled broadcasts due for sending
[2026-04-20T11:50:00.038Z] [INFO] Checking for scheduled broadcasts...
[2026-04-20T11:50:00.042Z] [INFO] No scheduled broadcasts due for sending
[2026-04-20T11:55:00.030Z] [INFO] Checking for scheduled broadcasts...
[2026-04-20T11:55:00.035Z] [INFO] No scheduled broadcasts due for sending
[2026-04-20T11:58:19.961Z] [INFO] Initializing cron jobs...
[2026-04-20T11:58:19.962Z] [INFO] Instance ID: CHKTHN-LOQ-132-56405823
[2026-04-20T11:58:19.962Z] [INFO] Distributed locking: ENABLED
[2026-04-20T11:58:19.969Z] [INFO] [File Cleanup] Email attachment cleanup worker initialized (daily at 4:00 AM)
[2026-04-20T11:58:19.966Z] [INFO] [Email Cron] Email broadcast worker initialized (every 1 minute)
[2026-04-20T11:58:19.969Z] [INFO] Email file cleanup: Daily at 4:00 AM
[2026-04-20T11:58:19.969Z] [INFO] Email broadcast worker: Every 1 minute
[2026-04-20T11:58:19.971Z] [INFO] Plan transition job scheduled (daily at 2:00 AM)
[2026-04-20T11:58:19.973Z] [INFO] Subscription lifecycle job scheduled (every hour)
[2026-04-20T11:58:19.975Z] [INFO] Payment status sync job scheduled (daily at 1:00 AM)
[2026-04-20T11:58:19.978Z] [INFO] Reminder job scheduled (daily at 9:00 AM)
[2026-04-20T11:58:19.979Z] [INFO] Inventory expiry job scheduled (daily at 6:00 AM)
[2026-04-20T11:58:19.981Z] [INFO] Scheduled broadcasts job initialized (every 5 minutes)
[2026-04-20T11:58:19.989Z] [INFO]   - Session cleanup: Every hour
[2026-04-20T11:58:19.989Z] [INFO]   - Subscription lifecycle + emails: Every hour
[2026-04-20T11:58:19.989Z] [INFO]   - Inventory expiry checks + alerts: Daily at 6:00 AM
[2026-04-20T11:58:19.989Z] [INFO]   - Payment status sync: Daily at 1:00 AM
[2026-04-20T11:58:19.989Z] [INFO]   - Reminder emails (7d/3d/final): Daily at 9:00 AM
[2026-04-20T11:58:19.989Z] [INFO] All cron jobs initialized:
[2026-04-20T11:58:19.989Z] [INFO]   - Pending users cleanup: Daily at 3:00 AM
[2026-04-20T11:58:19.989Z] [INFO]   - Incomplete users cleanup: Daily at 3:15 AM
[2026-04-20T11:58:19.989Z] [INFO]   - OTP daily limits cleanup: Daily at 3:45 AM
[2026-04-20T11:58:19.989Z] [INFO]   - Plan transition: Daily at 2:00 AM
[2026-04-20T11:58:19.989Z] [INFO]   - Scheduled broadcasts: Every 5 minutes
[2026-04-20T11:58:19.989Z] [INFO]   - Deletion logs cleanup: Daily at 3:30 AM
