[2026-04-30T04:46:42.990Z] [INFO] Distributed locking: ENABLED
[2026-04-30T04:46:42.990Z] [INFO] Instance ID: CHKTHN-LOQ-20088-7d87b765
[2026-04-30T04:46:43.001Z] [INFO] [File Cleanup] Email attachment cleanup worker initialized (daily at 4:00 AM)
[2026-04-30T04:46:42.990Z] [INFO] Initializing cron jobs...
[2026-04-30T04:46:42.998Z] [INFO] [Email Cron] Email broadcast worker initialized (every 1 minute)
[2026-04-30T04:46:43.004Z] [INFO] Plan transition job scheduled (daily at 2:00 AM)
[2026-04-30T04:46:43.005Z] [INFO] Subscription lifecycle job scheduled (every hour)
[2026-04-30T04:46:43.008Z] [INFO] Payment status sync job scheduled (daily at 1:00 AM)
[2026-04-30T04:46:43.001Z] [INFO] Email file cleanup: Daily at 4:00 AM
[2026-04-30T04:46:43.014Z] [INFO] Inventory expiry job scheduled (daily at 6:00 AM)
[2026-04-30T04:46:43.001Z] [INFO] Email broadcast worker: Every 1 minute
[2026-04-30T04:46:43.011Z] [INFO] Reminder job scheduled (daily at 9:00 AM)
[2026-04-30T04:46:43.026Z] [INFO]   - Session cleanup: Every hour
[2026-04-30T04:46:43.015Z] [INFO] Scheduled broadcasts job initialized (every 5 minutes)
[2026-04-30T04:46:43.026Z] [INFO]   - Plan transition: Daily at 2:00 AM
[2026-04-30T04:46:43.026Z] [INFO]   - Payment status sync: Daily at 1:00 AM
[2026-04-30T04:46:43.026Z] [INFO]   - Inventory expiry checks + alerts: Daily at 6:00 AM
[2026-04-30T04:46:43.026Z] [INFO]   - Reminder emails (7d/3d/final): Daily at 9:00 AM
[2026-04-30T04:46:43.026Z] [INFO]   - Subscription lifecycle + emails: Every hour
[2026-04-30T04:46:43.026Z] [INFO]   - Incomplete users cleanup: Daily at 3:15 AM
[2026-04-30T04:46:43.026Z] [INFO]   - Pending users cleanup: Daily at 3:00 AM
[2026-04-30T04:46:43.026Z] [INFO]   - Deletion logs cleanup: Daily at 3:30 AM
[2026-04-30T04:46:43.026Z] [INFO] All cron jobs initialized:
[2026-04-30T04:46:43.026Z] [INFO]   - OTP daily limits cleanup: Daily at 3:45 AM
[2026-04-30T04:46:43.026Z] [INFO]   - Scheduled broadcasts: Every 5 minutes
[2026-04-30T04:50:00.048Z] [INFO] Checking for scheduled broadcasts...
[2026-04-30T04:50:00.057Z] [INFO] No scheduled broadcasts due for sending
[2026-04-30T04:55:00.036Z] [INFO] Checking for scheduled broadcasts...
[2026-04-30T04:55:00.041Z] [INFO] No scheduled broadcasts due for sending
[2026-04-30T05:00:00.023Z] [INFO] Checking for scheduled broadcasts...
[2026-04-30T05:00:00.032Z] [INFO] No scheduled broadcasts due for sending
[2026-04-30T05:05:00.035Z] [INFO] Checking for scheduled broadcasts...
[2026-04-30T05:05:00.043Z] [INFO] No scheduled broadcasts due for sending
[2026-04-30T05:07:03.994Z] [INFO] Initializing cron jobs...
[2026-04-30T05:07:03.994Z] [INFO] Instance ID: CHKTHN-LOQ-1964-c89d6500
[2026-04-30T05:07:03.994Z] [INFO] Distributed locking: ENABLED
[2026-04-30T05:07:03.999Z] [INFO] [Email Cron] Email broadcast worker initialized (every 1 minute)
[2026-04-30T05:07:04.001Z] [INFO] Email file cleanup: Daily at 4:00 AM
[2026-04-30T05:07:04.001Z] [INFO] Email broadcast worker: Every 1 minute
[2026-04-30T05:07:04.003Z] [INFO] Plan transition job scheduled (daily at 2:00 AM)
[2026-04-30T05:07:04.001Z] [INFO] [File Cleanup] Email attachment cleanup worker initialized (daily at 4:00 AM)
[2026-04-30T05:07:04.005Z] [INFO] Subscription lifecycle job scheduled (every hour)
[2026-04-30T05:07:04.009Z] [INFO] Reminder job scheduled (daily at 9:00 AM)
[2026-04-30T05:07:04.007Z] [INFO] Payment status sync job scheduled (daily at 1:00 AM)
[2026-04-30T05:07:04.014Z] [INFO] Scheduled broadcasts job initialized (every 5 minutes)
[2026-04-30T05:07:04.012Z] [INFO] Inventory expiry job scheduled (daily at 6:00 AM)
[2026-04-30T05:07:04.023Z] [INFO] All cron jobs initialized:
[2026-04-30T05:07:04.023Z] [INFO]   - Subscription lifecycle + emails: Every hour
[2026-04-30T05:07:04.023Z] [INFO]   - Plan transition: Daily at 2:00 AM
[2026-04-30T05:07:04.023Z] [INFO]   - Session cleanup: Every hour
[2026-04-30T05:07:04.023Z] [INFO]   - Payment status sync: Daily at 1:00 AM
[2026-04-30T05:07:04.023Z] [INFO]   - Inventory expiry checks + alerts: Daily at 6:00 AM
[2026-04-30T05:07:04.023Z] [INFO]   - Pending users cleanup: Daily at 3:00 AM
[2026-04-30T05:07:04.023Z] [INFO]   - Reminder emails (7d/3d/final): Daily at 9:00 AM
[2026-04-30T05:07:04.023Z] [INFO]   - Incomplete users cleanup: Daily at 3:15 AM
[2026-04-30T05:07:04.023Z] [INFO]   - Scheduled broadcasts: Every 5 minutes
[2026-04-30T05:07:04.023Z] [INFO]   - Deletion logs cleanup: Daily at 3:30 AM
[2026-04-30T05:07:04.023Z] [INFO]   - OTP daily limits cleanup: Daily at 3:45 AM
[2026-04-30T05:07:10.870Z] [INFO] Initializing cron jobs...
[2026-04-30T05:07:10.871Z] [INFO] Distributed locking: ENABLED
[2026-04-30T05:07:10.871Z] [INFO] Instance ID: CHKTHN-LOQ-7768-867a85f3
[2026-04-30T05:07:10.882Z] [INFO] [File Cleanup] Email attachment cleanup worker initialized (daily at 4:00 AM)
[2026-04-30T05:07:10.879Z] [INFO] [Email Cron] Email broadcast worker initialized (every 1 minute)
[2026-04-30T05:07:10.886Z] [INFO] Plan transition job scheduled (daily at 2:00 AM)
[2026-04-30T05:07:10.891Z] [INFO] Subscription lifecycle job scheduled (every hour)
[2026-04-30T05:07:10.882Z] [INFO] Email broadcast worker: Every 1 minute
[2026-04-30T05:07:10.894Z] [INFO] Payment status sync job scheduled (daily at 1:00 AM)
[2026-04-30T05:07:10.882Z] [INFO] Email file cleanup: Daily at 4:00 AM
[2026-04-30T05:07:10.897Z] [INFO] Reminder job scheduled (daily at 9:00 AM)
[2026-04-30T05:07:10.900Z] [INFO] Scheduled broadcasts job initialized (every 5 minutes)
[2026-04-30T05:07:10.908Z] [INFO]   - Session cleanup: Every hour
[2026-04-30T05:07:10.899Z] [INFO] Inventory expiry job scheduled (daily at 6:00 AM)
[2026-04-30T05:07:10.908Z] [INFO]   - Subscription lifecycle + emails: Every hour
[2026-04-30T05:07:10.908Z] [INFO]   - Plan transition: Daily at 2:00 AM
[2026-04-30T05:07:10.908Z] [INFO]   - Inventory expiry checks + alerts: Daily at 6:00 AM
[2026-04-30T05:07:10.908Z] [INFO]   - Reminder emails (7d/3d/final): Daily at 9:00 AM
[2026-04-30T05:07:10.908Z] [INFO]   - Payment status sync: Daily at 1:00 AM
[2026-04-30T05:07:10.908Z] [INFO]   - Incomplete users cleanup: Daily at 3:15 AM
[2026-04-30T05:07:10.908Z] [INFO]   - Pending users cleanup: Daily at 3:00 AM
[2026-04-30T05:07:10.908Z] [INFO]   - Scheduled broadcasts: Every 5 minutes
[2026-04-30T05:07:10.908Z] [INFO]   - Deletion logs cleanup: Daily at 3:30 AM
[2026-04-30T05:07:10.908Z] [INFO]   - OTP daily limits cleanup: Daily at 3:45 AM
[2026-04-30T05:07:10.908Z] [INFO] All cron jobs initialized:
[2026-04-30T05:07:17.488Z] [INFO] Initializing cron jobs...
[2026-04-30T05:07:17.488Z] [INFO] Instance ID: CHKTHN-LOQ-20552-c839714e
[2026-04-30T05:07:17.488Z] [INFO] Distributed locking: ENABLED
[2026-04-30T05:07:17.494Z] [INFO] [Email Cron] Email broadcast worker initialized (every 1 minute)
[2026-04-30T05:07:17.497Z] [INFO] [File Cleanup] Email attachment cleanup worker initialized (daily at 4:00 AM)
[2026-04-30T05:07:17.497Z] [INFO] Email file cleanup: Daily at 4:00 AM
[2026-04-30T05:07:17.497Z] [INFO] Email broadcast worker: Every 1 minute
[2026-04-30T05:07:17.499Z] [INFO] Plan transition job scheduled (daily at 2:00 AM)
[2026-04-30T05:07:17.504Z] [INFO] Subscription lifecycle job scheduled (every hour)
[2026-04-30T05:07:17.512Z] [INFO] Reminder job scheduled (daily at 9:00 AM)
[2026-04-30T05:07:17.510Z] [INFO] Payment status sync job scheduled (daily at 1:00 AM)
[2026-04-30T05:07:17.514Z] [INFO] Inventory expiry job scheduled (daily at 6:00 AM)
[2026-04-30T05:07:17.518Z] [INFO] Scheduled broadcasts job initialized (every 5 minutes)
[2026-04-30T05:07:17.529Z] [INFO]   - Plan transition: Daily at 2:00 AM
[2026-04-30T05:07:17.529Z] [INFO] All cron jobs initialized:
[2026-04-30T05:07:17.529Z] [INFO]   - Session cleanup: Every hour
[2026-04-30T05:07:17.529Z] [INFO]   - Subscription lifecycle + emails: Every hour
[2026-04-30T05:07:17.529Z] [INFO]   - Payment status sync: Daily at 1:00 AM
[2026-04-30T05:07:17.530Z] [INFO]   - Inventory expiry checks + alerts: Daily at 6:00 AM
[2026-04-30T05:07:17.530Z] [INFO]   - Reminder emails (7d/3d/final): Daily at 9:00 AM
[2026-04-30T05:07:17.530Z] [INFO]   - Pending users cleanup: Daily at 3:00 AM
[2026-04-30T05:07:17.530Z] [INFO]   - Deletion logs cleanup: Daily at 3:30 AM
[2026-04-30T05:07:17.530Z] [INFO]   - OTP daily limits cleanup: Daily at 3:45 AM
[2026-04-30T05:07:17.530Z] [INFO]   - Scheduled broadcasts: Every 5 minutes
[2026-04-30T05:07:17.530Z] [INFO]   - Incomplete users cleanup: Daily at 3:15 AM
[2026-04-30T05:07:24.536Z] [INFO] Initializing cron jobs...
[2026-04-30T05:07:24.537Z] [INFO] Instance ID: CHKTHN-LOQ-11580-267db6f0
[2026-04-30T05:07:24.537Z] [INFO] Distributed locking: ENABLED
[2026-04-30T05:07:24.544Z] [INFO] [File Cleanup] Email attachment cleanup worker initialized (daily at 4:00 AM)
[2026-04-30T05:07:24.544Z] [INFO] Email file cleanup: Daily at 4:00 AM
[2026-04-30T05:07:24.541Z] [INFO] [Email Cron] Email broadcast worker initialized (every 1 minute)
[2026-04-30T05:07:24.544Z] [INFO] Email broadcast worker: Every 1 minute
[2026-04-30T05:07:24.547Z] [INFO] Plan transition job scheduled (daily at 2:00 AM)
[2026-04-30T05:07:24.549Z] [INFO] Subscription lifecycle job scheduled (every hour)
[2026-04-30T05:07:24.552Z] [INFO] Payment status sync job scheduled (daily at 1:00 AM)
[2026-04-30T05:07:24.558Z] [INFO] Scheduled broadcasts job initialized (every 5 minutes)
[2026-04-30T05:07:24.556Z] [INFO] Inventory expiry job scheduled (daily at 6:00 AM)
[2026-04-30T05:07:24.565Z] [INFO] All cron jobs initialized:
[2026-04-30T05:07:24.566Z] [INFO]   - Plan transition: Daily at 2:00 AM
[2026-04-30T05:07:24.566Z] [INFO]   - Session cleanup: Every hour
[2026-04-30T05:07:24.554Z] [INFO] Reminder job scheduled (daily at 9:00 AM)
[2026-04-30T05:07:24.566Z] [INFO]   - Subscription lifecycle + emails: Every hour
[2026-04-30T05:07:24.566Z] [INFO]   - Inventory expiry checks + alerts: Daily at 6:00 AM
[2026-04-30T05:07:24.566Z] [INFO]   - Payment status sync: Daily at 1:00 AM
[2026-04-30T05:07:24.566Z] [INFO]   - Reminder emails (7d/3d/final): Daily at 9:00 AM
[2026-04-30T05:07:24.566Z] [INFO]   - Deletion logs cleanup: Daily at 3:30 AM
[2026-04-30T05:07:24.566Z] [INFO]   - Incomplete users cleanup: Daily at 3:15 AM
[2026-04-30T05:07:24.566Z] [INFO]   - Scheduled broadcasts: Every 5 minutes
[2026-04-30T05:07:24.566Z] [INFO]   - OTP daily limits cleanup: Daily at 3:45 AM
[2026-04-30T05:07:24.566Z] [INFO]   - Pending users cleanup: Daily at 3:00 AM
[2026-04-30T05:07:33.396Z] [INFO] Initializing cron jobs...
[2026-04-30T05:07:33.396Z] [INFO] Instance ID: CHKTHN-LOQ-13468-f80bb2ec
[2026-04-30T05:07:33.396Z] [INFO] Distributed locking: ENABLED
[2026-04-30T05:07:33.404Z] [INFO] [File Cleanup] Email attachment cleanup worker initialized (daily at 4:00 AM)
[2026-04-30T05:07:33.401Z] [INFO] [Email Cron] Email broadcast worker initialized (every 1 minute)
[2026-04-30T05:07:33.404Z] [INFO] Email broadcast worker: Every 1 minute
[2026-04-30T05:07:33.411Z] [INFO] Subscription lifecycle job scheduled (every hour)
[2026-04-30T05:07:33.413Z] [INFO] Payment status sync job scheduled (daily at 1:00 AM)
[2026-04-30T05:07:33.415Z] [INFO] Reminder job scheduled (daily at 9:00 AM)
[2026-04-30T05:07:33.404Z] [INFO] Email file cleanup: Daily at 4:00 AM
[2026-04-30T05:07:33.408Z] [INFO] Plan transition job scheduled (daily at 2:00 AM)
[2026-04-30T05:07:33.419Z] [INFO] Scheduled broadcasts job initialized (every 5 minutes)
[2026-04-30T05:07:33.428Z] [INFO] All cron jobs initialized:
[2026-04-30T05:07:33.417Z] [INFO] Inventory expiry job scheduled (daily at 6:00 AM)
[2026-04-30T05:07:33.428Z] [INFO]   - Session cleanup: Every hour
[2026-04-30T05:07:33.428Z] [INFO]   - Subscription lifecycle + emails: Every hour
[2026-04-30T05:07:33.428Z] [INFO]   - Plan transition: Daily at 2:00 AM
[2026-04-30T05:07:33.428Z] [INFO]   - Reminder emails (7d/3d/final): Daily at 9:00 AM
[2026-04-30T05:07:33.428Z] [INFO]   - Inventory expiry checks + alerts: Daily at 6:00 AM
[2026-04-30T05:07:33.428Z] [INFO]   - Payment status sync: Daily at 1:00 AM
[2026-04-30T05:07:33.428Z] [INFO]   - Pending users cleanup: Daily at 3:00 AM
[2026-04-30T05:07:33.428Z] [INFO]   - Incomplete users cleanup: Daily at 3:15 AM
[2026-04-30T05:07:33.428Z] [INFO]   - OTP daily limits cleanup: Daily at 3:45 AM
[2026-04-30T05:07:33.428Z] [INFO]   - Scheduled broadcasts: Every 5 minutes
[2026-04-30T05:07:33.428Z] [INFO]   - Deletion logs cleanup: Daily at 3:30 AM
[2026-04-30T05:10:00.023Z] [INFO] Checking for scheduled broadcasts...
[2026-04-30T05:10:00.035Z] [INFO] No scheduled broadcasts due for sending
[2026-04-30T05:15:00.067Z] [INFO] Checking for scheduled broadcasts...
[2026-04-30T05:15:00.073Z] [INFO] No scheduled broadcasts due for sending
[2026-04-30T05:20:00.035Z] [INFO] Checking for scheduled broadcasts...
[2026-04-30T05:20:00.037Z] [INFO] No scheduled broadcasts due for sending
[2026-04-30T05:25:00.021Z] [INFO] Checking for scheduled broadcasts...
[2026-04-30T05:25:00.025Z] [INFO] No scheduled broadcasts due for sending
[2026-04-30T05:30:00.052Z] [INFO] Starting subscription lifecycle check...
[2026-04-30T05:30:00.072Z] [INFO] Subscription lifecycle complete | Grace: 0 | Suspended: 0
[2026-04-30T05:30:00.104Z] [INFO] Checking for scheduled broadcasts...
[2026-04-30T05:30:00.108Z] [INFO] No scheduled broadcasts due for sending
[2026-04-30T05:35:00.027Z] [INFO] Checking for scheduled broadcasts...
[2026-04-30T05:35:00.030Z] [INFO] No scheduled broadcasts due for sending
[2026-04-30T05:40:00.034Z] [INFO] Checking for scheduled broadcasts...
[2026-04-30T05:40:00.042Z] [INFO] No scheduled broadcasts due for sending
[2026-04-30T05:45:00.030Z] [INFO] Checking for scheduled broadcasts...
[2026-04-30T05:45:00.036Z] [INFO] No scheduled broadcasts due for sending
[2026-04-30T05:50:00.212Z] [INFO] Checking for scheduled broadcasts...
[2026-04-30T05:50:00.216Z] [INFO] No scheduled broadcasts due for sending
[2026-04-30T05:55:00.034Z] [INFO] Checking for scheduled broadcasts...
[2026-04-30T05:55:00.039Z] [INFO] No scheduled broadcasts due for sending
[2026-04-30T06:00:00.039Z] [INFO] Checking for scheduled broadcasts...
[2026-04-30T06:00:00.048Z] [INFO] No scheduled broadcasts due for sending
[2026-04-30T06:05:00.092Z] [INFO] Checking for scheduled broadcasts...
[2026-04-30T06:05:00.096Z] [INFO] No scheduled broadcasts due for sending
[2026-04-30T06:10:00.031Z] [INFO] Checking for scheduled broadcasts...
[2026-04-30T06:10:00.034Z] [INFO] No scheduled broadcasts due for sending
[2026-04-30T06:15:00.023Z] [INFO] Checking for scheduled broadcasts...
[2026-04-30T06:15:00.027Z] [INFO] No scheduled broadcasts due for sending
[2026-04-30T06:20:00.028Z] [INFO] Checking for scheduled broadcasts...
[2026-04-30T06:20:00.032Z] [INFO] No scheduled broadcasts due for sending
[2026-04-30T06:25:00.050Z] [INFO] Checking for scheduled broadcasts...
[2026-04-30T06:25:00.057Z] [INFO] No scheduled broadcasts due for sending
[2026-04-30T06:30:00.046Z] [INFO] Checking for scheduled broadcasts...
[2026-04-30T06:30:00.047Z] [INFO] Starting subscription lifecycle check...
[2026-04-30T06:30:00.051Z] [INFO] No scheduled broadcasts due for sending
[2026-04-30T06:30:00.052Z] [INFO] Subscription lifecycle complete | Grace: 0 | Suspended: 0
[2026-04-30T06:35:00.035Z] [INFO] Checking for scheduled broadcasts...
[2026-04-30T06:35:00.039Z] [INFO] No scheduled broadcasts due for sending
[2026-04-30T06:40:00.086Z] [INFO] Checking for scheduled broadcasts...
[2026-04-30T06:40:00.091Z] [INFO] No scheduled broadcasts due for sending
[2026-04-30T06:45:00.047Z] [INFO] Checking for scheduled broadcasts...
[2026-04-30T06:45:00.057Z] [INFO] No scheduled broadcasts due for sending
[2026-04-30T06:50:00.048Z] [INFO] Checking for scheduled broadcasts...
[2026-04-30T06:50:00.053Z] [INFO] No scheduled broadcasts due for sending
[2026-04-30T06:55:00.031Z] [INFO] Checking for scheduled broadcasts...
[2026-04-30T06:55:00.038Z] [INFO] No scheduled broadcasts due for sending
[2026-04-30T07:00:00.027Z] [INFO] Checking for scheduled broadcasts...
[2026-04-30T07:00:00.037Z] [INFO] No scheduled broadcasts due for sending
[2026-04-30T07:05:00.028Z] [INFO] Checking for scheduled broadcasts...
[2026-04-30T07:05:00.033Z] [INFO] No scheduled broadcasts due for sending
[2026-04-30T07:10:00.049Z] [INFO] Checking for scheduled broadcasts...
[2026-04-30T07:10:00.055Z] [INFO] No scheduled broadcasts due for sending
[2026-04-30T07:15:00.029Z] [INFO] Checking for scheduled broadcasts...
[2026-04-30T07:15:00.033Z] [INFO] No scheduled broadcasts due for sending
[2026-04-30T07:19:26.981Z] [INFO] Initializing cron jobs...
[2026-04-30T07:19:26.982Z] [INFO] Instance ID: CHKTHN-LOQ-27232-95ffa6ef
[2026-04-30T07:19:26.982Z] [INFO] Distributed locking: ENABLED
[2026-04-30T07:19:26.990Z] [INFO] Email broadcast worker: Every 1 minute
[2026-04-30T07:19:26.987Z] [INFO] [Email Cron] Email broadcast worker initialized (every 1 minute)
[2026-04-30T07:19:26.990Z] [INFO] [File Cleanup] Email attachment cleanup worker initialized (daily at 4:00 AM)
[2026-04-30T07:19:26.990Z] [INFO] Email file cleanup: Daily at 4:00 AM
[2026-04-30T07:19:26.994Z] [INFO] Subscription lifecycle job scheduled (every hour)
[2026-04-30T07:19:26.992Z] [INFO] Plan transition job scheduled (daily at 2:00 AM)
[2026-04-30T07:19:26.996Z] [INFO] Payment status sync job scheduled (daily at 1:00 AM)
[2026-04-30T07:19:26.997Z] [INFO] Reminder job scheduled (daily at 9:00 AM)
[2026-04-30T07:19:26.999Z] [INFO] Inventory expiry job scheduled (daily at 6:00 AM)
[2026-04-30T07:19:27.001Z] [INFO] Scheduled broadcasts job initialized (every 5 minutes)
[2026-04-30T07:19:27.008Z] [INFO] All cron jobs initialized:
[2026-04-30T07:19:27.008Z] [INFO]   - Plan transition: Daily at 2:00 AM
[2026-04-30T07:19:27.008Z] [INFO]   - Session cleanup: Every hour
[2026-04-30T07:19:27.008Z] [INFO]   - Subscription lifecycle + emails: Every hour
[2026-04-30T07:19:27.008Z] [INFO]   - Inventory expiry checks + alerts: Daily at 6:00 AM
[2026-04-30T07:19:27.008Z] [INFO]   - Pending users cleanup: Daily at 3:00 AM
[2026-04-30T07:19:27.008Z] [INFO]   - Reminder emails (7d/3d/final): Daily at 9:00 AM
[2026-04-30T07:19:27.008Z] [INFO]   - Payment status sync: Daily at 1:00 AM
[2026-04-30T07:19:27.008Z] [INFO]   - Deletion logs cleanup: Daily at 3:30 AM
[2026-04-30T07:19:27.008Z] [INFO]   - OTP daily limits cleanup: Daily at 3:45 AM
[2026-04-30T07:19:27.008Z] [INFO]   - Incomplete users cleanup: Daily at 3:15 AM
[2026-04-30T07:19:27.008Z] [INFO]   - Scheduled broadcasts: Every 5 minutes
[2026-04-30T07:19:37.050Z] [INFO] Instance ID: CHKTHN-LOQ-23596-73d9ecb1
[2026-04-30T07:19:37.050Z] [INFO] Initializing cron jobs...
[2026-04-30T07:19:37.055Z] [INFO] [Email Cron] Email broadcast worker initialized (every 1 minute)
[2026-04-30T07:19:37.057Z] [INFO] [File Cleanup] Email attachment cleanup worker initialized (daily at 4:00 AM)
[2026-04-30T07:19:37.050Z] [INFO] Distributed locking: ENABLED
[2026-04-30T07:19:37.057Z] [INFO] Email file cleanup: Daily at 4:00 AM
[2026-04-30T07:19:37.057Z] [INFO] Email broadcast worker: Every 1 minute
[2026-04-30T07:19:37.059Z] [INFO] Plan transition job scheduled (daily at 2:00 AM)
[2026-04-30T07:19:37.060Z] [INFO] Subscription lifecycle job scheduled (every hour)
[2026-04-30T07:19:37.063Z] [INFO] Payment status sync job scheduled (daily at 1:00 AM)
[2026-04-30T07:19:37.066Z] [INFO] Inventory expiry job scheduled (daily at 6:00 AM)
[2026-04-30T07:19:37.064Z] [INFO] Reminder job scheduled (daily at 9:00 AM)
[2026-04-30T07:19:37.068Z] [INFO] Scheduled broadcasts job initialized (every 5 minutes)
[2026-04-30T07:19:37.075Z] [INFO]   - Subscription lifecycle + emails: Every hour
[2026-04-30T07:19:37.075Z] [INFO] All cron jobs initialized:
[2026-04-30T07:19:37.075Z] [INFO]   - Session cleanup: Every hour
[2026-04-30T07:19:37.075Z] [INFO]   - Plan transition: Daily at 2:00 AM
[2026-04-30T07:19:37.075Z] [INFO]   - Inventory expiry checks + alerts: Daily at 6:00 AM
[2026-04-30T07:19:37.075Z] [INFO]   - Reminder emails (7d/3d/final): Daily at 9:00 AM
[2026-04-30T07:19:37.075Z] [INFO]   - Payment status sync: Daily at 1:00 AM
[2026-04-30T07:19:37.075Z] [INFO]   - Pending users cleanup: Daily at 3:00 AM
[2026-04-30T07:19:37.075Z] [INFO]   - Incomplete users cleanup: Daily at 3:15 AM
[2026-04-30T07:19:37.076Z] [INFO]   - Scheduled broadcasts: Every 5 minutes
[2026-04-30T07:19:37.076Z] [INFO]   - OTP daily limits cleanup: Daily at 3:45 AM
[2026-04-30T07:19:37.075Z] [INFO]   - Deletion logs cleanup: Daily at 3:30 AM
[2026-04-30T07:19:42.735Z] [INFO] Distributed locking: ENABLED
[2026-04-30T07:19:42.735Z] [INFO] Instance ID: CHKTHN-LOQ-4276-6d84a863
[2026-04-30T07:19:42.734Z] [INFO] Initializing cron jobs...
[2026-04-30T07:19:42.740Z] [INFO] [Email Cron] Email broadcast worker initialized (every 1 minute)
[2026-04-30T07:19:42.741Z] [INFO] [File Cleanup] Email attachment cleanup worker initialized (daily at 4:00 AM)
[2026-04-30T07:19:42.742Z] [INFO] Email broadcast worker: Every 1 minute
[2026-04-30T07:19:42.742Z] [INFO] Email file cleanup: Daily at 4:00 AM
[2026-04-30T07:19:42.745Z] [INFO] Plan transition job scheduled (daily at 2:00 AM)
[2026-04-30T07:19:42.747Z] [INFO] Subscription lifecycle job scheduled (every hour)
[2026-04-30T07:19:42.751Z] [INFO] Reminder job scheduled (daily at 9:00 AM)
[2026-04-30T07:19:42.752Z] [INFO] Inventory expiry job scheduled (daily at 6:00 AM)
[2026-04-30T07:19:42.749Z] [INFO] Payment status sync job scheduled (daily at 1:00 AM)
[2026-04-30T07:19:42.754Z] [INFO] Scheduled broadcasts job initialized (every 5 minutes)
[2026-04-30T07:19:42.761Z] [INFO]   - Session cleanup: Every hour
[2026-04-30T07:19:42.761Z] [INFO] All cron jobs initialized:
[2026-04-30T07:19:42.761Z] [INFO]   - Plan transition: Daily at 2:00 AM
[2026-04-30T07:19:42.761Z] [INFO]   - Subscription lifecycle + emails: Every hour
[2026-04-30T07:19:42.761Z] [INFO]   - Payment status sync: Daily at 1:00 AM
[2026-04-30T07:19:42.761Z] [INFO]   - Inventory expiry checks + alerts: Daily at 6:00 AM
[2026-04-30T07:19:42.761Z] [INFO]   - Reminder emails (7d/3d/final): Daily at 9:00 AM
[2026-04-30T07:19:42.761Z] [INFO]   - Pending users cleanup: Daily at 3:00 AM
[2026-04-30T07:19:42.761Z] [INFO]   - Incomplete users cleanup: Daily at 3:15 AM
[2026-04-30T07:19:42.761Z] [INFO]   - Deletion logs cleanup: Daily at 3:30 AM
[2026-04-30T07:19:42.761Z] [INFO]   - OTP daily limits cleanup: Daily at 3:45 AM
[2026-04-30T07:19:42.761Z] [INFO]   - Scheduled broadcasts: Every 5 minutes
[2026-04-30T07:19:44.266Z] [INFO] Initializing cron jobs...
[2026-04-30T07:19:44.267Z] [INFO] Instance ID: CHKTHN-LOQ-25536-f867eb2a
[2026-04-30T07:19:44.267Z] [INFO] Distributed locking: ENABLED
[2026-04-30T07:19:44.274Z] [INFO] [File Cleanup] Email attachment cleanup worker initialized (daily at 4:00 AM)
[2026-04-30T07:19:44.277Z] [INFO] Plan transition job scheduled (daily at 2:00 AM)
[2026-04-30T07:19:44.272Z] [INFO] [Email Cron] Email broadcast worker initialized (every 1 minute)
[2026-04-30T07:19:44.279Z] [INFO] Subscription lifecycle job scheduled (every hour)
[2026-04-30T07:19:44.274Z] [INFO] Email file cleanup: Daily at 4:00 AM
[2026-04-30T07:19:44.274Z] [INFO] Email broadcast worker: Every 1 minute
[2026-04-30T07:19:44.280Z] [INFO] Payment status sync job scheduled (daily at 1:00 AM)
[2026-04-30T07:19:44.282Z] [INFO] Reminder job scheduled (daily at 9:00 AM)
[2026-04-30T07:19:44.285Z] [INFO] Inventory expiry job scheduled (daily at 6:00 AM)
[2026-04-30T07:19:44.287Z] [INFO] Scheduled broadcasts job initialized (every 5 minutes)
[2026-04-30T07:19:44.295Z] [INFO]   - Session cleanup: Every hour
[2026-04-30T07:19:44.295Z] [INFO] All cron jobs initialized:
[2026-04-30T07:19:44.295Z] [INFO]   - Plan transition: Daily at 2:00 AM
[2026-04-30T07:19:44.295Z] [INFO]   - Subscription lifecycle + emails: Every hour
[2026-04-30T07:19:44.295Z] [INFO]   - Payment status sync: Daily at 1:00 AM
[2026-04-30T07:19:44.295Z] [INFO]   - Reminder emails (7d/3d/final): Daily at 9:00 AM
[2026-04-30T07:19:44.295Z] [INFO]   - Inventory expiry checks + alerts: Daily at 6:00 AM
[2026-04-30T07:19:44.295Z] [INFO]   - Pending users cleanup: Daily at 3:00 AM
[2026-04-30T07:19:44.295Z] [INFO]   - Incomplete users cleanup: Daily at 3:15 AM
[2026-04-30T07:19:44.295Z] [INFO]   - Deletion logs cleanup: Daily at 3:30 AM
[2026-04-30T07:19:44.295Z] [INFO]   - Scheduled broadcasts: Every 5 minutes
[2026-04-30T07:19:44.295Z] [INFO]   - OTP daily limits cleanup: Daily at 3:45 AM
[2026-04-30T07:19:45.746Z] [INFO] Initializing cron jobs...
[2026-04-30T07:19:45.746Z] [INFO] Instance ID: CHKTHN-LOQ-25740-290b2d81
[2026-04-30T07:19:45.751Z] [INFO] [Email Cron] Email broadcast worker initialized (every 1 minute)
[2026-04-30T07:19:45.753Z] [INFO] [File Cleanup] Email attachment cleanup worker initialized (daily at 4:00 AM)
[2026-04-30T07:19:45.746Z] [INFO] Distributed locking: ENABLED
[2026-04-30T07:19:45.753Z] [INFO] Email file cleanup: Daily at 4:00 AM
[2026-04-30T07:19:45.754Z] [INFO] Plan transition job scheduled (daily at 2:00 AM)
[2026-04-30T07:19:45.758Z] [INFO] Payment status sync job scheduled (daily at 1:00 AM)
[2026-04-30T07:19:45.760Z] [INFO] Reminder job scheduled (daily at 9:00 AM)
[2026-04-30T07:19:45.756Z] [INFO] Subscription lifecycle job scheduled (every hour)
[2026-04-30T07:19:45.762Z] [INFO] Inventory expiry job scheduled (daily at 6:00 AM)
[2026-04-30T07:19:45.764Z] [INFO] Scheduled broadcasts job initialized (every 5 minutes)
[2026-04-30T07:19:45.772Z] [INFO] All cron jobs initialized:
[2026-04-30T07:19:45.772Z] [INFO]   - Session cleanup: Every hour
[2026-04-30T07:19:45.753Z] [INFO] Email broadcast worker: Every 1 minute
[2026-04-30T07:19:45.772Z] [INFO]   - Inventory expiry checks + alerts: Daily at 6:00 AM
[2026-04-30T07:19:45.772Z] [INFO]   - Plan transition: Daily at 2:00 AM
[2026-04-30T07:19:45.772Z] [INFO]   - Subscription lifecycle + emails: Every hour
[2026-04-30T07:19:45.772Z] [INFO]   - Incomplete users cleanup: Daily at 3:15 AM
[2026-04-30T07:19:45.772Z] [INFO]   - Reminder emails (7d/3d/final): Daily at 9:00 AM
[2026-04-30T07:19:45.772Z] [INFO]   - Deletion logs cleanup: Daily at 3:30 AM
[2026-04-30T07:19:45.772Z] [INFO]   - OTP daily limits cleanup: Daily at 3:45 AM
[2026-04-30T07:19:45.772Z] [INFO]   - Payment status sync: Daily at 1:00 AM
[2026-04-30T07:19:45.772Z] [INFO]   - Pending users cleanup: Daily at 3:00 AM
[2026-04-30T07:19:45.772Z] [INFO]   - Scheduled broadcasts: Every 5 minutes
[2026-04-30T07:19:48.972Z] [INFO] Initializing cron jobs...
[2026-04-30T07:19:48.972Z] [INFO] Instance ID: CHKTHN-LOQ-1536-21b97a34
[2026-04-30T07:19:48.972Z] [INFO] Distributed locking: ENABLED
[2026-04-30T07:19:48.977Z] [INFO] [Email Cron] Email broadcast worker initialized (every 1 minute)
[2026-04-30T07:19:48.979Z] [INFO] Email broadcast worker: Every 1 minute
[2026-04-30T07:19:48.979Z] [INFO] [File Cleanup] Email attachment cleanup worker initialized (daily at 4:00 AM)
[2026-04-30T07:19:48.979Z] [INFO] Email file cleanup: Daily at 4:00 AM
[2026-04-30T07:19:48.982Z] [INFO] Plan transition job scheduled (daily at 2:00 AM)
[2026-04-30T07:19:48.983Z] [INFO] Subscription lifecycle job scheduled (every hour)
[2026-04-30T07:19:48.986Z] [INFO] Payment status sync job scheduled (daily at 1:00 AM)
[2026-04-30T07:19:48.988Z] [INFO] Reminder job scheduled (daily at 9:00 AM)
[2026-04-30T07:19:48.990Z] [INFO] Inventory expiry job scheduled (daily at 6:00 AM)
[2026-04-30T07:19:48.992Z] [INFO] Scheduled broadcasts job initialized (every 5 minutes)
[2026-04-30T07:19:48.999Z] [INFO] All cron jobs initialized:
[2026-04-30T07:19:48.999Z] [INFO]   - Session cleanup: Every hour
[2026-04-30T07:19:48.999Z] [INFO]   - Plan transition: Daily at 2:00 AM
[2026-04-30T07:19:48.999Z] [INFO]   - Subscription lifecycle + emails: Every hour
[2026-04-30T07:19:48.999Z] [INFO]   - Payment status sync: Daily at 1:00 AM
[2026-04-30T07:19:48.999Z] [INFO]   - Inventory expiry checks + alerts: Daily at 6:00 AM
[2026-04-30T07:19:48.999Z] [INFO]   - Incomplete users cleanup: Daily at 3:15 AM
[2026-04-30T07:19:48.999Z] [INFO]   - Reminder emails (7d/3d/final): Daily at 9:00 AM
[2026-04-30T07:19:48.999Z] [INFO]   - Pending users cleanup: Daily at 3:00 AM
[2026-04-30T07:19:48.999Z] [INFO]   - Scheduled broadcasts: Every 5 minutes
[2026-04-30T07:19:48.999Z] [INFO]   - OTP daily limits cleanup: Daily at 3:45 AM
[2026-04-30T07:19:48.999Z] [INFO]   - Deletion logs cleanup: Daily at 3:30 AM
[2026-04-30T07:19:51.353Z] [INFO] Initializing cron jobs...
[2026-04-30T07:19:51.354Z] [INFO] Distributed locking: ENABLED
[2026-04-30T07:19:51.358Z] [INFO] [Email Cron] Email broadcast worker initialized (every 1 minute)
[2026-04-30T07:19:51.354Z] [INFO] Instance ID: CHKTHN-LOQ-23536-4fedc958
[2026-04-30T07:19:51.360Z] [INFO] [File Cleanup] Email attachment cleanup worker initialized (daily at 4:00 AM)
[2026-04-30T07:19:51.360Z] [INFO] Email file cleanup: Daily at 4:00 AM
[2026-04-30T07:19:51.362Z] [INFO] Plan transition job scheduled (daily at 2:00 AM)
[2026-04-30T07:19:51.365Z] [INFO] Payment status sync job scheduled (daily at 1:00 AM)
[2026-04-30T07:19:51.360Z] [INFO] Email broadcast worker: Every 1 minute
[2026-04-30T07:19:51.369Z] [INFO] Inventory expiry job scheduled (daily at 6:00 AM)
[2026-04-30T07:19:51.364Z] [INFO] Subscription lifecycle job scheduled (every hour)
[2026-04-30T07:19:51.372Z] [INFO] Scheduled broadcasts job initialized (every 5 minutes)
[2026-04-30T07:19:51.379Z] [INFO]   - Session cleanup: Every hour
[2026-04-30T07:19:51.379Z] [INFO]   - Subscription lifecycle + emails: Every hour
[2026-04-30T07:19:51.379Z] [INFO]   - Inventory expiry checks + alerts: Daily at 6:00 AM
[2026-04-30T07:19:51.379Z] [INFO]   - Payment status sync: Daily at 1:00 AM
[2026-04-30T07:19:51.379Z] [INFO]   - Plan transition: Daily at 2:00 AM
[2026-04-30T07:19:51.379Z] [INFO]   - Reminder emails (7d/3d/final): Daily at 9:00 AM
[2026-04-30T07:19:51.379Z] [INFO] All cron jobs initialized:
[2026-04-30T07:19:51.379Z] [INFO]   - Pending users cleanup: Daily at 3:00 AM
[2026-04-30T07:19:51.379Z] [INFO]   - Incomplete users cleanup: Daily at 3:15 AM
[2026-04-30T07:19:51.379Z] [INFO]   - Deletion logs cleanup: Daily at 3:30 AM
[2026-04-30T07:19:51.379Z] [INFO]   - Scheduled broadcasts: Every 5 minutes
[2026-04-30T07:19:51.379Z] [INFO]   - OTP daily limits cleanup: Daily at 3:45 AM
[2026-04-30T07:19:51.367Z] [INFO] Reminder job scheduled (daily at 9:00 AM)
[2026-04-30T07:19:53.821Z] [INFO] Initializing cron jobs...
[2026-04-30T07:19:53.821Z] [INFO] Distributed locking: ENABLED
[2026-04-30T07:19:53.821Z] [INFO] Instance ID: CHKTHN-LOQ-14900-25ac6451
[2026-04-30T07:19:53.828Z] [INFO] [File Cleanup] Email attachment cleanup worker initialized (daily at 4:00 AM)
[2026-04-30T07:19:53.828Z] [INFO] Email file cleanup: Daily at 4:00 AM
[2026-04-30T07:19:53.826Z] [INFO] [Email Cron] Email broadcast worker initialized (every 1 minute)
[2026-04-30T07:19:53.828Z] [INFO] Email broadcast worker: Every 1 minute
[2026-04-30T07:19:53.833Z] [INFO] Subscription lifecycle job scheduled (every hour)
[2026-04-30T07:19:53.831Z] [INFO] Plan transition job scheduled (daily at 2:00 AM)
[2026-04-30T07:19:53.837Z] [INFO] Reminder job scheduled (daily at 9:00 AM)
[2026-04-30T07:19:53.839Z] [INFO] Inventory expiry job scheduled (daily at 6:00 AM)
[2026-04-30T07:19:53.841Z] [INFO] Scheduled broadcasts job initialized (every 5 minutes)
[2026-04-30T07:19:53.847Z] [INFO]   - Subscription lifecycle + emails: Every hour
[2026-04-30T07:19:53.835Z] [INFO] Payment status sync job scheduled (daily at 1:00 AM)
[2026-04-30T07:19:53.847Z] [INFO]   - Payment status sync: Daily at 1:00 AM
[2026-04-30T07:19:53.847Z] [INFO] All cron jobs initialized:
[2026-04-30T07:19:53.847Z] [INFO]   - Inventory expiry checks + alerts: Daily at 6:00 AM
[2026-04-30T07:19:53.847Z] [INFO]   - Session cleanup: Every hour
[2026-04-30T07:19:53.847Z] [INFO]   - Plan transition: Daily at 2:00 AM
[2026-04-30T07:19:53.848Z] [INFO]   - Incomplete users cleanup: Daily at 3:15 AM
[2026-04-30T07:19:53.847Z] [INFO]   - Pending users cleanup: Daily at 3:00 AM
[2026-04-30T07:19:53.847Z] [INFO]   - Reminder emails (7d/3d/final): Daily at 9:00 AM
[2026-04-30T07:19:53.848Z] [INFO]   - OTP daily limits cleanup: Daily at 3:45 AM
[2026-04-30T07:19:53.848Z] [INFO]   - Scheduled broadcasts: Every 5 minutes
[2026-04-30T07:19:53.848Z] [INFO]   - Deletion logs cleanup: Daily at 3:30 AM
[2026-04-30T07:19:59.481Z] [INFO] Initializing cron jobs...
[2026-04-30T07:19:59.482Z] [INFO] Distributed locking: ENABLED
[2026-04-30T07:19:59.482Z] [INFO] Instance ID: CHKTHN-LOQ-14880-c6e21ea7
[2026-04-30T07:19:59.489Z] [INFO] [Email Cron] Email broadcast worker initialized (every 1 minute)
[2026-04-30T07:19:59.492Z] [INFO] Email broadcast worker: Every 1 minute
[2026-04-30T07:19:59.492Z] [INFO] [File Cleanup] Email attachment cleanup worker initialized (daily at 4:00 AM)
[2026-04-30T07:19:59.492Z] [INFO] Email file cleanup: Daily at 4:00 AM
[2026-04-30T07:19:59.495Z] [INFO] Subscription lifecycle job scheduled (every hour)
[2026-04-30T07:19:59.498Z] [INFO] Payment status sync job scheduled (daily at 1:00 AM)
[2026-04-30T07:19:59.494Z] [INFO] Plan transition job scheduled (daily at 2:00 AM)
[2026-04-30T07:19:59.500Z] [INFO] Reminder job scheduled (daily at 9:00 AM)
[2026-04-30T07:19:59.502Z] [INFO] Inventory expiry job scheduled (daily at 6:00 AM)
[2026-04-30T07:19:59.503Z] [INFO] Scheduled broadcasts job initialized (every 5 minutes)
[2026-04-30T07:19:59.511Z] [INFO]   - Subscription lifecycle + emails: Every hour
[2026-04-30T07:19:59.511Z] [INFO] All cron jobs initialized:
[2026-04-30T07:19:59.511Z] [INFO]   - Session cleanup: Every hour
[2026-04-30T07:19:59.511Z] [INFO]   - Payment status sync: Daily at 1:00 AM
[2026-04-30T07:19:59.511Z] [INFO]   - Inventory expiry checks + alerts: Daily at 6:00 AM
[2026-04-30T07:19:59.511Z] [INFO]   - Plan transition: Daily at 2:00 AM
[2026-04-30T07:19:59.511Z] [INFO]   - Reminder emails (7d/3d/final): Daily at 9:00 AM
[2026-04-30T07:19:59.511Z] [INFO]   - Scheduled broadcasts: Every 5 minutes
[2026-04-30T07:19:59.511Z] [INFO]   - Pending users cleanup: Daily at 3:00 AM
[2026-04-30T07:19:59.511Z] [INFO]   - OTP daily limits cleanup: Daily at 3:45 AM
[2026-04-30T07:19:59.511Z] [INFO]   - Incomplete users cleanup: Daily at 3:15 AM
[2026-04-30T07:19:59.511Z] [INFO]   - Deletion logs cleanup: Daily at 3:30 AM
[2026-04-30T07:20:00.089Z] [INFO] Checking for scheduled broadcasts...
[2026-04-30T07:20:00.094Z] [INFO] No scheduled broadcasts due for sending
[2026-04-30T07:20:02.508Z] [INFO] Initializing cron jobs...
[2026-04-30T07:20:02.508Z] [INFO] Distributed locking: ENABLED
[2026-04-30T07:20:02.508Z] [INFO] Instance ID: CHKTHN-LOQ-22000-c3d02ea1
[2026-04-30T07:20:02.514Z] [INFO] [Email Cron] Email broadcast worker initialized (every 1 minute)
[2026-04-30T07:20:02.516Z] [INFO] Email broadcast worker: Every 1 minute
[2026-04-30T07:20:02.516Z] [INFO] [File Cleanup] Email attachment cleanup worker initialized (daily at 4:00 AM)
[2026-04-30T07:20:02.516Z] [INFO] Email file cleanup: Daily at 4:00 AM
[2026-04-30T07:20:02.521Z] [INFO] Plan transition job scheduled (daily at 2:00 AM)
[2026-04-30T07:20:02.523Z] [INFO] Subscription lifecycle job scheduled (every hour)
[2026-04-30T07:20:02.527Z] [INFO] Payment status sync job scheduled (daily at 1:00 AM)
[2026-04-30T07:20:02.529Z] [INFO] Reminder job scheduled (daily at 9:00 AM)
[2026-04-30T07:20:02.531Z] [INFO] Inventory expiry job scheduled (daily at 6:00 AM)
[2026-04-30T07:20:02.533Z] [INFO] Scheduled broadcasts job initialized (every 5 minutes)
[2026-04-30T07:20:02.542Z] [INFO] All cron jobs initialized:
[2026-04-30T07:20:02.542Z] [INFO]   - Plan transition: Daily at 2:00 AM
[2026-04-30T07:20:02.542Z] [INFO]   - Payment status sync: Daily at 1:00 AM
[2026-04-30T07:20:02.542Z] [INFO]   - Session cleanup: Every hour
[2026-04-30T07:20:02.542Z] [INFO]   - Subscription lifecycle + emails: Every hour
[2026-04-30T07:20:02.542Z] [INFO]   - Inventory expiry checks + alerts: Daily at 6:00 AM
[2026-04-30T07:20:02.542Z] [INFO]   - Deletion logs cleanup: Daily at 3:30 AM
[2026-04-30T07:20:02.542Z] [INFO]   - Reminder emails (7d/3d/final): Daily at 9:00 AM
[2026-04-30T07:20:02.542Z] [INFO]   - Scheduled broadcasts: Every 5 minutes
[2026-04-30T07:20:02.542Z] [INFO]   - Incomplete users cleanup: Daily at 3:15 AM
[2026-04-30T07:20:02.542Z] [INFO]   - Pending users cleanup: Daily at 3:00 AM
[2026-04-30T07:20:02.542Z] [INFO]   - OTP daily limits cleanup: Daily at 3:45 AM
[2026-04-30T07:21:13.211Z] [INFO] Instance ID: CHKTHN-LOQ-26092-f830dc6c
[2026-04-30T07:21:13.212Z] [INFO] Distributed locking: ENABLED
[2026-04-30T07:21:13.211Z] [INFO] Initializing cron jobs...
[2026-04-30T07:21:13.218Z] [INFO] [File Cleanup] Email attachment cleanup worker initialized (daily at 4:00 AM)
[2026-04-30T07:21:13.216Z] [INFO] [Email Cron] Email broadcast worker initialized (every 1 minute)
[2026-04-30T07:21:13.218Z] [INFO] Email file cleanup: Daily at 4:00 AM
[2026-04-30T07:21:13.218Z] [INFO] Email broadcast worker: Every 1 minute
[2026-04-30T07:21:13.222Z] [INFO] Subscription lifecycle job scheduled (every hour)
[2026-04-30T07:21:13.224Z] [INFO] Payment status sync job scheduled (daily at 1:00 AM)
[2026-04-30T07:21:13.220Z] [INFO] Plan transition job scheduled (daily at 2:00 AM)
[2026-04-30T07:21:13.227Z] [INFO] Inventory expiry job scheduled (daily at 6:00 AM)
[2026-04-30T07:21:13.228Z] [INFO] Scheduled broadcasts job initialized (every 5 minutes)
[2026-04-30T07:21:13.235Z] [INFO]   - Session cleanup: Every hour
[2026-04-30T07:21:13.225Z] [INFO] Reminder job scheduled (daily at 9:00 AM)
[2026-04-30T07:21:13.235Z] [INFO]   - Payment status sync: Daily at 1:00 AM
[2026-04-30T07:21:13.235Z] [INFO]   - Inventory expiry checks + alerts: Daily at 6:00 AM
[2026-04-30T07:21:13.235Z] [INFO]   - Plan transition: Daily at 2:00 AM
[2026-04-30T07:21:13.235Z] [INFO]   - Subscription lifecycle + emails: Every hour
[2026-04-30T07:21:13.234Z] [INFO] All cron jobs initialized:
[2026-04-30T07:21:13.235Z] [INFO]   - Pending users cleanup: Daily at 3:00 AM
[2026-04-30T07:21:13.235Z] [INFO]   - Deletion logs cleanup: Daily at 3:30 AM
[2026-04-30T07:21:13.235Z] [INFO]   - OTP daily limits cleanup: Daily at 3:45 AM
[2026-04-30T07:21:13.235Z] [INFO]   - Scheduled broadcasts: Every 5 minutes
[2026-04-30T07:21:13.235Z] [INFO]   - Reminder emails (7d/3d/final): Daily at 9:00 AM
[2026-04-30T07:21:13.235Z] [INFO]   - Incomplete users cleanup: Daily at 3:15 AM
[2026-04-30T07:21:24.806Z] [INFO] Initializing cron jobs...
[2026-04-30T07:21:24.806Z] [INFO] Instance ID: CHKTHN-LOQ-7268-3b2cd161
[2026-04-30T07:21:24.812Z] [INFO] [Email Cron] Email broadcast worker initialized (every 1 minute)
[2026-04-30T07:21:24.814Z] [INFO] Email file cleanup: Daily at 4:00 AM
[2026-04-30T07:21:24.806Z] [INFO] Distributed locking: ENABLED
[2026-04-30T07:21:24.814Z] [INFO] Email broadcast worker: Every 1 minute
[2026-04-30T07:21:24.816Z] [INFO] Plan transition job scheduled (daily at 2:00 AM)
[2026-04-30T07:21:24.818Z] [INFO] Subscription lifecycle job scheduled (every hour)
[2026-04-30T07:21:24.814Z] [INFO] [File Cleanup] Email attachment cleanup worker initialized (daily at 4:00 AM)
[2026-04-30T07:21:24.820Z] [INFO] Payment status sync job scheduled (daily at 1:00 AM)
[2026-04-30T07:21:24.822Z] [INFO] Reminder job scheduled (daily at 9:00 AM)
[2026-04-30T07:21:24.823Z] [INFO] Inventory expiry job scheduled (daily at 6:00 AM)
[2026-04-30T07:21:24.826Z] [INFO] Scheduled broadcasts job initialized (every 5 minutes)
[2026-04-30T07:21:24.834Z] [INFO] All cron jobs initialized:
[2026-04-30T07:21:24.835Z] [INFO]   - Subscription lifecycle + emails: Every hour
[2026-04-30T07:21:24.835Z] [INFO]   - Plan transition: Daily at 2:00 AM
[2026-04-30T07:21:24.835Z] [INFO]   - Payment status sync: Daily at 1:00 AM
[2026-04-30T07:21:24.835Z] [INFO]   - Session cleanup: Every hour
[2026-04-30T07:21:24.835Z] [INFO]   - Inventory expiry checks + alerts: Daily at 6:00 AM
[2026-04-30T07:21:24.835Z] [INFO]   - Pending users cleanup: Daily at 3:00 AM
[2026-04-30T07:21:24.835Z] [INFO]   - Reminder emails (7d/3d/final): Daily at 9:00 AM
[2026-04-30T07:21:24.835Z] [INFO]   - Incomplete users cleanup: Daily at 3:15 AM
[2026-04-30T07:21:24.835Z] [INFO]   - Deletion logs cleanup: Daily at 3:30 AM
[2026-04-30T07:21:24.835Z] [INFO]   - Scheduled broadcasts: Every 5 minutes
[2026-04-30T07:21:24.835Z] [INFO]   - OTP daily limits cleanup: Daily at 3:45 AM
[2026-04-30T07:24:48.896Z] [INFO] Initializing cron jobs...
[2026-04-30T07:24:48.896Z] [INFO] Distributed locking: ENABLED
[2026-04-30T07:24:48.896Z] [INFO] Instance ID: CHKTHN-LOQ-12316-9e8b0f35
[2026-04-30T07:24:48.901Z] [INFO] [Email Cron] Email broadcast worker initialized (every 1 minute)
[2026-04-30T07:24:48.903Z] [INFO] [File Cleanup] Email attachment cleanup worker initialized (daily at 4:00 AM)
[2026-04-30T07:24:48.903Z] [INFO] Email broadcast worker: Every 1 minute
[2026-04-30T07:24:48.903Z] [INFO] Email file cleanup: Daily at 4:00 AM
[2026-04-30T07:24:48.905Z] [INFO] Plan transition job scheduled (daily at 2:00 AM)
[2026-04-30T07:24:48.906Z] [INFO] Subscription lifecycle job scheduled (every hour)
[2026-04-30T07:24:48.908Z] [INFO] Payment status sync job scheduled (daily at 1:00 AM)
[2026-04-30T07:24:48.909Z] [INFO] Reminder job scheduled (daily at 9:00 AM)
[2026-04-30T07:24:48.911Z] [INFO] Inventory expiry job scheduled (daily at 6:00 AM)
[2026-04-30T07:24:48.912Z] [INFO] Scheduled broadcasts job initialized (every 5 minutes)
[2026-04-30T07:24:48.921Z] [INFO]   - Session cleanup: Every hour
[2026-04-30T07:24:48.921Z] [INFO] All cron jobs initialized:
[2026-04-30T07:24:48.921Z] [INFO]   - Plan transition: Daily at 2:00 AM
[2026-04-30T07:24:48.921Z] [INFO]   - Payment status sync: Daily at 1:00 AM
[2026-04-30T07:24:48.921Z] [INFO]   - Inventory expiry checks + alerts: Daily at 6:00 AM
[2026-04-30T07:24:48.921Z] [INFO]   - Subscription lifecycle + emails: Every hour
[2026-04-30T07:24:48.921Z] [INFO]   - Reminder emails (7d/3d/final): Daily at 9:00 AM
[2026-04-30T07:24:48.921Z] [INFO]   - Pending users cleanup: Daily at 3:00 AM
[2026-04-30T07:24:48.921Z] [INFO]   - Incomplete users cleanup: Daily at 3:15 AM
[2026-04-30T07:24:48.921Z] [INFO]   - Scheduled broadcasts: Every 5 minutes
[2026-04-30T07:24:48.921Z] [INFO]   - Deletion logs cleanup: Daily at 3:30 AM
[2026-04-30T07:24:48.921Z] [INFO]   - OTP daily limits cleanup: Daily at 3:45 AM
[2026-04-30T07:25:00.030Z] [INFO] Checking for scheduled broadcasts...
[2026-04-30T07:25:00.034Z] [INFO] No scheduled broadcasts due for sending
[2026-04-30T07:30:00.039Z] [INFO] Checking for scheduled broadcasts...
[2026-04-30T07:30:00.051Z] [INFO] No scheduled broadcasts due for sending
[2026-04-30T07:30:00.086Z] [INFO] Starting subscription lifecycle check...
[2026-04-30T07:30:00.092Z] [INFO] Subscription lifecycle complete | Grace: 0 | Suspended: 0
[2026-04-30T07:33:58.983Z] [INFO] Distributed locking: ENABLED
[2026-04-30T07:33:58.982Z] [INFO] Initializing cron jobs...
[2026-04-30T07:33:58.983Z] [INFO] Instance ID: CHKTHN-LOQ-13156-a028e509
[2026-04-30T07:33:58.989Z] [INFO] [Email Cron] Email broadcast worker initialized (every 1 minute)
[2026-04-30T07:33:58.992Z] [INFO] Email broadcast worker: Every 1 minute
[2026-04-30T07:33:58.992Z] [INFO] [File Cleanup] Email attachment cleanup worker initialized (daily at 4:00 AM)
[2026-04-30T07:33:58.995Z] [INFO] Plan transition job scheduled (daily at 2:00 AM)
[2026-04-30T07:33:58.997Z] [INFO] Subscription lifecycle job scheduled (every hour)
[2026-04-30T07:33:58.992Z] [INFO] Email file cleanup: Daily at 4:00 AM
[2026-04-30T07:33:59.000Z] [INFO] Payment status sync job scheduled (daily at 1:00 AM)
[2026-04-30T07:33:59.002Z] [INFO] Reminder job scheduled (daily at 9:00 AM)
[2026-04-30T07:33:59.003Z] [INFO] Inventory expiry job scheduled (daily at 6:00 AM)
[2026-04-30T07:33:59.005Z] [INFO] Scheduled broadcasts job initialized (every 5 minutes)
[2026-04-30T07:33:59.015Z] [INFO]   - Payment status sync: Daily at 1:00 AM
[2026-04-30T07:33:59.014Z] [INFO] All cron jobs initialized:
[2026-04-30T07:33:59.015Z] [INFO]   - Session cleanup: Every hour
[2026-04-30T07:33:59.015Z] [INFO]   - Subscription lifecycle + emails: Every hour
[2026-04-30T07:33:59.015Z] [INFO]   - Inventory expiry checks + alerts: Daily at 6:00 AM
[2026-04-30T07:33:59.015Z] [INFO]   - Reminder emails (7d/3d/final): Daily at 9:00 AM
[2026-04-30T07:33:59.015Z] [INFO]   - Pending users cleanup: Daily at 3:00 AM
[2026-04-30T07:33:59.015Z] [INFO]   - Scheduled broadcasts: Every 5 minutes
[2026-04-30T07:33:59.015Z] [INFO]   - Incomplete users cleanup: Daily at 3:15 AM
[2026-04-30T07:33:59.015Z] [INFO]   - OTP daily limits cleanup: Daily at 3:45 AM
[2026-04-30T07:33:59.015Z] [INFO]   - Plan transition: Daily at 2:00 AM
[2026-04-30T07:33:59.015Z] [INFO]   - Deletion logs cleanup: Daily at 3:30 AM
[2026-04-30T07:35:00.060Z] [INFO] Checking for scheduled broadcasts...
[2026-04-30T07:35:00.065Z] [INFO] No scheduled broadcasts due for sending
[2026-04-30T07:40:00.033Z] [INFO] Checking for scheduled broadcasts...
[2026-04-30T07:40:00.041Z] [INFO] No scheduled broadcasts due for sending
[2026-04-30T07:45:00.114Z] [INFO] Checking for scheduled broadcasts...
[2026-04-30T07:45:00.125Z] [INFO] No scheduled broadcasts due for sending
[2026-04-30T07:50:00.050Z] [INFO] Checking for scheduled broadcasts...
[2026-04-30T07:50:00.058Z] [INFO] No scheduled broadcasts due for sending
[2026-04-30T07:55:00.051Z] [INFO] Checking for scheduled broadcasts...
[2026-04-30T07:55:00.061Z] [INFO] No scheduled broadcasts due for sending
[2026-04-30T08:00:00.039Z] [INFO] Checking for scheduled broadcasts...
[2026-04-30T08:00:00.047Z] [INFO] No scheduled broadcasts due for sending
[2026-04-30T08:05:00.051Z] [INFO] Checking for scheduled broadcasts...
[2026-04-30T08:05:00.060Z] [INFO] No scheduled broadcasts due for sending
[2026-04-30T08:10:00.044Z] [INFO] Checking for scheduled broadcasts...
[2026-04-30T08:10:00.052Z] [INFO] No scheduled broadcasts due for sending
[2026-04-30T08:15:00.049Z] [INFO] Checking for scheduled broadcasts...
[2026-04-30T08:15:00.060Z] [INFO] No scheduled broadcasts due for sending
[2026-04-30T08:20:00.055Z] [INFO] Checking for scheduled broadcasts...
[2026-04-30T08:20:00.067Z] [INFO] No scheduled broadcasts due for sending
[2026-04-30T08:25:00.044Z] [INFO] Checking for scheduled broadcasts...
[2026-04-30T08:25:00.053Z] [INFO] No scheduled broadcasts due for sending
[2026-04-30T08:30:00.036Z] [INFO] Checking for scheduled broadcasts...
[2026-04-30T08:30:00.037Z] [INFO] Starting subscription lifecycle check...
[2026-04-30T08:30:00.045Z] [INFO] No scheduled broadcasts due for sending
[2026-04-30T08:30:00.053Z] [INFO] Subscription lifecycle complete | Grace: 0 | Suspended: 0
[2026-04-30T08:35:00.062Z] [INFO] Checking for scheduled broadcasts...
[2026-04-30T08:35:00.073Z] [INFO] No scheduled broadcasts due for sending
[2026-04-30T08:40:00.046Z] [INFO] Checking for scheduled broadcasts...
[2026-04-30T08:40:00.056Z] [INFO] No scheduled broadcasts due for sending
[2026-04-30T08:45:00.037Z] [INFO] Checking for scheduled broadcasts...
[2026-04-30T08:45:00.043Z] [INFO] No scheduled broadcasts due for sending
[2026-04-30T08:50:00.036Z] [INFO] Checking for scheduled broadcasts...
[2026-04-30T08:50:00.046Z] [INFO] No scheduled broadcasts due for sending
[2026-04-30T08:55:00.046Z] [INFO] Checking for scheduled broadcasts...
[2026-04-30T08:55:00.053Z] [INFO] No scheduled broadcasts due for sending
[2026-04-30T09:00:00.045Z] [INFO] Checking for scheduled broadcasts...
[2026-04-30T09:00:00.051Z] [INFO] No scheduled broadcasts due for sending
[2026-04-30T09:05:00.033Z] [INFO] Checking for scheduled broadcasts...
[2026-04-30T09:05:00.039Z] [INFO] No scheduled broadcasts due for sending
[2026-04-30T09:10:00.027Z] [INFO] Checking for scheduled broadcasts...
[2026-04-30T09:10:00.037Z] [INFO] No scheduled broadcasts due for sending
[2026-04-30T09:15:00.027Z] [INFO] Checking for scheduled broadcasts...
[2026-04-30T09:15:00.037Z] [INFO] No scheduled broadcasts due for sending
[2026-04-30T09:20:00.046Z] [INFO] Checking for scheduled broadcasts...
[2026-04-30T09:20:00.054Z] [INFO] No scheduled broadcasts due for sending
[2026-04-30T09:25:00.036Z] [INFO] Checking for scheduled broadcasts...
[2026-04-30T09:25:00.042Z] [INFO] No scheduled broadcasts due for sending
[2026-04-30T09:30:00.089Z] [INFO] Starting subscription lifecycle check...
[2026-04-30T09:30:00.091Z] [INFO] Checking for scheduled broadcasts...
[2026-04-30T09:30:00.096Z] [INFO] Subscription lifecycle complete | Grace: 0 | Suspended: 0
[2026-04-30T09:30:00.096Z] [INFO] No scheduled broadcasts due for sending
[2026-04-30T09:35:00.044Z] [INFO] Checking for scheduled broadcasts...
[2026-04-30T09:35:00.049Z] [INFO] No scheduled broadcasts due for sending
[2026-04-30T09:40:00.048Z] [INFO] Checking for scheduled broadcasts...
[2026-04-30T09:40:00.053Z] [INFO] No scheduled broadcasts due for sending
[2026-04-30T09:45:00.042Z] [INFO] Checking for scheduled broadcasts...
[2026-04-30T09:45:00.049Z] [INFO] No scheduled broadcasts due for sending
[2026-04-30T09:50:00.049Z] [INFO] Checking for scheduled broadcasts...
[2026-04-30T09:50:00.055Z] [INFO] No scheduled broadcasts due for sending
[2026-04-30T09:55:00.042Z] [INFO] Checking for scheduled broadcasts...
[2026-04-30T09:55:00.050Z] [INFO] No scheduled broadcasts due for sending
[2026-04-30T10:00:00.037Z] [INFO] Checking for scheduled broadcasts...
[2026-04-30T10:00:00.041Z] [INFO] No scheduled broadcasts due for sending
[2026-04-30T10:05:00.037Z] [INFO] Checking for scheduled broadcasts...
[2026-04-30T10:05:00.045Z] [INFO] No scheduled broadcasts due for sending
[2026-04-30T10:10:00.036Z] [INFO] Checking for scheduled broadcasts...
[2026-04-30T10:10:00.043Z] [INFO] No scheduled broadcasts due for sending
[2026-04-30T10:15:00.035Z] [INFO] Checking for scheduled broadcasts...
[2026-04-30T10:15:00.041Z] [INFO] No scheduled broadcasts due for sending
[2026-04-30T10:17:48.950Z] [INFO] Instance ID: DESKTOP-I1JLQUS-3708-6f698662
[2026-04-30T10:17:48.950Z] [INFO] Initializing cron jobs...
[2026-04-30T10:17:48.951Z] [INFO] Distributed locking: ENABLED
[2026-04-30T10:17:48.957Z] [INFO] [File Cleanup] Email attachment cleanup worker initialized (daily at 4:00 AM)
[2026-04-30T10:17:48.955Z] [INFO] [Email Cron] Email broadcast worker initialized (every 1 minute)
[2026-04-30T10:17:48.958Z] [INFO] Email file cleanup: Daily at 4:00 AM
[2026-04-30T10:17:48.958Z] [INFO] Email broadcast worker: Every 1 minute
[2026-04-30T10:17:48.961Z] [INFO] Subscription lifecycle job scheduled (every hour)
[2026-04-30T10:17:48.963Z] [INFO] Payment status sync job scheduled (daily at 1:00 AM)
[2026-04-30T10:17:48.967Z] [INFO] Inventory expiry job scheduled (daily at 6:00 AM)
[2026-04-30T10:17:48.965Z] [INFO] Reminder job scheduled (daily at 9:00 AM)
[2026-04-30T10:17:48.960Z] [INFO] Plan transition job scheduled (daily at 2:00 AM)
[2026-04-30T10:17:48.969Z] [INFO] Scheduled broadcasts job initialized (every 5 minutes)
[2026-04-30T10:17:48.976Z] [INFO]   - Plan transition: Daily at 2:00 AM
[2026-04-30T10:17:48.976Z] [INFO]   - Session cleanup: Every hour
[2026-04-30T10:17:48.976Z] [INFO]   - Payment status sync: Daily at 1:00 AM
[2026-04-30T10:17:48.976Z] [INFO]   - Subscription lifecycle + emails: Every hour
[2026-04-30T10:17:48.976Z] [INFO]   - Inventory expiry checks + alerts: Daily at 6:00 AM
[2026-04-30T10:17:48.976Z] [INFO] All cron jobs initialized:
[2026-04-30T10:17:48.976Z] [INFO]   - Reminder emails (7d/3d/final): Daily at 9:00 AM
[2026-04-30T10:17:48.976Z] [INFO]   - Pending users cleanup: Daily at 3:00 AM
[2026-04-30T10:17:48.976Z] [INFO]   - Incomplete users cleanup: Daily at 3:15 AM
[2026-04-30T10:17:48.976Z] [INFO]   - Deletion logs cleanup: Daily at 3:30 AM
[2026-04-30T10:17:48.976Z] [INFO]   - OTP daily limits cleanup: Daily at 3:45 AM
[2026-04-30T10:17:48.976Z] [INFO]   - Scheduled broadcasts: Every 5 minutes
[2026-04-30T10:20:00.024Z] [INFO] Checking for scheduled broadcasts...
[2026-04-30T10:20:00.030Z] [INFO] No scheduled broadcasts due for sending
[2026-04-30T10:21:05.628Z] [INFO] Distributed locking: ENABLED
[2026-04-30T10:21:05.628Z] [INFO] Instance ID: DESKTOP-I1JLQUS-15220-6af89196
[2026-04-30T10:21:05.628Z] [INFO] Initializing cron jobs...
[2026-04-30T10:21:05.635Z] [INFO] Email file cleanup: Daily at 4:00 AM
[2026-04-30T10:21:05.633Z] [INFO] [Email Cron] Email broadcast worker initialized (every 1 minute)
[2026-04-30T10:21:05.635Z] [INFO] [File Cleanup] Email attachment cleanup worker initialized (daily at 4:00 AM)
[2026-04-30T10:21:05.638Z] [INFO] Plan transition job scheduled (daily at 2:00 AM)
[2026-04-30T10:21:05.640Z] [INFO] Subscription lifecycle job scheduled (every hour)
[2026-04-30T10:21:05.635Z] [INFO] Email broadcast worker: Every 1 minute
[2026-04-30T10:21:05.644Z] [INFO] Reminder job scheduled (daily at 9:00 AM)
[2026-04-30T10:21:05.646Z] [INFO] Inventory expiry job scheduled (daily at 6:00 AM)
[2026-04-30T10:21:05.642Z] [INFO] Payment status sync job scheduled (daily at 1:00 AM)
[2026-04-30T10:21:05.649Z] [INFO] Scheduled broadcasts job initialized (every 5 minutes)
[2026-04-30T10:21:05.658Z] [INFO]   - Session cleanup: Every hour
[2026-04-30T10:21:05.658Z] [INFO]   - Subscription lifecycle + emails: Every hour
[2026-04-30T10:21:05.658Z] [INFO]   - Plan transition: Daily at 2:00 AM
[2026-04-30T10:21:05.658Z] [INFO]   - Payment status sync: Daily at 1:00 AM
[2026-04-30T10:21:05.658Z] [INFO]   - Inventory expiry checks + alerts: Daily at 6:00 AM
[2026-04-30T10:21:05.658Z] [INFO] All cron jobs initialized:
[2026-04-30T10:21:05.658Z] [INFO]   - Pending users cleanup: Daily at 3:00 AM
[2026-04-30T10:21:05.658Z] [INFO]   - Incomplete users cleanup: Daily at 3:15 AM
[2026-04-30T10:21:05.658Z] [INFO]   - Deletion logs cleanup: Daily at 3:30 AM
[2026-04-30T10:21:05.658Z] [INFO]   - OTP daily limits cleanup: Daily at 3:45 AM
[2026-04-30T10:21:05.658Z] [INFO]   - Reminder emails (7d/3d/final): Daily at 9:00 AM
[2026-04-30T10:21:05.658Z] [INFO]   - Scheduled broadcasts: Every 5 minutes
[2026-04-30T10:23:06.985Z] [INFO] Initializing cron jobs...
[2026-04-30T10:23:06.985Z] [INFO] Instance ID: DESKTOP-I1JLQUS-5108-40a4be65
[2026-04-30T10:23:06.985Z] [INFO] Distributed locking: ENABLED
[2026-04-30T10:23:06.992Z] [INFO] [File Cleanup] Email attachment cleanup worker initialized (daily at 4:00 AM)
[2026-04-30T10:23:06.990Z] [INFO] [Email Cron] Email broadcast worker initialized (every 1 minute)
[2026-04-30T10:23:06.995Z] [INFO] Plan transition job scheduled (daily at 2:00 AM)
[2026-04-30T10:23:06.997Z] [INFO] Subscription lifecycle job scheduled (every hour)
[2026-04-30T10:23:06.999Z] [INFO] Payment status sync job scheduled (daily at 1:00 AM)
[2026-04-30T10:23:06.992Z] [INFO] Email file cleanup: Daily at 4:00 AM
[2026-04-30T10:23:06.992Z] [INFO] Email broadcast worker: Every 1 minute
[2026-04-30T10:23:07.002Z] [INFO] Reminder job scheduled (daily at 9:00 AM)
[2026-04-30T10:23:07.011Z] [INFO] Scheduled broadcasts job initialized (every 5 minutes)
[2026-04-30T10:23:07.007Z] [INFO] Inventory expiry job scheduled (daily at 6:00 AM)
[2026-04-30T10:23:07.020Z] [INFO]   - Subscription lifecycle + emails: Every hour
[2026-04-30T10:23:07.020Z] [INFO]   - Session cleanup: Every hour
[2026-04-30T10:23:07.020Z] [INFO]   - Payment status sync: Daily at 1:00 AM
[2026-04-30T10:23:07.020Z] [INFO] All cron jobs initialized:
[2026-04-30T10:23:07.020Z] [INFO]   - Plan transition: Daily at 2:00 AM
[2026-04-30T10:23:07.020Z] [INFO]   - Pending users cleanup: Daily at 3:00 AM
[2026-04-30T10:23:07.020Z] [INFO]   - Inventory expiry checks + alerts: Daily at 6:00 AM
[2026-04-30T10:23:07.020Z] [INFO]   - Incomplete users cleanup: Daily at 3:15 AM
[2026-04-30T10:23:07.020Z] [INFO]   - Scheduled broadcasts: Every 5 minutes
[2026-04-30T10:23:07.020Z] [INFO]   - OTP daily limits cleanup: Daily at 3:45 AM
[2026-04-30T10:23:07.020Z] [INFO]   - Reminder emails (7d/3d/final): Daily at 9:00 AM
[2026-04-30T10:23:07.020Z] [INFO]   - Deletion logs cleanup: Daily at 3:30 AM
[2026-04-30T10:25:00.024Z] [INFO] Checking for scheduled broadcasts...
[2026-04-30T10:25:00.028Z] [INFO] No scheduled broadcasts due for sending
[2026-04-30T10:30:00.031Z] [INFO] Starting subscription lifecycle check...
[2026-04-30T10:30:00.037Z] [INFO] Subscription lifecycle complete | Grace: 0 | Suspended: 0
[2026-04-30T10:30:00.164Z] [INFO] Checking for scheduled broadcasts...
[2026-04-30T10:30:00.166Z] [INFO] No scheduled broadcasts due for sending
[2026-04-30T10:35:00.051Z] [INFO] Checking for scheduled broadcasts...
[2026-04-30T10:35:00.055Z] [INFO] No scheduled broadcasts due for sending
[2026-04-30T10:37:13.009Z] [INFO] Instance ID: DESKTOP-I1JLQUS-16300-ab967958
[2026-04-30T10:37:13.008Z] [INFO] Initializing cron jobs...
[2026-04-30T10:37:13.009Z] [INFO] Distributed locking: ENABLED
[2026-04-30T10:37:13.043Z] [INFO] [Email Cron] Email broadcast worker initialized (every 1 minute)
[2026-04-30T10:37:13.050Z] [INFO] [File Cleanup] Email attachment cleanup worker initialized (daily at 4:00 AM)
[2026-04-30T10:37:13.051Z] [INFO] Email broadcast worker: Every 1 minute
[2026-04-30T10:37:13.051Z] [INFO] Email file cleanup: Daily at 4:00 AM
[2026-04-30T10:37:13.060Z] [INFO] Plan transition job scheduled (daily at 2:00 AM)
[2026-04-30T10:37:13.066Z] [INFO] Subscription lifecycle job scheduled (every hour)
[2026-04-30T10:37:13.076Z] [INFO] Payment status sync job scheduled (daily at 1:00 AM)
[2026-04-30T10:37:13.084Z] [INFO] Reminder job scheduled (daily at 9:00 AM)
[2026-04-30T10:37:13.092Z] [INFO] Inventory expiry job scheduled (daily at 6:00 AM)
[2026-04-30T10:37:13.104Z] [INFO] Scheduled broadcasts job initialized (every 5 minutes)
[2026-04-30T10:37:13.123Z] [INFO] All cron jobs initialized:
[2026-04-30T10:37:13.123Z] [INFO]   - Session cleanup: Every hour
[2026-04-30T10:37:13.123Z] [INFO]   - Plan transition: Daily at 2:00 AM
[2026-04-30T10:37:13.123Z] [INFO]   - Subscription lifecycle + emails: Every hour
[2026-04-30T10:37:13.123Z] [INFO]   - Payment status sync: Daily at 1:00 AM
[2026-04-30T10:37:13.123Z] [INFO]   - Inventory expiry checks + alerts: Daily at 6:00 AM
[2026-04-30T10:37:13.123Z] [INFO]   - Pending users cleanup: Daily at 3:00 AM
[2026-04-30T10:37:13.123Z] [INFO]   - Reminder emails (7d/3d/final): Daily at 9:00 AM
[2026-04-30T10:37:13.123Z] [INFO]   - Incomplete users cleanup: Daily at 3:15 AM
[2026-04-30T10:37:13.123Z] [INFO]   - Deletion logs cleanup: Daily at 3:30 AM
[2026-04-30T10:37:13.123Z] [INFO]   - Scheduled broadcasts: Every 5 minutes
[2026-04-30T10:37:13.123Z] [INFO]   - OTP daily limits cleanup: Daily at 3:45 AM
[2026-04-30T10:37:21.636Z] [INFO] Initializing cron jobs...
[2026-04-30T10:37:21.636Z] [INFO] Distributed locking: ENABLED
[2026-04-30T10:37:21.636Z] [INFO] Instance ID: DESKTOP-I1JLQUS-10912-ed8e866e
[2026-04-30T10:37:21.640Z] [INFO] [Email Cron] Email broadcast worker initialized (every 1 minute)
[2026-04-30T10:37:21.642Z] [INFO] [File Cleanup] Email attachment cleanup worker initialized (daily at 4:00 AM)
[2026-04-30T10:37:21.642Z] [INFO] Email broadcast worker: Every 1 minute
[2026-04-30T10:37:21.642Z] [INFO] Email file cleanup: Daily at 4:00 AM
[2026-04-30T10:37:21.644Z] [INFO] Plan transition job scheduled (daily at 2:00 AM)
[2026-04-30T10:37:21.645Z] [INFO] Subscription lifecycle job scheduled (every hour)
[2026-04-30T10:37:21.647Z] [INFO] Payment status sync job scheduled (daily at 1:00 AM)
[2026-04-30T10:37:21.648Z] [INFO] Reminder job scheduled (daily at 9:00 AM)
[2026-04-30T10:37:21.649Z] [INFO] Inventory expiry job scheduled (daily at 6:00 AM)
[2026-04-30T10:37:21.651Z] [INFO] Scheduled broadcasts job initialized (every 5 minutes)
[2026-04-30T10:37:21.658Z] [INFO]   - Subscription lifecycle + emails: Every hour
[2026-04-30T10:37:21.658Z] [INFO] All cron jobs initialized:
[2026-04-30T10:37:21.658Z] [INFO]   - Session cleanup: Every hour
[2026-04-30T10:37:21.658Z] [INFO]   - Plan transition: Daily at 2:00 AM
[2026-04-30T10:37:21.658Z] [INFO]   - Payment status sync: Daily at 1:00 AM
[2026-04-30T10:37:21.658Z] [INFO]   - Inventory expiry checks + alerts: Daily at 6:00 AM
[2026-04-30T10:37:21.658Z] [INFO]   - Reminder emails (7d/3d/final): Daily at 9:00 AM
[2026-04-30T10:37:21.658Z] [INFO]   - Pending users cleanup: Daily at 3:00 AM
[2026-04-30T10:37:21.658Z] [INFO]   - Deletion logs cleanup: Daily at 3:30 AM
[2026-04-30T10:37:21.658Z] [INFO]   - Incomplete users cleanup: Daily at 3:15 AM
[2026-04-30T10:37:21.658Z] [INFO]   - Scheduled broadcasts: Every 5 minutes
[2026-04-30T10:37:21.658Z] [INFO]   - OTP daily limits cleanup: Daily at 3:45 AM
[2026-04-30T10:38:35.294Z] [INFO] Initializing cron jobs...
[2026-04-30T10:38:35.294Z] [INFO] Distributed locking: ENABLED
[2026-04-30T10:38:35.294Z] [INFO] Instance ID: DESKTOP-I1JLQUS-5224-e3de4e05
[2026-04-30T10:38:35.302Z] [INFO] [File Cleanup] Email attachment cleanup worker initialized (daily at 4:00 AM)
[2026-04-30T10:38:35.300Z] [INFO] [Email Cron] Email broadcast worker initialized (every 1 minute)
[2026-04-30T10:38:35.302Z] [INFO] Email broadcast worker: Every 1 minute
[2026-04-30T10:38:35.309Z] [INFO] Subscription lifecycle job scheduled (every hour)
[2026-04-30T10:38:35.302Z] [INFO] Email file cleanup: Daily at 4:00 AM
[2026-04-30T10:38:35.312Z] [INFO] Payment status sync job scheduled (daily at 1:00 AM)
[2026-04-30T10:38:35.307Z] [INFO] Plan transition job scheduled (daily at 2:00 AM)
[2026-04-30T10:38:35.314Z] [INFO] Reminder job scheduled (daily at 9:00 AM)
[2026-04-30T10:38:35.317Z] [INFO] Scheduled broadcasts job initialized (every 5 minutes)
[2026-04-30T10:38:35.316Z] [INFO] Inventory expiry job scheduled (daily at 6:00 AM)
[2026-04-30T10:38:35.325Z] [INFO]   - Plan transition: Daily at 2:00 AM
[2026-04-30T10:38:35.325Z] [INFO]   - Session cleanup: Every hour
[2026-04-30T10:38:35.325Z] [INFO]   - Subscription lifecycle + emails: Every hour
[2026-04-30T10:38:35.325Z] [INFO]   - Inventory expiry checks + alerts: Daily at 6:00 AM
[2026-04-30T10:38:35.325Z] [INFO] All cron jobs initialized:
[2026-04-30T10:38:35.325Z] [INFO]   - Payment status sync: Daily at 1:00 AM
[2026-04-30T10:38:35.325Z] [INFO]   - Reminder emails (7d/3d/final): Daily at 9:00 AM
[2026-04-30T10:38:35.325Z] [INFO]   - Deletion logs cleanup: Daily at 3:30 AM
[2026-04-30T10:38:35.325Z] [INFO]   - Incomplete users cleanup: Daily at 3:15 AM
[2026-04-30T10:38:35.325Z] [INFO]   - Pending users cleanup: Daily at 3:00 AM
[2026-04-30T10:38:35.325Z] [INFO]   - OTP daily limits cleanup: Daily at 3:45 AM
[2026-04-30T10:38:35.325Z] [INFO]   - Scheduled broadcasts: Every 5 minutes
[2026-04-30T10:38:36.752Z] [INFO] Instance ID: DESKTOP-I1JLQUS-18948-ae557e7c
[2026-04-30T10:38:36.752Z] [INFO] Distributed locking: ENABLED
[2026-04-30T10:38:36.752Z] [INFO] Initializing cron jobs...
[2026-04-30T10:38:36.756Z] [INFO] [Email Cron] Email broadcast worker initialized (every 1 minute)
[2026-04-30T10:38:36.758Z] [INFO] [File Cleanup] Email attachment cleanup worker initialized (daily at 4:00 AM)
[2026-04-30T10:38:36.758Z] [INFO] Email broadcast worker: Every 1 minute
[2026-04-30T10:38:36.758Z] [INFO] Email file cleanup: Daily at 4:00 AM
[2026-04-30T10:38:36.760Z] [INFO] Plan transition job scheduled (daily at 2:00 AM)
[2026-04-30T10:38:36.762Z] [INFO] Subscription lifecycle job scheduled (every hour)
[2026-04-30T10:38:36.763Z] [INFO] Payment status sync job scheduled (daily at 1:00 AM)
[2026-04-30T10:38:36.765Z] [INFO] Reminder job scheduled (daily at 9:00 AM)
[2026-04-30T10:38:36.766Z] [INFO] Inventory expiry job scheduled (daily at 6:00 AM)
[2026-04-30T10:38:36.769Z] [INFO] Scheduled broadcasts job initialized (every 5 minutes)
[2026-04-30T10:38:36.779Z] [INFO] All cron jobs initialized:
[2026-04-30T10:38:36.779Z] [INFO]   - Session cleanup: Every hour
[2026-04-30T10:38:36.779Z] [INFO]   - Plan transition: Daily at 2:00 AM
[2026-04-30T10:38:36.779Z] [INFO]   - Payment status sync: Daily at 1:00 AM
[2026-04-30T10:38:36.779Z] [INFO]   - Subscription lifecycle + emails: Every hour
[2026-04-30T10:38:36.779Z] [INFO]   - Inventory expiry checks + alerts: Daily at 6:00 AM
[2026-04-30T10:38:36.779Z] [INFO]   - Reminder emails (7d/3d/final): Daily at 9:00 AM
[2026-04-30T10:38:36.779Z] [INFO]   - Pending users cleanup: Daily at 3:00 AM
[2026-04-30T10:38:36.779Z] [INFO]   - Deletion logs cleanup: Daily at 3:30 AM
[2026-04-30T10:38:36.779Z] [INFO]   - Scheduled broadcasts: Every 5 minutes
[2026-04-30T10:38:36.779Z] [INFO]   - Incomplete users cleanup: Daily at 3:15 AM
[2026-04-30T10:38:36.779Z] [INFO]   - OTP daily limits cleanup: Daily at 3:45 AM
[2026-04-30T10:38:40.268Z] [INFO] Initializing cron jobs...
[2026-04-30T10:38:40.269Z] [INFO] Instance ID: DESKTOP-I1JLQUS-27616-ddfb0f89
[2026-04-30T10:38:40.273Z] [INFO] [Email Cron] Email broadcast worker initialized (every 1 minute)
[2026-04-30T10:38:40.276Z] [INFO] [File Cleanup] Email attachment cleanup worker initialized (daily at 4:00 AM)
[2026-04-30T10:38:40.276Z] [INFO] Email broadcast worker: Every 1 minute
[2026-04-30T10:38:40.280Z] [INFO] Subscription lifecycle job scheduled (every hour)
[2026-04-30T10:38:40.282Z] [INFO] Payment status sync job scheduled (daily at 1:00 AM)
[2026-04-30T10:38:40.278Z] [INFO] Plan transition job scheduled (daily at 2:00 AM)
[2026-04-30T10:38:40.276Z] [INFO] Email file cleanup: Daily at 4:00 AM
[2026-04-30T10:38:40.284Z] [INFO] Reminder job scheduled (daily at 9:00 AM)
[2026-04-30T10:38:40.269Z] [INFO] Distributed locking: ENABLED
[2026-04-30T10:38:40.287Z] [INFO] Scheduled broadcasts job initialized (every 5 minutes)
[2026-04-30T10:38:40.296Z] [INFO] All cron jobs initialized:
[2026-04-30T10:38:40.296Z] [INFO]   - Session cleanup: Every hour
[2026-04-30T10:38:40.296Z] [INFO]   - Payment status sync: Daily at 1:00 AM
[2026-04-30T10:38:40.296Z] [INFO]   - Reminder emails (7d/3d/final): Daily at 9:00 AM
[2026-04-30T10:38:40.296Z] [INFO]   - Plan transition: Daily at 2:00 AM
[2026-04-30T10:38:40.285Z] [INFO] Inventory expiry job scheduled (daily at 6:00 AM)
[2026-04-30T10:38:40.296Z] [INFO]   - Subscription lifecycle + emails: Every hour
[2026-04-30T10:38:40.296Z] [INFO]   - Inventory expiry checks + alerts: Daily at 6:00 AM
[2026-04-30T10:38:40.296Z] [INFO]   - Incomplete users cleanup: Daily at 3:15 AM
[2026-04-30T10:38:40.296Z] [INFO]   - Deletion logs cleanup: Daily at 3:30 AM
[2026-04-30T10:38:40.296Z] [INFO]   - Scheduled broadcasts: Every 5 minutes
[2026-04-30T10:38:40.296Z] [INFO]   - OTP daily limits cleanup: Daily at 3:45 AM
[2026-04-30T10:38:40.296Z] [INFO]   - Pending users cleanup: Daily at 3:00 AM
[2026-04-30T10:38:51.249Z] [INFO] Initializing cron jobs...
[2026-04-30T10:38:51.249Z] [INFO] Instance ID: DESKTOP-I1JLQUS-23568-b34e2c13
[2026-04-30T10:38:51.249Z] [INFO] Distributed locking: ENABLED
[2026-04-30T10:38:51.254Z] [INFO] [Email Cron] Email broadcast worker initialized (every 1 minute)
[2026-04-30T10:38:51.257Z] [INFO] [File Cleanup] Email attachment cleanup worker initialized (daily at 4:00 AM)
[2026-04-30T10:38:51.257Z] [INFO] Email broadcast worker: Every 1 minute
[2026-04-30T10:38:51.257Z] [INFO] Email file cleanup: Daily at 4:00 AM
[2026-04-30T10:38:51.260Z] [INFO] Plan transition job scheduled (daily at 2:00 AM)
[2026-04-30T10:38:51.261Z] [INFO] Subscription lifecycle job scheduled (every hour)
[2026-04-30T10:38:51.263Z] [INFO] Payment status sync job scheduled (daily at 1:00 AM)
[2026-04-30T10:38:51.266Z] [INFO] Inventory expiry job scheduled (daily at 6:00 AM)
[2026-04-30T10:38:51.265Z] [INFO] Reminder job scheduled (daily at 9:00 AM)
[2026-04-30T10:38:51.268Z] [INFO] Scheduled broadcasts job initialized (every 5 minutes)
[2026-04-30T10:38:51.278Z] [INFO] All cron jobs initialized:
[2026-04-30T10:38:51.278Z] [INFO]   - Plan transition: Daily at 2:00 AM
[2026-04-30T10:38:51.278Z] [INFO]   - Session cleanup: Every hour
[2026-04-30T10:38:51.278Z] [INFO]   - Subscription lifecycle + emails: Every hour
[2026-04-30T10:38:51.278Z] [INFO]   - Inventory expiry checks + alerts: Daily at 6:00 AM
[2026-04-30T10:38:51.278Z] [INFO]   - Incomplete users cleanup: Daily at 3:15 AM
[2026-04-30T10:38:51.278Z] [INFO]   - Reminder emails (7d/3d/final): Daily at 9:00 AM
[2026-04-30T10:38:51.278Z] [INFO]   - Payment status sync: Daily at 1:00 AM
[2026-04-30T10:38:51.278Z] [INFO]   - Deletion logs cleanup: Daily at 3:30 AM
[2026-04-30T10:38:51.278Z] [INFO]   - OTP daily limits cleanup: Daily at 3:45 AM
[2026-04-30T10:38:51.278Z] [INFO]   - Pending users cleanup: Daily at 3:00 AM
[2026-04-30T10:38:51.278Z] [INFO]   - Scheduled broadcasts: Every 5 minutes
[2026-04-30T10:39:03.285Z] [INFO] Instance ID: DESKTOP-I1JLQUS-11672-311565f6
[2026-04-30T10:39:03.285Z] [INFO] Initializing cron jobs...
[2026-04-30T10:39:03.286Z] [INFO] Distributed locking: ENABLED
[2026-04-30T10:39:03.292Z] [INFO] [Email Cron] Email broadcast worker initialized (every 1 minute)
[2026-04-30T10:39:03.296Z] [INFO] [File Cleanup] Email attachment cleanup worker initialized (daily at 4:00 AM)
[2026-04-30T10:39:03.296Z] [INFO] Email broadcast worker: Every 1 minute
[2026-04-30T10:39:03.296Z] [INFO] Email file cleanup: Daily at 4:00 AM
[2026-04-30T10:39:03.299Z] [INFO] Plan transition job scheduled (daily at 2:00 AM)
[2026-04-30T10:39:03.301Z] [INFO] Subscription lifecycle job scheduled (every hour)
[2026-04-30T10:39:03.304Z] [INFO] Payment status sync job scheduled (daily at 1:00 AM)
[2026-04-30T10:39:03.307Z] [INFO] Reminder job scheduled (daily at 9:00 AM)
[2026-04-30T10:39:03.310Z] [INFO] Inventory expiry job scheduled (daily at 6:00 AM)
[2026-04-30T10:39:03.313Z] [INFO] Scheduled broadcasts job initialized (every 5 minutes)
[2026-04-30T10:39:03.328Z] [INFO]   - Session cleanup: Every hour
[2026-04-30T10:39:03.328Z] [INFO]   - Plan transition: Daily at 2:00 AM
[2026-04-30T10:39:03.328Z] [INFO]   - Subscription lifecycle + emails: Every hour
[2026-04-30T10:39:03.328Z] [INFO] All cron jobs initialized:
[2026-04-30T10:39:03.328Z] [INFO]   - Payment status sync: Daily at 1:00 AM
[2026-04-30T10:39:03.328Z] [INFO]   - Inventory expiry checks + alerts: Daily at 6:00 AM
[2026-04-30T10:39:03.328Z] [INFO]   - Reminder emails (7d/3d/final): Daily at 9:00 AM
[2026-04-30T10:39:03.328Z] [INFO]   - Incomplete users cleanup: Daily at 3:15 AM
[2026-04-30T10:39:03.328Z] [INFO]   - Deletion logs cleanup: Daily at 3:30 AM
[2026-04-30T10:39:03.328Z] [INFO]   - Pending users cleanup: Daily at 3:00 AM
[2026-04-30T10:39:03.328Z] [INFO]   - OTP daily limits cleanup: Daily at 3:45 AM
[2026-04-30T10:39:03.328Z] [INFO]   - Scheduled broadcasts: Every 5 minutes
[2026-04-30T10:39:08.394Z] [INFO] Initializing cron jobs...
[2026-04-30T10:39:08.395Z] [INFO] Distributed locking: ENABLED
[2026-04-30T10:39:08.394Z] [INFO] Instance ID: DESKTOP-I1JLQUS-7948-ab74b1cf
[2026-04-30T10:39:08.399Z] [INFO] [Email Cron] Email broadcast worker initialized (every 1 minute)
[2026-04-30T10:39:08.401Z] [INFO] [File Cleanup] Email attachment cleanup worker initialized (daily at 4:00 AM)
[2026-04-30T10:39:08.401Z] [INFO] Email file cleanup: Daily at 4:00 AM
[2026-04-30T10:39:08.401Z] [INFO] Email broadcast worker: Every 1 minute
[2026-04-30T10:39:08.403Z] [INFO] Plan transition job scheduled (daily at 2:00 AM)
[2026-04-30T10:39:08.404Z] [INFO] Subscription lifecycle job scheduled (every hour)
[2026-04-30T10:39:08.406Z] [INFO] Payment status sync job scheduled (daily at 1:00 AM)
[2026-04-30T10:39:08.408Z] [INFO] Reminder job scheduled (daily at 9:00 AM)
[2026-04-30T10:39:08.409Z] [INFO] Inventory expiry job scheduled (daily at 6:00 AM)
[2026-04-30T10:39:08.411Z] [INFO] Scheduled broadcasts job initialized (every 5 minutes)
[2026-04-30T10:39:08.424Z] [INFO]   - Session cleanup: Every hour
[2026-04-30T10:39:08.424Z] [INFO]   - Subscription lifecycle + emails: Every hour
[2026-04-30T10:39:08.424Z] [INFO] All cron jobs initialized:
[2026-04-30T10:39:08.424Z] [INFO]   - Payment status sync: Daily at 1:00 AM
[2026-04-30T10:39:08.424Z] [INFO]   - Plan transition: Daily at 2:00 AM
[2026-04-30T10:39:08.424Z] [INFO]   - Inventory expiry checks + alerts: Daily at 6:00 AM
[2026-04-30T10:39:08.424Z] [INFO]   - Incomplete users cleanup: Daily at 3:15 AM
[2026-04-30T10:39:08.424Z] [INFO]   - Pending users cleanup: Daily at 3:00 AM
[2026-04-30T10:39:08.424Z] [INFO]   - Reminder emails (7d/3d/final): Daily at 9:00 AM
[2026-04-30T10:39:08.424Z] [INFO]   - Deletion logs cleanup: Daily at 3:30 AM
[2026-04-30T10:39:08.424Z] [INFO]   - Scheduled broadcasts: Every 5 minutes
[2026-04-30T10:39:08.424Z] [INFO]   - OTP daily limits cleanup: Daily at 3:45 AM
[2026-04-30T10:39:13.213Z] [INFO] Initializing cron jobs...
[2026-04-30T10:39:13.213Z] [INFO] Instance ID: DESKTOP-I1JLQUS-9880-29137991
[2026-04-30T10:39:13.213Z] [INFO] Distributed locking: ENABLED
[2026-04-30T10:39:13.217Z] [INFO] [Email Cron] Email broadcast worker initialized (every 1 minute)
[2026-04-30T10:39:13.219Z] [INFO] [File Cleanup] Email attachment cleanup worker initialized (daily at 4:00 AM)
[2026-04-30T10:39:13.219Z] [INFO] Email broadcast worker: Every 1 minute
[2026-04-30T10:39:13.221Z] [INFO] Plan transition job scheduled (daily at 2:00 AM)
[2026-04-30T10:39:13.219Z] [INFO] Email file cleanup: Daily at 4:00 AM
[2026-04-30T10:39:13.224Z] [INFO] Payment status sync job scheduled (daily at 1:00 AM)
[2026-04-30T10:39:13.227Z] [INFO] Inventory expiry job scheduled (daily at 6:00 AM)
[2026-04-30T10:39:13.226Z] [INFO] Reminder job scheduled (daily at 9:00 AM)
[2026-04-30T10:39:13.229Z] [INFO] Scheduled broadcasts job initialized (every 5 minutes)
[2026-04-30T10:39:13.222Z] [INFO] Subscription lifecycle job scheduled (every hour)
[2026-04-30T10:39:13.238Z] [INFO]   - Plan transition: Daily at 2:00 AM
[2026-04-30T10:39:13.238Z] [INFO]   - Subscription lifecycle + emails: Every hour
[2026-04-30T10:39:13.238Z] [INFO]   - Inventory expiry checks + alerts: Daily at 6:00 AM
[2026-04-30T10:39:13.238Z] [INFO]   - Payment status sync: Daily at 1:00 AM
[2026-04-30T10:39:13.238Z] [INFO]   - Reminder emails (7d/3d/final): Daily at 9:00 AM
[2026-04-30T10:39:13.238Z] [INFO]   - Session cleanup: Every hour
[2026-04-30T10:39:13.238Z] [INFO]   - Incomplete users cleanup: Daily at 3:15 AM
[2026-04-30T10:39:13.238Z] [INFO] All cron jobs initialized:
[2026-04-30T10:39:13.238Z] [INFO]   - Deletion logs cleanup: Daily at 3:30 AM
[2026-04-30T10:39:13.238Z] [INFO]   - Pending users cleanup: Daily at 3:00 AM
[2026-04-30T10:39:13.238Z] [INFO]   - OTP daily limits cleanup: Daily at 3:45 AM
[2026-04-30T10:39:13.238Z] [INFO]   - Scheduled broadcasts: Every 5 minutes
[2026-04-30T10:39:17.209Z] [INFO] Initializing cron jobs...
[2026-04-30T10:39:17.209Z] [INFO] Distributed locking: ENABLED
[2026-04-30T10:39:17.214Z] [INFO] [Email Cron] Email broadcast worker initialized (every 1 minute)
[2026-04-30T10:39:17.216Z] [INFO] Email broadcast worker: Every 1 minute
[2026-04-30T10:39:17.209Z] [INFO] Instance ID: DESKTOP-I1JLQUS-23220-d84ba754
[2026-04-30T10:39:17.218Z] [INFO] Plan transition job scheduled (daily at 2:00 AM)
[2026-04-30T10:39:17.216Z] [INFO] [File Cleanup] Email attachment cleanup worker initialized (daily at 4:00 AM)
[2026-04-30T10:39:17.216Z] [INFO] Email file cleanup: Daily at 4:00 AM
[2026-04-30T10:39:17.219Z] [INFO] Subscription lifecycle job scheduled (every hour)
[2026-04-30T10:39:17.221Z] [INFO] Payment status sync job scheduled (daily at 1:00 AM)
[2026-04-30T10:39:17.223Z] [INFO] Reminder job scheduled (daily at 9:00 AM)
[2026-04-30T10:39:17.226Z] [INFO] Inventory expiry job scheduled (daily at 6:00 AM)
[2026-04-30T10:39:17.228Z] [INFO] Scheduled broadcasts job initialized (every 5 minutes)
[2026-04-30T10:39:17.236Z] [INFO] All cron jobs initialized:
[2026-04-30T10:39:17.236Z] [INFO]   - Plan transition: Daily at 2:00 AM
[2026-04-30T10:39:17.236Z] [INFO]   - Session cleanup: Every hour
[2026-04-30T10:39:17.236Z] [INFO]   - Subscription lifecycle + emails: Every hour
[2026-04-30T10:39:17.236Z] [INFO]   - Reminder emails (7d/3d/final): Daily at 9:00 AM
[2026-04-30T10:39:17.236Z] [INFO]   - Inventory expiry checks + alerts: Daily at 6:00 AM
[2026-04-30T10:39:17.236Z] [INFO]   - Incomplete users cleanup: Daily at 3:15 AM
[2026-04-30T10:39:17.236Z] [INFO]   - Pending users cleanup: Daily at 3:00 AM
[2026-04-30T10:39:17.236Z] [INFO]   - Deletion logs cleanup: Daily at 3:30 AM
[2026-04-30T10:39:17.236Z] [INFO]   - OTP daily limits cleanup: Daily at 3:45 AM
[2026-04-30T10:39:17.236Z] [INFO]   - Scheduled broadcasts: Every 5 minutes
[2026-04-30T10:39:17.236Z] [INFO]   - Payment status sync: Daily at 1:00 AM
[2026-04-30T10:39:22.793Z] [INFO] Initializing cron jobs...
[2026-04-30T10:39:22.793Z] [INFO] Instance ID: DESKTOP-I1JLQUS-3772-ae028222
[2026-04-30T10:39:22.793Z] [INFO] Distributed locking: ENABLED
[2026-04-30T10:39:22.798Z] [INFO] [Email Cron] Email broadcast worker initialized (every 1 minute)
[2026-04-30T10:39:22.800Z] [INFO] [File Cleanup] Email attachment cleanup worker initialized (daily at 4:00 AM)
[2026-04-30T10:39:22.800Z] [INFO] Email broadcast worker: Every 1 minute
[2026-04-30T10:39:22.800Z] [INFO] Email file cleanup: Daily at 4:00 AM
[2026-04-30T10:39:22.803Z] [INFO] Plan transition job scheduled (daily at 2:00 AM)
[2026-04-30T10:39:22.804Z] [INFO] Subscription lifecycle job scheduled (every hour)
[2026-04-30T10:39:22.806Z] [INFO] Payment status sync job scheduled (daily at 1:00 AM)
[2026-04-30T10:39:22.808Z] [INFO] Reminder job scheduled (daily at 9:00 AM)
[2026-04-30T10:39:22.810Z] [INFO] Inventory expiry job scheduled (daily at 6:00 AM)
[2026-04-30T10:39:22.811Z] [INFO] Scheduled broadcasts job initialized (every 5 minutes)
[2026-04-30T10:39:22.818Z] [INFO] All cron jobs initialized:
[2026-04-30T10:39:22.818Z] [INFO]   - Session cleanup: Every hour
[2026-04-30T10:39:22.818Z] [INFO]   - Plan transition: Daily at 2:00 AM
[2026-04-30T10:39:22.818Z] [INFO]   - Subscription lifecycle + emails: Every hour
[2026-04-30T10:39:22.818Z] [INFO]   - Reminder emails (7d/3d/final): Daily at 9:00 AM
[2026-04-30T10:39:22.818Z] [INFO]   - Incomplete users cleanup: Daily at 3:15 AM
[2026-04-30T10:39:22.818Z] [INFO]   - Deletion logs cleanup: Daily at 3:30 AM
[2026-04-30T10:39:22.818Z] [INFO]   - Scheduled broadcasts: Every 5 minutes
[2026-04-30T10:39:22.818Z] [INFO]   - OTP daily limits cleanup: Daily at 3:45 AM
[2026-04-30T10:39:22.818Z] [INFO]   - Inventory expiry checks + alerts: Daily at 6:00 AM
[2026-04-30T10:39:22.818Z] [INFO]   - Pending users cleanup: Daily at 3:00 AM
[2026-04-30T10:39:22.818Z] [INFO]   - Payment status sync: Daily at 1:00 AM
[2026-04-30T10:39:28.240Z] [INFO] Initializing cron jobs...
[2026-04-30T10:39:28.240Z] [INFO] Instance ID: DESKTOP-I1JLQUS-9700-13a57277
[2026-04-30T10:39:28.244Z] [INFO] [Email Cron] Email broadcast worker initialized (every 1 minute)
[2026-04-30T10:39:28.247Z] [INFO] [File Cleanup] Email attachment cleanup worker initialized (daily at 4:00 AM)
[2026-04-30T10:39:28.240Z] [INFO] Distributed locking: ENABLED
[2026-04-30T10:39:28.247Z] [INFO] Email broadcast worker: Every 1 minute
[2026-04-30T10:39:28.247Z] [INFO] Email file cleanup: Daily at 4:00 AM
[2026-04-30T10:39:28.249Z] [INFO] Plan transition job scheduled (daily at 2:00 AM)
[2026-04-30T10:39:28.251Z] [INFO] Subscription lifecycle job scheduled (every hour)
[2026-04-30T10:39:28.253Z] [INFO] Payment status sync job scheduled (daily at 1:00 AM)
[2026-04-30T10:39:28.255Z] [INFO] Reminder job scheduled (daily at 9:00 AM)
[2026-04-30T10:39:28.256Z] [INFO] Inventory expiry job scheduled (daily at 6:00 AM)
[2026-04-30T10:39:28.258Z] [INFO] Scheduled broadcasts job initialized (every 5 minutes)
[2026-04-30T10:39:28.267Z] [INFO]   - Session cleanup: Every hour
[2026-04-30T10:39:28.267Z] [INFO]   - Plan transition: Daily at 2:00 AM
[2026-04-30T10:39:28.267Z] [INFO]   - Subscription lifecycle + emails: Every hour
[2026-04-30T10:39:28.267Z] [INFO] All cron jobs initialized:
[2026-04-30T10:39:28.267Z] [INFO]   - Inventory expiry checks + alerts: Daily at 6:00 AM
[2026-04-30T10:39:28.267Z] [INFO]   - Payment status sync: Daily at 1:00 AM
[2026-04-30T10:39:28.267Z] [INFO]   - Pending users cleanup: Daily at 3:00 AM
[2026-04-30T10:39:28.267Z] [INFO]   - Incomplete users cleanup: Daily at 3:15 AM
[2026-04-30T10:39:28.267Z] [INFO]   - Reminder emails (7d/3d/final): Daily at 9:00 AM
[2026-04-30T10:39:28.267Z] [INFO]   - Deletion logs cleanup: Daily at 3:30 AM
[2026-04-30T10:39:28.267Z] [INFO]   - OTP daily limits cleanup: Daily at 3:45 AM
[2026-04-30T10:39:28.267Z] [INFO]   - Scheduled broadcasts: Every 5 minutes
[2026-04-30T10:39:33.997Z] [INFO] Initializing cron jobs...
[2026-04-30T10:39:33.998Z] [INFO] Instance ID: DESKTOP-I1JLQUS-13940-7841ae30
[2026-04-30T10:39:33.998Z] [INFO] Distributed locking: ENABLED
[2026-04-30T10:39:34.004Z] [INFO] Email broadcast worker: Every 1 minute
[2026-04-30T10:39:34.002Z] [INFO] [Email Cron] Email broadcast worker initialized (every 1 minute)
[2026-04-30T10:39:34.004Z] [INFO] Email file cleanup: Daily at 4:00 AM
[2026-04-30T10:39:34.004Z] [INFO] [File Cleanup] Email attachment cleanup worker initialized (daily at 4:00 AM)
[2026-04-30T10:39:34.007Z] [INFO] Plan transition job scheduled (daily at 2:00 AM)
[2026-04-30T10:39:34.009Z] [INFO] Subscription lifecycle job scheduled (every hour)
[2026-04-30T10:39:34.012Z] [INFO] Reminder job scheduled (daily at 9:00 AM)
[2026-04-30T10:39:34.011Z] [INFO] Payment status sync job scheduled (daily at 1:00 AM)
[2026-04-30T10:39:34.015Z] [INFO] Inventory expiry job scheduled (daily at 6:00 AM)
[2026-04-30T10:39:34.016Z] [INFO] Scheduled broadcasts job initialized (every 5 minutes)
[2026-04-30T10:39:34.023Z] [INFO] All cron jobs initialized:
[2026-04-30T10:39:34.023Z] [INFO]   - Session cleanup: Every hour
[2026-04-30T10:39:34.023Z] [INFO]   - Plan transition: Daily at 2:00 AM
[2026-04-30T10:39:34.023Z] [INFO]   - Subscription lifecycle + emails: Every hour
[2026-04-30T10:39:34.023Z] [INFO]   - Payment status sync: Daily at 1:00 AM
[2026-04-30T10:39:34.023Z] [INFO]   - Inventory expiry checks + alerts: Daily at 6:00 AM
[2026-04-30T10:39:34.023Z] [INFO]   - Pending users cleanup: Daily at 3:00 AM
[2026-04-30T10:39:34.023Z] [INFO]   - Reminder emails (7d/3d/final): Daily at 9:00 AM
[2026-04-30T10:39:34.023Z] [INFO]   - Incomplete users cleanup: Daily at 3:15 AM
[2026-04-30T10:39:34.023Z] [INFO]   - Deletion logs cleanup: Daily at 3:30 AM
[2026-04-30T10:39:34.023Z] [INFO]   - OTP daily limits cleanup: Daily at 3:45 AM
[2026-04-30T10:39:34.023Z] [INFO]   - Scheduled broadcasts: Every 5 minutes
[2026-04-30T10:39:36.930Z] [INFO] Initializing cron jobs...
[2026-04-30T10:39:36.930Z] [INFO] Instance ID: DESKTOP-I1JLQUS-12884-a677e198
[2026-04-30T10:39:36.930Z] [INFO] Distributed locking: ENABLED
[2026-04-30T10:39:36.937Z] [INFO] [File Cleanup] Email attachment cleanup worker initialized (daily at 4:00 AM)
[2026-04-30T10:39:36.937Z] [INFO] Email file cleanup: Daily at 4:00 AM
[2026-04-30T10:39:36.939Z] [INFO] Plan transition job scheduled (daily at 2:00 AM)
[2026-04-30T10:39:36.934Z] [INFO] [Email Cron] Email broadcast worker initialized (every 1 minute)
[2026-04-30T10:39:36.943Z] [INFO] Payment status sync job scheduled (daily at 1:00 AM)
[2026-04-30T10:39:36.945Z] [INFO] Reminder job scheduled (daily at 9:00 AM)
[2026-04-30T10:39:36.941Z] [INFO] Subscription lifecycle job scheduled (every hour)
[2026-04-30T10:39:36.937Z] [INFO] Email broadcast worker: Every 1 minute
[2026-04-30T10:39:36.946Z] [INFO] Inventory expiry job scheduled (daily at 6:00 AM)
[2026-04-30T10:39:36.948Z] [INFO] Scheduled broadcasts job initialized (every 5 minutes)
[2026-04-30T10:39:36.955Z] [INFO]   - Session cleanup: Every hour
[2026-04-30T10:39:36.955Z] [INFO] All cron jobs initialized:
[2026-04-30T10:39:36.955Z] [INFO]   - Subscription lifecycle + emails: Every hour
[2026-04-30T10:39:36.955Z] [INFO]   - Plan transition: Daily at 2:00 AM
[2026-04-30T10:39:36.955Z] [INFO]   - Inventory expiry checks + alerts: Daily at 6:00 AM
[2026-04-30T10:39:36.955Z] [INFO]   - Payment status sync: Daily at 1:00 AM
[2026-04-30T10:39:36.955Z] [INFO]   - Reminder emails (7d/3d/final): Daily at 9:00 AM
[2026-04-30T10:39:36.955Z] [INFO]   - Incomplete users cleanup: Daily at 3:15 AM
[2026-04-30T10:39:36.955Z] [INFO]   - Pending users cleanup: Daily at 3:00 AM
[2026-04-30T10:39:36.955Z] [INFO]   - Deletion logs cleanup: Daily at 3:30 AM
[2026-04-30T10:39:36.955Z] [INFO]   - Scheduled broadcasts: Every 5 minutes
[2026-04-30T10:39:36.955Z] [INFO]   - OTP daily limits cleanup: Daily at 3:45 AM
[2026-04-30T10:39:45.846Z] [INFO] Initializing cron jobs...
[2026-04-30T10:39:45.847Z] [INFO] Instance ID: DESKTOP-I1JLQUS-17904-52e6c544
[2026-04-30T10:39:45.847Z] [INFO] Distributed locking: ENABLED
[2026-04-30T10:39:45.855Z] [INFO] [Email Cron] Email broadcast worker initialized (every 1 minute)
[2026-04-30T10:39:45.858Z] [INFO] [File Cleanup] Email attachment cleanup worker initialized (daily at 4:00 AM)
[2026-04-30T10:39:45.858Z] [INFO] Email broadcast worker: Every 1 minute
[2026-04-30T10:39:45.858Z] [INFO] Email file cleanup: Daily at 4:00 AM
[2026-04-30T10:39:45.861Z] [INFO] Plan transition job scheduled (daily at 2:00 AM)
[2026-04-30T10:39:45.863Z] [INFO] Subscription lifecycle job scheduled (every hour)
[2026-04-30T10:39:45.868Z] [INFO] Payment status sync job scheduled (daily at 1:00 AM)
[2026-04-30T10:39:45.874Z] [INFO] Inventory expiry job scheduled (daily at 6:00 AM)
[2026-04-30T10:39:45.875Z] [INFO] Scheduled broadcasts job initialized (every 5 minutes)
[2026-04-30T10:39:45.891Z] [INFO] All cron jobs initialized:
[2026-04-30T10:39:45.891Z] [INFO]   - Session cleanup: Every hour
[2026-04-30T10:39:45.891Z] [INFO]   - Subscription lifecycle + emails: Every hour
[2026-04-30T10:39:45.891Z] [INFO]   - Plan transition: Daily at 2:00 AM
[2026-04-30T10:39:45.891Z] [INFO]   - Payment status sync: Daily at 1:00 AM
[2026-04-30T10:39:45.891Z] [INFO]   - Inventory expiry checks + alerts: Daily at 6:00 AM
[2026-04-30T10:39:45.891Z] [INFO]   - Reminder emails (7d/3d/final): Daily at 9:00 AM
[2026-04-30T10:39:45.891Z] [INFO]   - Pending users cleanup: Daily at 3:00 AM
[2026-04-30T10:39:45.891Z] [INFO]   - Incomplete users cleanup: Daily at 3:15 AM
[2026-04-30T10:39:45.891Z] [INFO]   - Deletion logs cleanup: Daily at 3:30 AM
[2026-04-30T10:39:45.891Z] [INFO]   - Scheduled broadcasts: Every 5 minutes
[2026-04-30T10:39:45.891Z] [INFO]   - OTP daily limits cleanup: Daily at 3:45 AM
[2026-04-30T10:39:45.871Z] [INFO] Reminder job scheduled (daily at 9:00 AM)
[2026-04-30T10:39:50.941Z] [INFO] Instance ID: DESKTOP-I1JLQUS-10848-3f4cee80
[2026-04-30T10:39:50.941Z] [INFO] Initializing cron jobs...
[2026-04-30T10:39:50.948Z] [INFO] Email broadcast worker: Every 1 minute
[2026-04-30T10:39:50.946Z] [INFO] [Email Cron] Email broadcast worker initialized (every 1 minute)
[2026-04-30T10:39:50.948Z] [INFO] [File Cleanup] Email attachment cleanup worker initialized (daily at 4:00 AM)
[2026-04-30T10:39:50.948Z] [INFO] Email file cleanup: Daily at 4:00 AM
[2026-04-30T10:39:50.952Z] [INFO] Plan transition job scheduled (daily at 2:00 AM)
[2026-04-30T10:39:50.941Z] [INFO] Distributed locking: ENABLED
[2026-04-30T10:39:50.954Z] [INFO] Subscription lifecycle job scheduled (every hour)
[2026-04-30T10:39:50.956Z] [INFO] Payment status sync job scheduled (daily at 1:00 AM)
[2026-04-30T10:39:50.959Z] [INFO] Reminder job scheduled (daily at 9:00 AM)
[2026-04-30T10:39:50.963Z] [INFO] Inventory expiry job scheduled (daily at 6:00 AM)
[2026-04-30T10:39:50.967Z] [INFO] Scheduled broadcasts job initialized (every 5 minutes)
[2026-04-30T10:39:50.978Z] [INFO]   - Session cleanup: Every hour
[2026-04-30T10:39:50.978Z] [INFO] All cron jobs initialized:
[2026-04-30T10:39:50.978Z] [INFO]   - Subscription lifecycle + emails: Every hour
[2026-04-30T10:39:50.978Z] [INFO]   - Plan transition: Daily at 2:00 AM
[2026-04-30T10:39:50.978Z] [INFO]   - Inventory expiry checks + alerts: Daily at 6:00 AM
[2026-04-30T10:39:50.978Z] [INFO]   - Payment status sync: Daily at 1:00 AM
[2026-04-30T10:39:50.978Z] [INFO]   - Reminder emails (7d/3d/final): Daily at 9:00 AM
[2026-04-30T10:39:50.978Z] [INFO]   - Incomplete users cleanup: Daily at 3:15 AM
[2026-04-30T10:39:50.978Z] [INFO]   - OTP daily limits cleanup: Daily at 3:45 AM
[2026-04-30T10:39:50.978Z] [INFO]   - Deletion logs cleanup: Daily at 3:30 AM
[2026-04-30T10:39:50.978Z] [INFO]   - Pending users cleanup: Daily at 3:00 AM
[2026-04-30T10:39:50.978Z] [INFO]   - Scheduled broadcasts: Every 5 minutes
[2026-04-30T10:39:52.253Z] [INFO] Initializing cron jobs...
[2026-04-30T10:39:52.254Z] [INFO] Distributed locking: ENABLED
[2026-04-30T10:39:52.254Z] [INFO] Instance ID: DESKTOP-I1JLQUS-11892-e3bf365c
[2026-04-30T10:39:52.259Z] [INFO] [Email Cron] Email broadcast worker initialized (every 1 minute)
[2026-04-30T10:39:52.262Z] [INFO] [File Cleanup] Email attachment cleanup worker initialized (daily at 4:00 AM)
[2026-04-30T10:39:52.262Z] [INFO] Email file cleanup: Daily at 4:00 AM
[2026-04-30T10:39:52.262Z] [INFO] Email broadcast worker: Every 1 minute
[2026-04-30T10:39:52.264Z] [INFO] Plan transition job scheduled (daily at 2:00 AM)
[2026-04-30T10:39:52.266Z] [INFO] Subscription lifecycle job scheduled (every hour)
[2026-04-30T10:39:52.270Z] [INFO] Reminder job scheduled (daily at 9:00 AM)
[2026-04-30T10:39:52.268Z] [INFO] Payment status sync job scheduled (daily at 1:00 AM)
[2026-04-30T10:39:52.272Z] [INFO] Inventory expiry job scheduled (daily at 6:00 AM)
[2026-04-30T10:39:52.274Z] [INFO] Scheduled broadcasts job initialized (every 5 minutes)
[2026-04-30T10:39:52.283Z] [INFO] All cron jobs initialized:
[2026-04-30T10:39:52.283Z] [INFO]   - Session cleanup: Every hour
[2026-04-30T10:39:52.283Z] [INFO]   - Subscription lifecycle + emails: Every hour
[2026-04-30T10:39:52.283Z] [INFO]   - Plan transition: Daily at 2:00 AM
[2026-04-30T10:39:52.283Z] [INFO]   - Payment status sync: Daily at 1:00 AM
[2026-04-30T10:39:52.283Z] [INFO]   - Incomplete users cleanup: Daily at 3:15 AM
[2026-04-30T10:39:52.283Z] [INFO]   - Reminder emails (7d/3d/final): Daily at 9:00 AM
[2026-04-30T10:39:52.283Z] [INFO]   - Deletion logs cleanup: Daily at 3:30 AM
[2026-04-30T10:39:52.283Z] [INFO]   - OTP daily limits cleanup: Daily at 3:45 AM
[2026-04-30T10:39:52.283Z] [INFO]   - Scheduled broadcasts: Every 5 minutes
[2026-04-30T10:39:52.283Z] [INFO]   - Pending users cleanup: Daily at 3:00 AM
[2026-04-30T10:39:52.283Z] [INFO]   - Inventory expiry checks + alerts: Daily at 6:00 AM
[2026-04-30T10:39:56.648Z] [INFO] Initializing cron jobs...
[2026-04-30T10:39:56.648Z] [INFO] Instance ID: DESKTOP-I1JLQUS-1168-a78cd3be
[2026-04-30T10:39:56.652Z] [INFO] [Email Cron] Email broadcast worker initialized (every 1 minute)
[2026-04-30T10:39:56.648Z] [INFO] Distributed locking: ENABLED
[2026-04-30T10:39:56.654Z] [INFO] Email file cleanup: Daily at 4:00 AM
[2026-04-30T10:39:56.654Z] [INFO] [File Cleanup] Email attachment cleanup worker initialized (daily at 4:00 AM)
[2026-04-30T10:39:56.657Z] [INFO] Subscription lifecycle job scheduled (every hour)
[2026-04-30T10:39:56.656Z] [INFO] Plan transition job scheduled (daily at 2:00 AM)
[2026-04-30T10:39:56.659Z] [INFO] Payment status sync job scheduled (daily at 1:00 AM)
[2026-04-30T10:39:56.654Z] [INFO] Email broadcast worker: Every 1 minute
[2026-04-30T10:39:56.662Z] [INFO] Inventory expiry job scheduled (daily at 6:00 AM)
[2026-04-30T10:39:56.670Z] [INFO]   - Session cleanup: Every hour
[2026-04-30T10:39:56.660Z] [INFO] Reminder job scheduled (daily at 9:00 AM)
[2026-04-30T10:39:56.670Z] [INFO] All cron jobs initialized:
[2026-04-30T10:39:56.670Z] [INFO]   - Plan transition: Daily at 2:00 AM
[2026-04-30T10:39:56.670Z] [INFO]   - Subscription lifecycle + emails: Every hour
[2026-04-30T10:39:56.664Z] [INFO] Scheduled broadcasts job initialized (every 5 minutes)
[2026-04-30T10:39:56.670Z] [INFO]   - Reminder emails (7d/3d/final): Daily at 9:00 AM
[2026-04-30T10:39:56.670Z] [INFO]   - Inventory expiry checks + alerts: Daily at 6:00 AM
[2026-04-30T10:39:56.670Z] [INFO]   - Incomplete users cleanup: Daily at 3:15 AM
[2026-04-30T10:39:56.670Z] [INFO]   - Payment status sync: Daily at 1:00 AM
[2026-04-30T10:39:56.670Z] [INFO]   - Pending users cleanup: Daily at 3:00 AM
[2026-04-30T10:39:56.670Z] [INFO]   - Scheduled broadcasts: Every 5 minutes
[2026-04-30T10:39:56.670Z] [INFO]   - Deletion logs cleanup: Daily at 3:30 AM
[2026-04-30T10:39:56.670Z] [INFO]   - OTP daily limits cleanup: Daily at 3:45 AM
[2026-04-30T10:40:00.117Z] [INFO] Checking for scheduled broadcasts...
[2026-04-30T10:40:00.123Z] [INFO] No scheduled broadcasts due for sending
[2026-04-30T10:40:07.025Z] [INFO] Distributed locking: ENABLED
[2026-04-30T10:40:07.025Z] [INFO] Instance ID: DESKTOP-I1JLQUS-24580-af9502bb
[2026-04-30T10:40:07.025Z] [INFO] Initializing cron jobs...
[2026-04-30T10:40:07.032Z] [INFO] Email broadcast worker: Every 1 minute
[2026-04-30T10:40:07.030Z] [INFO] [Email Cron] Email broadcast worker initialized (every 1 minute)
[2026-04-30T10:40:07.032Z] [INFO] [File Cleanup] Email attachment cleanup worker initialized (daily at 4:00 AM)
[2026-04-30T10:40:07.035Z] [INFO] Subscription lifecycle job scheduled (every hour)
[2026-04-30T10:40:07.032Z] [INFO] Email file cleanup: Daily at 4:00 AM
[2026-04-30T10:40:07.037Z] [INFO] Payment status sync job scheduled (daily at 1:00 AM)
[2026-04-30T10:40:07.040Z] [INFO] Inventory expiry job scheduled (daily at 6:00 AM)
[2026-04-30T10:40:07.034Z] [INFO] Plan transition job scheduled (daily at 2:00 AM)
[2026-04-30T10:40:07.038Z] [INFO] Reminder job scheduled (daily at 9:00 AM)
[2026-04-30T10:40:07.041Z] [INFO] Scheduled broadcasts job initialized (every 5 minutes)
[2026-04-30T10:40:07.050Z] [INFO]   - Plan transition: Daily at 2:00 AM
[2026-04-30T10:40:07.050Z] [INFO]   - Subscription lifecycle + emails: Every hour
[2026-04-30T10:40:07.049Z] [INFO] All cron jobs initialized:
[2026-04-30T10:40:07.050Z] [INFO]   - Inventory expiry checks + alerts: Daily at 6:00 AM
[2026-04-30T10:40:07.050Z] [INFO]   - Payment status sync: Daily at 1:00 AM
[2026-04-30T10:40:07.050Z] [INFO]   - Pending users cleanup: Daily at 3:00 AM
[2026-04-30T10:40:07.050Z] [INFO]   - Reminder emails (7d/3d/final): Daily at 9:00 AM
[2026-04-30T10:40:07.049Z] [INFO]   - Session cleanup: Every hour
[2026-04-30T10:40:07.050Z] [INFO]   - Deletion logs cleanup: Daily at 3:30 AM
[2026-04-30T10:40:07.050Z] [INFO]   - Scheduled broadcasts: Every 5 minutes
[2026-04-30T10:40:07.050Z] [INFO]   - OTP daily limits cleanup: Daily at 3:45 AM
[2026-04-30T10:40:07.050Z] [INFO]   - Incomplete users cleanup: Daily at 3:15 AM
[2026-04-30T10:40:09.876Z] [INFO] Initializing cron jobs...
[2026-04-30T10:40:09.877Z] [INFO] Instance ID: DESKTOP-I1JLQUS-26892-20889c89
[2026-04-30T10:40:09.877Z] [INFO] Distributed locking: ENABLED
[2026-04-30T10:40:09.883Z] [INFO] Email file cleanup: Daily at 4:00 AM
[2026-04-30T10:40:09.881Z] [INFO] [Email Cron] Email broadcast worker initialized (every 1 minute)
[2026-04-30T10:40:09.882Z] [INFO] [File Cleanup] Email attachment cleanup worker initialized (daily at 4:00 AM)
[2026-04-30T10:40:09.888Z] [INFO] Subscription lifecycle job scheduled (every hour)
[2026-04-30T10:40:09.882Z] [INFO] Email broadcast worker: Every 1 minute
[2026-04-30T10:40:09.890Z] [INFO] Payment status sync job scheduled (daily at 1:00 AM)
[2026-04-30T10:40:09.892Z] [INFO] Reminder job scheduled (daily at 9:00 AM)
[2026-04-30T10:40:09.894Z] [INFO] Inventory expiry job scheduled (daily at 6:00 AM)
[2026-04-30T10:40:09.895Z] [INFO] Scheduled broadcasts job initialized (every 5 minutes)
[2026-04-30T10:40:09.886Z] [INFO] Plan transition job scheduled (daily at 2:00 AM)
[2026-04-30T10:40:09.902Z] [INFO]   - Subscription lifecycle + emails: Every hour
[2026-04-30T10:40:09.902Z] [INFO]   - Plan transition: Daily at 2:00 AM
[2026-04-30T10:40:09.902Z] [INFO]   - Payment status sync: Daily at 1:00 AM
[2026-04-30T10:40:09.902Z] [INFO]   - Inventory expiry checks + alerts: Daily at 6:00 AM
[2026-04-30T10:40:09.902Z] [INFO] All cron jobs initialized:
[2026-04-30T10:40:09.902Z] [INFO]   - Reminder emails (7d/3d/final): Daily at 9:00 AM
[2026-04-30T10:40:09.902Z] [INFO]   - Incomplete users cleanup: Daily at 3:15 AM
[2026-04-30T10:40:09.902Z] [INFO]   - Session cleanup: Every hour
[2026-04-30T10:40:09.902Z] [INFO]   - OTP daily limits cleanup: Daily at 3:45 AM
[2026-04-30T10:40:09.902Z] [INFO]   - Pending users cleanup: Daily at 3:00 AM
[2026-04-30T10:40:09.902Z] [INFO]   - Deletion logs cleanup: Daily at 3:30 AM
[2026-04-30T10:40:09.902Z] [INFO]   - Scheduled broadcasts: Every 5 minutes
[2026-04-30T10:40:24.209Z] [INFO] Initializing cron jobs...
[2026-04-30T10:40:24.210Z] [INFO] Instance ID: DESKTOP-I1JLQUS-19252-7e1d2902
[2026-04-30T10:40:24.210Z] [INFO] Distributed locking: ENABLED
[2026-04-30T10:40:24.214Z] [INFO] [Email Cron] Email broadcast worker initialized (every 1 minute)
[2026-04-30T10:40:24.215Z] [INFO] [File Cleanup] Email attachment cleanup worker initialized (daily at 4:00 AM)
[2026-04-30T10:40:24.216Z] [INFO] Email file cleanup: Daily at 4:00 AM
[2026-04-30T10:40:24.218Z] [INFO] Plan transition job scheduled (daily at 2:00 AM)
[2026-04-30T10:40:24.215Z] [INFO] Email broadcast worker: Every 1 minute
[2026-04-30T10:40:24.220Z] [INFO] Subscription lifecycle job scheduled (every hour)
[2026-04-30T10:40:24.226Z] [INFO] Reminder job scheduled (daily at 9:00 AM)
[2026-04-30T10:40:24.223Z] [INFO] Payment status sync job scheduled (daily at 1:00 AM)
[2026-04-30T10:40:24.228Z] [INFO] Inventory expiry job scheduled (daily at 6:00 AM)
[2026-04-30T10:40:24.230Z] [INFO] Scheduled broadcasts job initialized (every 5 minutes)
[2026-04-30T10:40:24.242Z] [INFO]   - Session cleanup: Every hour
[2026-04-30T10:40:24.242Z] [INFO] All cron jobs initialized:
[2026-04-30T10:40:24.242Z] [INFO]   - Subscription lifecycle + emails: Every hour
[2026-04-30T10:40:24.242Z] [INFO]   - Pending users cleanup: Daily at 3:00 AM
[2026-04-30T10:40:24.242Z] [INFO]   - Reminder emails (7d/3d/final): Daily at 9:00 AM
[2026-04-30T10:40:24.242Z] [INFO]   - Incomplete users cleanup: Daily at 3:15 AM
[2026-04-30T10:40:24.242Z] [INFO]   - Plan transition: Daily at 2:00 AM
[2026-04-30T10:40:24.242Z] [INFO]   - Deletion logs cleanup: Daily at 3:30 AM
[2026-04-30T10:40:24.242Z] [INFO]   - Scheduled broadcasts: Every 5 minutes
[2026-04-30T10:40:24.242Z] [INFO]   - Inventory expiry checks + alerts: Daily at 6:00 AM
[2026-04-30T10:40:24.242Z] [INFO]   - OTP daily limits cleanup: Daily at 3:45 AM
[2026-04-30T10:40:24.242Z] [INFO]   - Payment status sync: Daily at 1:00 AM
[2026-04-30T10:40:27.748Z] [INFO] Initializing cron jobs...
[2026-04-30T10:40:27.748Z] [INFO] Instance ID: DESKTOP-I1JLQUS-10316-309d5db1
[2026-04-30T10:40:27.754Z] [INFO] [Email Cron] Email broadcast worker initialized (every 1 minute)
[2026-04-30T10:40:27.756Z] [INFO] Email broadcast worker: Every 1 minute
[2026-04-30T10:40:27.756Z] [INFO] [File Cleanup] Email attachment cleanup worker initialized (daily at 4:00 AM)
[2026-04-30T10:40:27.748Z] [INFO] Distributed locking: ENABLED
[2026-04-30T10:40:27.756Z] [INFO] Email file cleanup: Daily at 4:00 AM
[2026-04-30T10:40:27.762Z] [INFO] Subscription lifecycle job scheduled (every hour)
[2026-04-30T10:40:27.760Z] [INFO] Plan transition job scheduled (daily at 2:00 AM)
[2026-04-30T10:40:27.763Z] [INFO] Payment status sync job scheduled (daily at 1:00 AM)
[2026-04-30T10:40:27.766Z] [INFO] Reminder job scheduled (daily at 9:00 AM)
[2026-04-30T10:40:27.768Z] [INFO] Inventory expiry job scheduled (daily at 6:00 AM)
[2026-04-30T10:40:27.770Z] [INFO] Scheduled broadcasts job initialized (every 5 minutes)
[2026-04-30T10:40:27.781Z] [INFO]   - Plan transition: Daily at 2:00 AM
[2026-04-30T10:40:27.781Z] [INFO]   - Subscription lifecycle + emails: Every hour
[2026-04-30T10:40:27.781Z] [INFO] All cron jobs initialized:
[2026-04-30T10:40:27.781Z] [INFO]   - Payment status sync: Daily at 1:00 AM
[2026-04-30T10:40:27.781Z] [INFO]   - Inventory expiry checks + alerts: Daily at 6:00 AM
[2026-04-30T10:40:27.781Z] [INFO]   - Reminder emails (7d/3d/final): Daily at 9:00 AM
[2026-04-30T10:40:27.781Z] [INFO]   - Session cleanup: Every hour
[2026-04-30T10:40:27.781Z] [INFO]   - Pending users cleanup: Daily at 3:00 AM
[2026-04-30T10:40:27.781Z] [INFO]   - Incomplete users cleanup: Daily at 3:15 AM
[2026-04-30T10:40:27.781Z] [INFO]   - Deletion logs cleanup: Daily at 3:30 AM
[2026-04-30T10:40:27.781Z] [INFO]   - OTP daily limits cleanup: Daily at 3:45 AM
[2026-04-30T10:40:27.781Z] [INFO]   - Scheduled broadcasts: Every 5 minutes
[2026-04-30T10:40:44.635Z] [INFO] Instance ID: DESKTOP-I1JLQUS-23212-6eecf2f6
[2026-04-30T10:40:44.635Z] [INFO] Initializing cron jobs...
[2026-04-30T10:40:44.640Z] [INFO] [Email Cron] Email broadcast worker initialized (every 1 minute)
[2026-04-30T10:40:44.635Z] [INFO] Distributed locking: ENABLED
[2026-04-30T10:40:44.642Z] [INFO] [File Cleanup] Email attachment cleanup worker initialized (daily at 4:00 AM)
[2026-04-30T10:40:44.643Z] [INFO] Email file cleanup: Daily at 4:00 AM
[2026-04-30T10:40:44.643Z] [INFO] Email broadcast worker: Every 1 minute
[2026-04-30T10:40:44.645Z] [INFO] Plan transition job scheduled (daily at 2:00 AM)
[2026-04-30T10:40:44.649Z] [INFO] Subscription lifecycle job scheduled (every hour)
[2026-04-30T10:40:44.651Z] [INFO] Payment status sync job scheduled (daily at 1:00 AM)
[2026-04-30T10:40:44.657Z] [INFO] Inventory expiry job scheduled (daily at 6:00 AM)
[2026-04-30T10:40:44.654Z] [INFO] Reminder job scheduled (daily at 9:00 AM)
[2026-04-30T10:40:44.658Z] [INFO] Scheduled broadcasts job initialized (every 5 minutes)
[2026-04-30T10:40:44.666Z] [INFO]   - Subscription lifecycle + emails: Every hour
[2026-04-30T10:40:44.666Z] [INFO]   - Plan transition: Daily at 2:00 AM
[2026-04-30T10:40:44.666Z] [INFO] All cron jobs initialized:
[2026-04-30T10:40:44.666Z] [INFO]   - Session cleanup: Every hour
[2026-04-30T10:40:44.666Z] [INFO]   - Pending users cleanup: Daily at 3:00 AM
[2026-04-30T10:40:44.666Z] [INFO]   - Reminder emails (7d/3d/final): Daily at 9:00 AM
[2026-04-30T10:40:44.666Z] [INFO]   - Inventory expiry checks + alerts: Daily at 6:00 AM
[2026-04-30T10:40:44.666Z] [INFO]   - Deletion logs cleanup: Daily at 3:30 AM
[2026-04-30T10:40:44.666Z] [INFO]   - Incomplete users cleanup: Daily at 3:15 AM
[2026-04-30T10:40:44.666Z] [INFO]   - Payment status sync: Daily at 1:00 AM
[2026-04-30T10:40:44.666Z] [INFO]   - OTP daily limits cleanup: Daily at 3:45 AM
[2026-04-30T10:40:44.666Z] [INFO]   - Scheduled broadcasts: Every 5 minutes
[2026-04-30T10:40:50.038Z] [INFO] Initializing cron jobs...
[2026-04-30T10:40:50.038Z] [INFO] Instance ID: DESKTOP-I1JLQUS-13728-fc23fd86
[2026-04-30T10:40:50.038Z] [INFO] Distributed locking: ENABLED
[2026-04-30T10:40:50.052Z] [INFO] Email file cleanup: Daily at 4:00 AM
[2026-04-30T10:40:50.052Z] [INFO] Email broadcast worker: Every 1 minute
[2026-04-30T10:40:50.052Z] [INFO] [File Cleanup] Email attachment cleanup worker initialized (daily at 4:00 AM)
[2026-04-30T10:40:50.050Z] [INFO] [Email Cron] Email broadcast worker initialized (every 1 minute)
[2026-04-30T10:40:50.054Z] [INFO] Plan transition job scheduled (daily at 2:00 AM)
[2026-04-30T10:40:50.066Z] [INFO] Payment status sync job scheduled (daily at 1:00 AM)
[2026-04-30T10:40:50.068Z] [INFO] Reminder job scheduled (daily at 9:00 AM)
[2026-04-30T10:40:50.071Z] [INFO] Scheduled broadcasts job initialized (every 5 minutes)
[2026-04-30T10:40:50.070Z] [INFO] Inventory expiry job scheduled (daily at 6:00 AM)
[2026-04-30T10:40:50.079Z] [INFO]   - Session cleanup: Every hour
[2026-04-30T10:40:50.079Z] [INFO]   - Plan transition: Daily at 2:00 AM
[2026-04-30T10:40:50.079Z] [INFO] All cron jobs initialized:
[2026-04-30T10:40:50.079Z] [INFO]   - Payment status sync: Daily at 1:00 AM
[2026-04-30T10:40:50.062Z] [INFO] Subscription lifecycle job scheduled (every hour)
[2026-04-30T10:40:50.079Z] [INFO]   - Reminder emails (7d/3d/final): Daily at 9:00 AM
[2026-04-30T10:40:50.079Z] [INFO]   - Subscription lifecycle + emails: Every hour
[2026-04-30T10:40:50.079Z] [INFO]   - Deletion logs cleanup: Daily at 3:30 AM
[2026-04-30T10:40:50.079Z] [INFO]   - Pending users cleanup: Daily at 3:00 AM
[2026-04-30T10:40:50.079Z] [INFO]   - OTP daily limits cleanup: Daily at 3:45 AM
[2026-04-30T10:40:50.079Z] [INFO]   - Scheduled broadcasts: Every 5 minutes
[2026-04-30T10:40:50.079Z] [INFO]   - Incomplete users cleanup: Daily at 3:15 AM
[2026-04-30T10:40:50.079Z] [INFO]   - Inventory expiry checks + alerts: Daily at 6:00 AM
[2026-04-30T10:41:00.060Z] [INFO] Initializing cron jobs...
[2026-04-30T10:41:00.065Z] [INFO] [Email Cron] Email broadcast worker initialized (every 1 minute)
[2026-04-30T10:41:00.060Z] [INFO] Instance ID: DESKTOP-I1JLQUS-7948-cc492806
[2026-04-30T10:41:00.060Z] [INFO] Distributed locking: ENABLED
[2026-04-30T10:41:00.067Z] [INFO] [File Cleanup] Email attachment cleanup worker initialized (daily at 4:00 AM)
[2026-04-30T10:41:00.067Z] [INFO] Email broadcast worker: Every 1 minute
[2026-04-30T10:41:00.067Z] [INFO] Email file cleanup: Daily at 4:00 AM
[2026-04-30T10:41:00.070Z] [INFO] Subscription lifecycle job scheduled (every hour)
[2026-04-30T10:41:00.069Z] [INFO] Plan transition job scheduled (daily at 2:00 AM)
[2026-04-30T10:41:00.074Z] [INFO] Reminder job scheduled (daily at 9:00 AM)
[2026-04-30T10:41:00.072Z] [INFO] Payment status sync job scheduled (daily at 1:00 AM)
[2026-04-30T10:41:00.077Z] [INFO] Scheduled broadcasts job initialized (every 5 minutes)
[2026-04-30T10:41:00.086Z] [INFO] All cron jobs initialized:
[2026-04-30T10:41:00.075Z] [INFO] Inventory expiry job scheduled (daily at 6:00 AM)
[2026-04-30T10:41:00.086Z] [INFO]   - Plan transition: Daily at 2:00 AM
[2026-04-30T10:41:00.086Z] [INFO]   - Session cleanup: Every hour
[2026-04-30T10:41:00.086Z] [INFO]   - Subscription lifecycle + emails: Every hour
[2026-04-30T10:41:00.086Z] [INFO]   - Inventory expiry checks + alerts: Daily at 6:00 AM
[2026-04-30T10:41:00.086Z] [INFO]   - Reminder emails (7d/3d/final): Daily at 9:00 AM
[2026-04-30T10:41:00.086Z] [INFO]   - Incomplete users cleanup: Daily at 3:15 AM
[2026-04-30T10:41:00.086Z] [INFO]   - Deletion logs cleanup: Daily at 3:30 AM
[2026-04-30T10:41:00.086Z] [INFO]   - Pending users cleanup: Daily at 3:00 AM
[2026-04-30T10:41:00.086Z] [INFO]   - OTP daily limits cleanup: Daily at 3:45 AM
[2026-04-30T10:41:00.086Z] [INFO]   - Scheduled broadcasts: Every 5 minutes
[2026-04-30T10:41:00.086Z] [INFO]   - Payment status sync: Daily at 1:00 AM
[2026-04-30T10:41:03.241Z] [INFO] Instance ID: DESKTOP-I1JLQUS-12400-71234b03
[2026-04-30T10:41:03.246Z] [INFO] [Email Cron] Email broadcast worker initialized (every 1 minute)
[2026-04-30T10:41:03.242Z] [INFO] Distributed locking: ENABLED
[2026-04-30T10:41:03.248Z] [INFO] [File Cleanup] Email attachment cleanup worker initialized (daily at 4:00 AM)
[2026-04-30T10:41:03.241Z] [INFO] Initializing cron jobs...
[2026-04-30T10:41:03.248Z] [INFO] Email broadcast worker: Every 1 minute
[2026-04-30T10:41:03.252Z] [INFO] Plan transition job scheduled (daily at 2:00 AM)
[2026-04-30T10:41:03.253Z] [INFO] Subscription lifecycle job scheduled (every hour)
[2026-04-30T10:41:03.248Z] [INFO] Email file cleanup: Daily at 4:00 AM
[2026-04-30T10:41:03.255Z] [INFO] Payment status sync job scheduled (daily at 1:00 AM)
[2026-04-30T10:41:03.258Z] [INFO] Reminder job scheduled (daily at 9:00 AM)
[2026-04-30T10:41:03.260Z] [INFO] Inventory expiry job scheduled (daily at 6:00 AM)
[2026-04-30T10:41:03.261Z] [INFO] Scheduled broadcasts job initialized (every 5 minutes)
[2026-04-30T10:41:03.270Z] [INFO]   - Session cleanup: Every hour
[2026-04-30T10:41:03.269Z] [INFO] All cron jobs initialized:
[2026-04-30T10:41:03.270Z] [INFO]   - Plan transition: Daily at 2:00 AM
[2026-04-30T10:41:03.270Z] [INFO]   - Payment status sync: Daily at 1:00 AM
[2026-04-30T10:41:03.270Z] [INFO]   - Inventory expiry checks + alerts: Daily at 6:00 AM
[2026-04-30T10:41:03.270Z] [INFO]   - Subscription lifecycle + emails: Every hour
[2026-04-30T10:41:03.270Z] [INFO]   - Reminder emails (7d/3d/final): Daily at 9:00 AM
[2026-04-30T10:41:03.270Z] [INFO]   - Pending users cleanup: Daily at 3:00 AM
[2026-04-30T10:41:03.270Z] [INFO]   - Incomplete users cleanup: Daily at 3:15 AM
[2026-04-30T10:41:03.270Z] [INFO]   - Deletion logs cleanup: Daily at 3:30 AM
[2026-04-30T10:41:03.270Z] [INFO]   - Scheduled broadcasts: Every 5 minutes
[2026-04-30T10:41:03.270Z] [INFO]   - OTP daily limits cleanup: Daily at 3:45 AM
[2026-04-30T10:41:09.637Z] [INFO] Initializing cron jobs...
[2026-04-30T10:41:09.642Z] [INFO] [Email Cron] Email broadcast worker initialized (every 1 minute)
[2026-04-30T10:41:09.637Z] [INFO] Instance ID: DESKTOP-I1JLQUS-8456-fc19758c
[2026-04-30T10:41:09.637Z] [INFO] Distributed locking: ENABLED
[2026-04-30T10:41:09.644Z] [INFO] Email broadcast worker: Every 1 minute
[2026-04-30T10:41:09.646Z] [INFO] Plan transition job scheduled (daily at 2:00 AM)
[2026-04-30T10:41:09.643Z] [INFO] [File Cleanup] Email attachment cleanup worker initialized (daily at 4:00 AM)
[2026-04-30T10:41:09.644Z] [INFO] Email file cleanup: Daily at 4:00 AM
[2026-04-30T10:41:09.647Z] [INFO] Subscription lifecycle job scheduled (every hour)
[2026-04-30T10:41:09.649Z] [INFO] Payment status sync job scheduled (daily at 1:00 AM)
[2026-04-30T10:41:09.651Z] [INFO] Reminder job scheduled (daily at 9:00 AM)
[2026-04-30T10:41:09.654Z] [INFO] Inventory expiry job scheduled (daily at 6:00 AM)
[2026-04-30T10:41:09.656Z] [INFO] Scheduled broadcasts job initialized (every 5 minutes)
[2026-04-30T10:41:09.664Z] [INFO] All cron jobs initialized:
[2026-04-30T10:41:09.664Z] [INFO]   - Session cleanup: Every hour
[2026-04-30T10:41:09.664Z] [INFO]   - Plan transition: Daily at 2:00 AM
[2026-04-30T10:41:09.664Z] [INFO]   - Inventory expiry checks + alerts: Daily at 6:00 AM
[2026-04-30T10:41:09.664Z] [INFO]   - Payment status sync: Daily at 1:00 AM
[2026-04-30T10:41:09.664Z] [INFO]   - Reminder emails (7d/3d/final): Daily at 9:00 AM
[2026-04-30T10:41:09.664Z] [INFO]   - Pending users cleanup: Daily at 3:00 AM
[2026-04-30T10:41:09.664Z] [INFO]   - Deletion logs cleanup: Daily at 3:30 AM
[2026-04-30T10:41:09.664Z] [INFO]   - Incomplete users cleanup: Daily at 3:15 AM
[2026-04-30T10:41:09.664Z] [INFO]   - Subscription lifecycle + emails: Every hour
[2026-04-30T10:41:09.664Z] [INFO]   - Scheduled broadcasts: Every 5 minutes
[2026-04-30T10:41:09.664Z] [INFO]   - OTP daily limits cleanup: Daily at 3:45 AM
[2026-04-30T10:41:13.592Z] [INFO] Initializing cron jobs...
[2026-04-30T10:41:13.592Z] [INFO] Instance ID: DESKTOP-I1JLQUS-7996-edf108f6
[2026-04-30T10:41:13.592Z] [INFO] Distributed locking: ENABLED
[2026-04-30T10:41:13.596Z] [INFO] [Email Cron] Email broadcast worker initialized (every 1 minute)
[2026-04-30T10:41:13.598Z] [INFO] [File Cleanup] Email attachment cleanup worker initialized (daily at 4:00 AM)
[2026-04-30T10:41:13.602Z] [INFO] Subscription lifecycle job scheduled (every hour)
[2026-04-30T10:41:13.598Z] [INFO] Email file cleanup: Daily at 4:00 AM
[2026-04-30T10:41:13.598Z] [INFO] Email broadcast worker: Every 1 minute
[2026-04-30T10:41:13.600Z] [INFO] Plan transition job scheduled (daily at 2:00 AM)
[2026-04-30T10:41:13.604Z] [INFO] Payment status sync job scheduled (daily at 1:00 AM)
[2026-04-30T10:41:13.606Z] [INFO] Reminder job scheduled (daily at 9:00 AM)
[2026-04-30T10:41:13.609Z] [INFO] Inventory expiry job scheduled (daily at 6:00 AM)
[2026-04-30T10:41:13.611Z] [INFO] Scheduled broadcasts job initialized (every 5 minutes)
[2026-04-30T10:41:13.620Z] [INFO] All cron jobs initialized:
[2026-04-30T10:41:13.620Z] [INFO]   - Session cleanup: Every hour
[2026-04-30T10:41:13.620Z] [INFO]   - Plan transition: Daily at 2:00 AM
[2026-04-30T10:41:13.620Z] [INFO]   - Payment status sync: Daily at 1:00 AM
[2026-04-30T10:41:13.620Z] [INFO]   - Subscription lifecycle + emails: Every hour
[2026-04-30T10:41:13.620Z] [INFO]   - Reminder emails (7d/3d/final): Daily at 9:00 AM
[2026-04-30T10:41:13.620Z] [INFO]   - Inventory expiry checks + alerts: Daily at 6:00 AM
[2026-04-30T10:41:13.620Z] [INFO]   - Incomplete users cleanup: Daily at 3:15 AM
[2026-04-30T10:41:13.620Z] [INFO]   - Pending users cleanup: Daily at 3:00 AM
[2026-04-30T10:41:13.620Z] [INFO]   - Deletion logs cleanup: Daily at 3:30 AM
[2026-04-30T10:41:13.620Z] [INFO]   - OTP daily limits cleanup: Daily at 3:45 AM
[2026-04-30T10:41:13.620Z] [INFO]   - Scheduled broadcasts: Every 5 minutes
[2026-04-30T10:41:28.767Z] [INFO] Initializing cron jobs...
[2026-04-30T10:41:28.767Z] [INFO] Distributed locking: ENABLED
[2026-04-30T10:41:28.773Z] [INFO] [Email Cron] Email broadcast worker initialized (every 1 minute)
[2026-04-30T10:41:28.775Z] [INFO] [File Cleanup] Email attachment cleanup worker initialized (daily at 4:00 AM)
[2026-04-30T10:41:28.775Z] [INFO] Email broadcast worker: Every 1 minute
[2026-04-30T10:41:28.775Z] [INFO] Email file cleanup: Daily at 4:00 AM
[2026-04-30T10:41:28.778Z] [INFO] Plan transition job scheduled (daily at 2:00 AM)
[2026-04-30T10:41:28.779Z] [INFO] Subscription lifecycle job scheduled (every hour)
[2026-04-30T10:41:28.767Z] [INFO] Instance ID: DESKTOP-I1JLQUS-25964-0517698b
[2026-04-30T10:41:28.781Z] [INFO] Payment status sync job scheduled (daily at 1:00 AM)
[2026-04-30T10:41:28.783Z] [INFO] Reminder job scheduled (daily at 9:00 AM)
[2026-04-30T10:41:28.786Z] [INFO] Inventory expiry job scheduled (daily at 6:00 AM)
[2026-04-30T10:41:28.787Z] [INFO] Scheduled broadcasts job initialized (every 5 minutes)
[2026-04-30T10:41:28.799Z] [INFO]   - Plan transition: Daily at 2:00 AM
[2026-04-30T10:41:28.799Z] [INFO] All cron jobs initialized:
[2026-04-30T10:41:28.799Z] [INFO]   - Session cleanup: Every hour
[2026-04-30T10:41:28.799Z] [INFO]   - Subscription lifecycle + emails: Every hour
[2026-04-30T10:41:28.799Z] [INFO]   - Payment status sync: Daily at 1:00 AM
[2026-04-30T10:41:28.799Z] [INFO]   - Inventory expiry checks + alerts: Daily at 6:00 AM
[2026-04-30T10:41:28.799Z] [INFO]   - Incomplete users cleanup: Daily at 3:15 AM
[2026-04-30T10:41:28.799Z] [INFO]   - Pending users cleanup: Daily at 3:00 AM
[2026-04-30T10:41:28.799Z] [INFO]   - Reminder emails (7d/3d/final): Daily at 9:00 AM
[2026-04-30T10:41:28.799Z] [INFO]   - Deletion logs cleanup: Daily at 3:30 AM
[2026-04-30T10:41:28.799Z] [INFO]   - OTP daily limits cleanup: Daily at 3:45 AM
[2026-04-30T10:41:28.799Z] [INFO]   - Scheduled broadcasts: Every 5 minutes
[2026-04-30T10:41:38.480Z] [INFO] Initializing cron jobs...
[2026-04-30T10:41:38.481Z] [INFO] Instance ID: DESKTOP-I1JLQUS-13712-aaf25474
[2026-04-30T10:41:38.487Z] [INFO] [Email Cron] Email broadcast worker initialized (every 1 minute)
[2026-04-30T10:41:38.490Z] [INFO] Email file cleanup: Daily at 4:00 AM
[2026-04-30T10:41:38.489Z] [INFO] [File Cleanup] Email attachment cleanup worker initialized (daily at 4:00 AM)
[2026-04-30T10:41:38.481Z] [INFO] Distributed locking: ENABLED
[2026-04-30T10:41:38.492Z] [INFO] Plan transition job scheduled (daily at 2:00 AM)
[2026-04-30T10:41:38.490Z] [INFO] Email broadcast worker: Every 1 minute
[2026-04-30T10:41:38.495Z] [INFO] Subscription lifecycle job scheduled (every hour)
[2026-04-30T10:41:38.497Z] [INFO] Payment status sync job scheduled (daily at 1:00 AM)
[2026-04-30T10:41:38.502Z] [INFO] Inventory expiry job scheduled (daily at 6:00 AM)
[2026-04-30T10:41:38.504Z] [INFO] Scheduled broadcasts job initialized (every 5 minutes)
[2026-04-30T10:41:38.500Z] [INFO] Reminder job scheduled (daily at 9:00 AM)
[2026-04-30T10:41:38.515Z] [INFO]   - Subscription lifecycle + emails: Every hour
[2026-04-30T10:41:38.515Z] [INFO]   - Session cleanup: Every hour
[2026-04-30T10:41:38.515Z] [INFO]   - Plan transition: Daily at 2:00 AM
[2026-04-30T10:41:38.515Z] [INFO] All cron jobs initialized:
[2026-04-30T10:41:38.515Z] [INFO]   - Inventory expiry checks + alerts: Daily at 6:00 AM
[2026-04-30T10:41:38.515Z] [INFO]   - Incomplete users cleanup: Daily at 3:15 AM
[2026-04-30T10:41:38.515Z] [INFO]   - Payment status sync: Daily at 1:00 AM
[2026-04-30T10:41:38.515Z] [INFO]   - Pending users cleanup: Daily at 3:00 AM
[2026-04-30T10:41:38.515Z] [INFO]   - OTP daily limits cleanup: Daily at 3:45 AM
[2026-04-30T10:41:38.515Z] [INFO]   - Reminder emails (7d/3d/final): Daily at 9:00 AM
[2026-04-30T10:41:38.515Z] [INFO]   - Deletion logs cleanup: Daily at 3:30 AM
[2026-04-30T10:41:38.515Z] [INFO]   - Scheduled broadcasts: Every 5 minutes
[2026-04-30T10:41:41.143Z] [INFO] Initializing cron jobs...
[2026-04-30T10:41:41.144Z] [INFO] Instance ID: DESKTOP-I1JLQUS-7196-a3f6f77b
[2026-04-30T10:41:41.144Z] [INFO] Distributed locking: ENABLED
[2026-04-30T10:41:41.150Z] [INFO] Email file cleanup: Daily at 4:00 AM
[2026-04-30T10:41:41.153Z] [INFO] Plan transition job scheduled (daily at 2:00 AM)
[2026-04-30T10:41:41.148Z] [INFO] [Email Cron] Email broadcast worker initialized (every 1 minute)
[2026-04-30T10:41:41.155Z] [INFO] Subscription lifecycle job scheduled (every hour)
[2026-04-30T10:41:41.150Z] [INFO] [File Cleanup] Email attachment cleanup worker initialized (daily at 4:00 AM)
[2026-04-30T10:41:41.150Z] [INFO] Email broadcast worker: Every 1 minute
[2026-04-30T10:41:41.158Z] [INFO] Reminder job scheduled (daily at 9:00 AM)
[2026-04-30T10:41:41.162Z] [INFO] Scheduled broadcasts job initialized (every 5 minutes)
[2026-04-30T10:41:41.169Z] [INFO]   - Session cleanup: Every hour
[2026-04-30T10:41:41.160Z] [INFO] Inventory expiry job scheduled (daily at 6:00 AM)
[2026-04-30T10:41:41.169Z] [INFO]   - Plan transition: Daily at 2:00 AM
[2026-04-30T10:41:41.169Z] [INFO] All cron jobs initialized:
[2026-04-30T10:41:41.169Z] [INFO]   - Subscription lifecycle + emails: Every hour
[2026-04-30T10:41:41.169Z] [INFO]   - Reminder emails (7d/3d/final): Daily at 9:00 AM
[2026-04-30T10:41:41.156Z] [INFO] Payment status sync job scheduled (daily at 1:00 AM)
[2026-04-30T10:41:41.169Z] [INFO]   - Payment status sync: Daily at 1:00 AM
[2026-04-30T10:41:41.169Z] [INFO]   - Inventory expiry checks + alerts: Daily at 6:00 AM
[2026-04-30T10:41:41.169Z] [INFO]   - Incomplete users cleanup: Daily at 3:15 AM
[2026-04-30T10:41:41.169Z] [INFO]   - Pending users cleanup: Daily at 3:00 AM
[2026-04-30T10:41:41.169Z] [INFO]   - Scheduled broadcasts: Every 5 minutes
[2026-04-30T10:41:41.169Z] [INFO]   - Deletion logs cleanup: Daily at 3:30 AM
[2026-04-30T10:41:41.169Z] [INFO]   - OTP daily limits cleanup: Daily at 3:45 AM
[2026-04-30T10:43:24.711Z] [INFO] Initializing cron jobs...
[2026-04-30T10:43:24.711Z] [INFO] Distributed locking: ENABLED
[2026-04-30T10:43:24.711Z] [INFO] Instance ID: DESKTOP-I1JLQUS-15980-f70f8986
[2026-04-30T10:43:24.716Z] [INFO] [Email Cron] Email broadcast worker initialized (every 1 minute)
[2026-04-30T10:43:24.719Z] [INFO] [File Cleanup] Email attachment cleanup worker initialized (daily at 4:00 AM)
[2026-04-30T10:43:24.719Z] [INFO] Email broadcast worker: Every 1 minute
[2026-04-30T10:43:24.719Z] [INFO] Email file cleanup: Daily at 4:00 AM
[2026-04-30T10:43:24.723Z] [INFO] Plan transition job scheduled (daily at 2:00 AM)
[2026-04-30T10:43:24.726Z] [INFO] Subscription lifecycle job scheduled (every hour)
[2026-04-30T10:43:24.728Z] [INFO] Payment status sync job scheduled (daily at 1:00 AM)
[2026-04-30T10:43:24.730Z] [INFO] Reminder job scheduled (daily at 9:00 AM)
[2026-04-30T10:43:24.733Z] [INFO] Inventory expiry job scheduled (daily at 6:00 AM)
[2026-04-30T10:43:24.735Z] [INFO] Scheduled broadcasts job initialized (every 5 minutes)
[2026-04-30T10:43:24.746Z] [INFO]   - Session cleanup: Every hour
[2026-04-30T10:43:24.746Z] [INFO] All cron jobs initialized:
[2026-04-30T10:43:24.746Z] [INFO]   - Subscription lifecycle + emails: Every hour
[2026-04-30T10:43:24.746Z] [INFO]   - Plan transition: Daily at 2:00 AM
[2026-04-30T10:43:24.746Z] [INFO]   - Payment status sync: Daily at 1:00 AM
[2026-04-30T10:43:24.747Z] [INFO]   - Inventory expiry checks + alerts: Daily at 6:00 AM
[2026-04-30T10:43:24.747Z] [INFO]   - Pending users cleanup: Daily at 3:00 AM
[2026-04-30T10:43:24.747Z] [INFO]   - Deletion logs cleanup: Daily at 3:30 AM
[2026-04-30T10:43:24.747Z] [INFO]   - Reminder emails (7d/3d/final): Daily at 9:00 AM
[2026-04-30T10:43:24.747Z] [INFO]   - Scheduled broadcasts: Every 5 minutes
[2026-04-30T10:43:24.747Z] [INFO]   - Incomplete users cleanup: Daily at 3:15 AM
[2026-04-30T10:43:24.747Z] [INFO]   - OTP daily limits cleanup: Daily at 3:45 AM
[2026-04-30T10:44:03.198Z] [INFO] Initializing cron jobs...
[2026-04-30T10:44:03.203Z] [INFO] [Email Cron] Email broadcast worker initialized (every 1 minute)
[2026-04-30T10:44:03.199Z] [INFO] Instance ID: DESKTOP-I1JLQUS-27420-ba509b60
[2026-04-30T10:44:03.199Z] [INFO] Distributed locking: ENABLED
[2026-04-30T10:44:03.206Z] [INFO] Email broadcast worker: Every 1 minute
[2026-04-30T10:44:03.206Z] [INFO] [File Cleanup] Email attachment cleanup worker initialized (daily at 4:00 AM)
[2026-04-30T10:44:03.209Z] [INFO] Subscription lifecycle job scheduled (every hour)
[2026-04-30T10:44:03.206Z] [INFO] Email file cleanup: Daily at 4:00 AM
[2026-04-30T10:44:03.208Z] [INFO] Plan transition job scheduled (daily at 2:00 AM)
[2026-04-30T10:44:03.211Z] [INFO] Payment status sync job scheduled (daily at 1:00 AM)
[2026-04-30T10:44:03.215Z] [INFO] Inventory expiry job scheduled (daily at 6:00 AM)
[2026-04-30T10:44:03.213Z] [INFO] Reminder job scheduled (daily at 9:00 AM)
[2026-04-30T10:44:03.216Z] [INFO] Scheduled broadcasts job initialized (every 5 minutes)
[2026-04-30T10:44:03.224Z] [INFO]   - Plan transition: Daily at 2:00 AM
[2026-04-30T10:44:03.224Z] [INFO]   - Subscription lifecycle + emails: Every hour
[2026-04-30T10:44:03.224Z] [INFO]   - Payment status sync: Daily at 1:00 AM
[2026-04-30T10:44:03.224Z] [INFO]   - Session cleanup: Every hour
[2026-04-30T10:44:03.224Z] [INFO] All cron jobs initialized:
[2026-04-30T10:44:03.224Z] [INFO]   - Inventory expiry checks + alerts: Daily at 6:00 AM
[2026-04-30T10:44:03.224Z] [INFO]   - Pending users cleanup: Daily at 3:00 AM
[2026-04-30T10:44:03.224Z] [INFO]   - Reminder emails (7d/3d/final): Daily at 9:00 AM
[2026-04-30T10:44:03.224Z] [INFO]   - Incomplete users cleanup: Daily at 3:15 AM
[2026-04-30T10:44:03.224Z] [INFO]   - Scheduled broadcasts: Every 5 minutes
[2026-04-30T10:44:03.224Z] [INFO]   - Deletion logs cleanup: Daily at 3:30 AM
[2026-04-30T10:44:03.224Z] [INFO]   - OTP daily limits cleanup: Daily at 3:45 AM
[2026-04-30T10:44:13.087Z] [INFO] Initializing cron jobs...
[2026-04-30T10:44:13.088Z] [INFO] Distributed locking: ENABLED
[2026-04-30T10:44:13.088Z] [INFO] Instance ID: DESKTOP-I1JLQUS-16764-0f7175ae
[2026-04-30T10:44:13.093Z] [INFO] [Email Cron] Email broadcast worker initialized (every 1 minute)
[2026-04-30T10:44:13.095Z] [INFO] [File Cleanup] Email attachment cleanup worker initialized (daily at 4:00 AM)
[2026-04-30T10:44:13.095Z] [INFO] Email file cleanup: Daily at 4:00 AM
[2026-04-30T10:44:13.097Z] [INFO] Plan transition job scheduled (daily at 2:00 AM)
[2026-04-30T10:44:13.099Z] [INFO] Subscription lifecycle job scheduled (every hour)
[2026-04-30T10:44:13.095Z] [INFO] Email broadcast worker: Every 1 minute
[2026-04-30T10:44:13.104Z] [INFO] Reminder job scheduled (daily at 9:00 AM)
[2026-04-30T10:44:13.102Z] [INFO] Payment status sync job scheduled (daily at 1:00 AM)
[2026-04-30T10:44:13.106Z] [INFO] Inventory expiry job scheduled (daily at 6:00 AM)
[2026-04-30T10:44:13.108Z] [INFO] Scheduled broadcasts job initialized (every 5 minutes)
[2026-04-30T10:44:13.117Z] [INFO] All cron jobs initialized:
[2026-04-30T10:44:13.117Z] [INFO]   - Session cleanup: Every hour
[2026-04-30T10:44:13.117Z] [INFO]   - Subscription lifecycle + emails: Every hour
[2026-04-30T10:44:13.117Z] [INFO]   - Plan transition: Daily at 2:00 AM
[2026-04-30T10:44:13.117Z] [INFO]   - Inventory expiry checks + alerts: Daily at 6:00 AM
[2026-04-30T10:44:13.117Z] [INFO]   - Payment status sync: Daily at 1:00 AM
[2026-04-30T10:44:13.117Z] [INFO]   - Pending users cleanup: Daily at 3:00 AM
[2026-04-30T10:44:13.117Z] [INFO]   - Incomplete users cleanup: Daily at 3:15 AM
[2026-04-30T10:44:13.117Z] [INFO]   - Reminder emails (7d/3d/final): Daily at 9:00 AM
[2026-04-30T10:44:13.117Z] [INFO]   - Scheduled broadcasts: Every 5 minutes
[2026-04-30T10:44:13.117Z] [INFO]   - Deletion logs cleanup: Daily at 3:30 AM
[2026-04-30T10:44:13.117Z] [INFO]   - OTP daily limits cleanup: Daily at 3:45 AM
[2026-04-30T10:44:20.102Z] [INFO] Instance ID: DESKTOP-I1JLQUS-2356-ce9e4cc0
[2026-04-30T10:44:20.102Z] [INFO] Initializing cron jobs...
[2026-04-30T10:44:20.102Z] [INFO] Distributed locking: ENABLED
[2026-04-30T10:44:20.108Z] [INFO] [File Cleanup] Email attachment cleanup worker initialized (daily at 4:00 AM)
[2026-04-30T10:44:20.107Z] [INFO] [Email Cron] Email broadcast worker initialized (every 1 minute)
[2026-04-30T10:44:20.109Z] [INFO] Email broadcast worker: Every 1 minute
[2026-04-30T10:44:20.109Z] [INFO] Email file cleanup: Daily at 4:00 AM
[2026-04-30T10:44:20.114Z] [INFO] Plan transition job scheduled (daily at 2:00 AM)
[2026-04-30T10:44:20.117Z] [INFO] Subscription lifecycle job scheduled (every hour)
[2026-04-30T10:44:20.119Z] [INFO] Payment status sync job scheduled (daily at 1:00 AM)
[2026-04-30T10:44:20.121Z] [INFO] Reminder job scheduled (daily at 9:00 AM)
[2026-04-30T10:44:20.123Z] [INFO] Inventory expiry job scheduled (daily at 6:00 AM)
[2026-04-30T10:44:20.125Z] [INFO] Scheduled broadcasts job initialized (every 5 minutes)
[2026-04-30T10:44:20.135Z] [INFO]   - Plan transition: Daily at 2:00 AM
[2026-04-30T10:44:20.135Z] [INFO]   - Session cleanup: Every hour
[2026-04-30T10:44:20.135Z] [INFO] All cron jobs initialized:
[2026-04-30T10:44:20.135Z] [INFO]   - Subscription lifecycle + emails: Every hour
[2026-04-30T10:44:20.135Z] [INFO]   - Payment status sync: Daily at 1:00 AM
[2026-04-30T10:44:20.135Z] [INFO]   - Inventory expiry checks + alerts: Daily at 6:00 AM
[2026-04-30T10:44:20.135Z] [INFO]   - Reminder emails (7d/3d/final): Daily at 9:00 AM
[2026-04-30T10:44:20.135Z] [INFO]   - Pending users cleanup: Daily at 3:00 AM
[2026-04-30T10:44:20.135Z] [INFO]   - Incomplete users cleanup: Daily at 3:15 AM
[2026-04-30T10:44:20.135Z] [INFO]   - Deletion logs cleanup: Daily at 3:30 AM
[2026-04-30T10:44:20.135Z] [INFO]   - OTP daily limits cleanup: Daily at 3:45 AM
[2026-04-30T10:44:20.135Z] [INFO]   - Scheduled broadcasts: Every 5 minutes
[2026-04-30T10:44:29.509Z] [INFO] Initializing cron jobs...
[2026-04-30T10:44:29.509Z] [INFO] Distributed locking: ENABLED
[2026-04-30T10:44:29.509Z] [INFO] Instance ID: DESKTOP-I1JLQUS-26296-2361ca02
[2026-04-30T10:44:29.513Z] [INFO] [Email Cron] Email broadcast worker initialized (every 1 minute)
[2026-04-30T10:44:29.515Z] [INFO] Email broadcast worker: Every 1 minute
[2026-04-30T10:44:29.515Z] [INFO] [File Cleanup] Email attachment cleanup worker initialized (daily at 4:00 AM)
[2026-04-30T10:44:29.515Z] [INFO] Email file cleanup: Daily at 4:00 AM
[2026-04-30T10:44:29.517Z] [INFO] Plan transition job scheduled (daily at 2:00 AM)
[2026-04-30T10:44:29.519Z] [INFO] Subscription lifecycle job scheduled (every hour)
[2026-04-30T10:44:29.521Z] [INFO] Payment status sync job scheduled (daily at 1:00 AM)
[2026-04-30T10:44:29.525Z] [INFO] Reminder job scheduled (daily at 9:00 AM)
[2026-04-30T10:44:29.527Z] [INFO] Inventory expiry job scheduled (daily at 6:00 AM)
[2026-04-30T10:44:29.531Z] [INFO] Scheduled broadcasts job initialized (every 5 minutes)
[2026-04-30T10:44:29.542Z] [INFO]   - Plan transition: Daily at 2:00 AM
[2026-04-30T10:44:29.542Z] [INFO]   - Session cleanup: Every hour
[2026-04-30T10:44:29.542Z] [INFO] All cron jobs initialized:
[2026-04-30T10:44:29.542Z] [INFO]   - Subscription lifecycle + emails: Every hour
[2026-04-30T10:44:29.542Z] [INFO]   - Inventory expiry checks + alerts: Daily at 6:00 AM
[2026-04-30T10:44:29.542Z] [INFO]   - Reminder emails (7d/3d/final): Daily at 9:00 AM
[2026-04-30T10:44:29.542Z] [INFO]   - Payment status sync: Daily at 1:00 AM
[2026-04-30T10:44:29.542Z] [INFO]   - Pending users cleanup: Daily at 3:00 AM
[2026-04-30T10:44:29.542Z] [INFO]   - Incomplete users cleanup: Daily at 3:15 AM
[2026-04-30T10:44:29.542Z] [INFO]   - Deletion logs cleanup: Daily at 3:30 AM
[2026-04-30T10:44:29.542Z] [INFO]   - Scheduled broadcasts: Every 5 minutes
[2026-04-30T10:44:29.542Z] [INFO]   - OTP daily limits cleanup: Daily at 3:45 AM
[2026-04-30T10:44:31.494Z] [INFO] Initializing cron jobs...
[2026-04-30T10:44:31.495Z] [INFO] Distributed locking: ENABLED
[2026-04-30T10:44:31.495Z] [INFO] Instance ID: DESKTOP-I1JLQUS-18536-397467e7
[2026-04-30T10:44:31.500Z] [INFO] [File Cleanup] Email attachment cleanup worker initialized (daily at 4:00 AM)
[2026-04-30T10:44:31.500Z] [INFO] Email file cleanup: Daily at 4:00 AM
[2026-04-30T10:44:31.500Z] [INFO] Email broadcast worker: Every 1 minute
[2026-04-30T10:44:31.499Z] [INFO] [Email Cron] Email broadcast worker initialized (every 1 minute)
[2026-04-30T10:44:31.504Z] [INFO] Subscription lifecycle job scheduled (every hour)
[2026-04-30T10:44:31.510Z] [INFO] Payment status sync job scheduled (daily at 1:00 AM)
[2026-04-30T10:44:31.513Z] [INFO] Reminder job scheduled (daily at 9:00 AM)
[2026-04-30T10:44:31.515Z] [INFO] Inventory expiry job scheduled (daily at 6:00 AM)
[2026-04-30T10:44:31.517Z] [INFO] Scheduled broadcasts job initialized (every 5 minutes)
[2026-04-30T10:44:31.528Z] [INFO] All cron jobs initialized:
[2026-04-30T10:44:31.528Z] [INFO]   - Session cleanup: Every hour
[2026-04-30T10:44:31.528Z] [INFO]   - Subscription lifecycle + emails: Every hour
[2026-04-30T10:44:31.528Z] [INFO]   - Plan transition: Daily at 2:00 AM
[2026-04-30T10:44:31.528Z] [INFO]   - Inventory expiry checks + alerts: Daily at 6:00 AM
[2026-04-30T10:44:31.528Z] [INFO]   - Payment status sync: Daily at 1:00 AM
[2026-04-30T10:44:31.528Z] [INFO]   - Reminder emails (7d/3d/final): Daily at 9:00 AM
[2026-04-30T10:44:31.528Z] [INFO]   - Pending users cleanup: Daily at 3:00 AM
[2026-04-30T10:44:31.528Z] [INFO]   - Deletion logs cleanup: Daily at 3:30 AM
[2026-04-30T10:44:31.528Z] [INFO]   - Incomplete users cleanup: Daily at 3:15 AM
[2026-04-30T10:44:31.528Z] [INFO]   - Scheduled broadcasts: Every 5 minutes
[2026-04-30T10:44:31.528Z] [INFO]   - OTP daily limits cleanup: Daily at 3:45 AM
[2026-04-30T10:44:31.502Z] [INFO] Plan transition job scheduled (daily at 2:00 AM)
[2026-04-30T10:44:33.808Z] [INFO] Instance ID: DESKTOP-I1JLQUS-26104-6260cd62
[2026-04-30T10:44:33.807Z] [INFO] Initializing cron jobs...
[2026-04-30T10:44:33.808Z] [INFO] Distributed locking: ENABLED
[2026-04-30T10:44:33.814Z] [INFO] [File Cleanup] Email attachment cleanup worker initialized (daily at 4:00 AM)
[2026-04-30T10:44:33.816Z] [INFO] Plan transition job scheduled (daily at 2:00 AM)
[2026-04-30T10:44:33.812Z] [INFO] [Email Cron] Email broadcast worker initialized (every 1 minute)
[2026-04-30T10:44:33.818Z] [INFO] Subscription lifecycle job scheduled (every hour)
[2026-04-30T10:44:33.814Z] [INFO] Email file cleanup: Daily at 4:00 AM
[2026-04-30T10:44:33.814Z] [INFO] Email broadcast worker: Every 1 minute
[2026-04-30T10:44:33.820Z] [INFO] Payment status sync job scheduled (daily at 1:00 AM)
[2026-04-30T10:44:33.822Z] [INFO] Reminder job scheduled (daily at 9:00 AM)
[2026-04-30T10:44:33.827Z] [INFO] Scheduled broadcasts job initialized (every 5 minutes)
[2026-04-30T10:44:33.825Z] [INFO] Inventory expiry job scheduled (daily at 6:00 AM)
[2026-04-30T10:44:33.836Z] [INFO] All cron jobs initialized:
[2026-04-30T10:44:33.836Z] [INFO]   - Plan transition: Daily at 2:00 AM
[2026-04-30T10:44:33.836Z] [INFO]   - Payment status sync: Daily at 1:00 AM
[2026-04-30T10:44:33.836Z] [INFO]   - Inventory expiry checks + alerts: Daily at 6:00 AM
[2026-04-30T10:44:33.836Z] [INFO]   - Subscription lifecycle + emails: Every hour
[2026-04-30T10:44:33.836Z] [INFO]   - Session cleanup: Every hour
[2026-04-30T10:44:33.836Z] [INFO]   - Reminder emails (7d/3d/final): Daily at 9:00 AM
[2026-04-30T10:44:33.836Z] [INFO]   - Pending users cleanup: Daily at 3:00 AM
[2026-04-30T10:44:33.836Z] [INFO]   - Incomplete users cleanup: Daily at 3:15 AM
[2026-04-30T10:44:33.836Z] [INFO]   - OTP daily limits cleanup: Daily at 3:45 AM
[2026-04-30T10:44:33.836Z] [INFO]   - Deletion logs cleanup: Daily at 3:30 AM
[2026-04-30T10:44:33.836Z] [INFO]   - Scheduled broadcasts: Every 5 minutes
[2026-04-30T10:44:40.727Z] [INFO] Initializing cron jobs...
[2026-04-30T10:44:40.728Z] [INFO] Instance ID: DESKTOP-I1JLQUS-13444-5063766a
[2026-04-30T10:44:40.728Z] [INFO] Distributed locking: ENABLED
[2026-04-30T10:44:40.733Z] [INFO] [Email Cron] Email broadcast worker initialized (every 1 minute)
[2026-04-30T10:44:40.736Z] [INFO] Email broadcast worker: Every 1 minute
[2026-04-30T10:44:40.736Z] [INFO] Email file cleanup: Daily at 4:00 AM
[2026-04-30T10:44:40.739Z] [INFO] Plan transition job scheduled (daily at 2:00 AM)
[2026-04-30T10:44:40.743Z] [INFO] Subscription lifecycle job scheduled (every hour)
[2026-04-30T10:44:40.736Z] [INFO] [File Cleanup] Email attachment cleanup worker initialized (daily at 4:00 AM)
[2026-04-30T10:44:40.747Z] [INFO] Payment status sync job scheduled (daily at 1:00 AM)
[2026-04-30T10:44:40.752Z] [INFO] Reminder job scheduled (daily at 9:00 AM)
[2026-04-30T10:44:40.760Z] [INFO] Inventory expiry job scheduled (daily at 6:00 AM)
[2026-04-30T10:44:40.766Z] [INFO] Scheduled broadcasts job initialized (every 5 minutes)
[2026-04-30T10:44:40.785Z] [INFO] All cron jobs initialized:
[2026-04-30T10:44:40.785Z] [INFO]   - Session cleanup: Every hour
[2026-04-30T10:44:40.785Z] [INFO]   - Plan transition: Daily at 2:00 AM
[2026-04-30T10:44:40.786Z] [INFO]   - Payment status sync: Daily at 1:00 AM
[2026-04-30T10:44:40.785Z] [INFO]   - Subscription lifecycle + emails: Every hour
[2026-04-30T10:44:40.786Z] [INFO]   - Reminder emails (7d/3d/final): Daily at 9:00 AM
[2026-04-30T10:44:40.786Z] [INFO]   - Pending users cleanup: Daily at 3:00 AM
[2026-04-30T10:44:40.786Z] [INFO]   - Inventory expiry checks + alerts: Daily at 6:00 AM
[2026-04-30T10:44:40.786Z] [INFO]   - Incomplete users cleanup: Daily at 3:15 AM
[2026-04-30T10:44:40.786Z] [INFO]   - Deletion logs cleanup: Daily at 3:30 AM
[2026-04-30T10:44:40.786Z] [INFO]   - Scheduled broadcasts: Every 5 minutes
[2026-04-30T10:44:40.786Z] [INFO]   - OTP daily limits cleanup: Daily at 3:45 AM
[2026-04-30T10:44:45.600Z] [INFO] Initializing cron jobs...
[2026-04-30T10:44:45.600Z] [INFO] Distributed locking: ENABLED
[2026-04-30T10:44:45.606Z] [INFO] [Email Cron] Email broadcast worker initialized (every 1 minute)
[2026-04-30T10:44:45.600Z] [INFO] Instance ID: DESKTOP-I1JLQUS-11256-4dcccdcf
[2026-04-30T10:44:45.607Z] [INFO] [File Cleanup] Email attachment cleanup worker initialized (daily at 4:00 AM)
[2026-04-30T10:44:45.608Z] [INFO] Email broadcast worker: Every 1 minute
[2026-04-30T10:44:45.612Z] [INFO] Subscription lifecycle job scheduled (every hour)
[2026-04-30T10:44:45.610Z] [INFO] Plan transition job scheduled (daily at 2:00 AM)
[2026-04-30T10:44:45.614Z] [INFO] Payment status sync job scheduled (daily at 1:00 AM)
[2026-04-30T10:44:45.617Z] [INFO] Inventory expiry job scheduled (daily at 6:00 AM)
[2026-04-30T10:44:45.619Z] [INFO] Scheduled broadcasts job initialized (every 5 minutes)
[2026-04-30T10:44:45.627Z] [INFO] All cron jobs initialized:
[2026-04-30T10:44:45.627Z] [INFO]   - Subscription lifecycle + emails: Every hour
[2026-04-30T10:44:45.627Z] [INFO]   - Session cleanup: Every hour
[2026-04-30T10:44:45.627Z] [INFO]   - Plan transition: Daily at 2:00 AM
[2026-04-30T10:44:45.627Z] [INFO]   - Payment status sync: Daily at 1:00 AM
[2026-04-30T10:44:45.627Z] [INFO]   - Pending users cleanup: Daily at 3:00 AM
[2026-04-30T10:44:45.627Z] [INFO]   - Inventory expiry checks + alerts: Daily at 6:00 AM
[2026-04-30T10:44:45.627Z] [INFO]   - Reminder emails (7d/3d/final): Daily at 9:00 AM
[2026-04-30T10:44:45.627Z] [INFO]   - Incomplete users cleanup: Daily at 3:15 AM
[2026-04-30T10:44:45.627Z] [INFO]   - Deletion logs cleanup: Daily at 3:30 AM
[2026-04-30T10:44:45.627Z] [INFO]   - OTP daily limits cleanup: Daily at 3:45 AM
[2026-04-30T10:44:45.616Z] [INFO] Reminder job scheduled (daily at 9:00 AM)
[2026-04-30T10:44:45.608Z] [INFO] Email file cleanup: Daily at 4:00 AM
[2026-04-30T10:44:45.627Z] [INFO]   - Scheduled broadcasts: Every 5 minutes
[2026-04-30T10:45:00.021Z] [INFO] Checking for scheduled broadcasts...
[2026-04-30T10:45:00.080Z] [INFO] No scheduled broadcasts due for sending
[2026-04-30T10:45:39.395Z] [INFO] Initializing cron jobs...
[2026-04-30T10:45:39.395Z] [INFO] Distributed locking: ENABLED
[2026-04-30T10:45:39.402Z] [INFO] [Email Cron] Email broadcast worker initialized (every 1 minute)
[2026-04-30T10:45:39.395Z] [INFO] Instance ID: DESKTOP-I1JLQUS-16872-c2fda14e
[2026-04-30T10:45:39.406Z] [INFO] Email file cleanup: Daily at 4:00 AM
[2026-04-30T10:45:39.405Z] [INFO] [File Cleanup] Email attachment cleanup worker initialized (daily at 4:00 AM)
[2026-04-30T10:45:39.412Z] [INFO] Subscription lifecycle job scheduled (every hour)
[2026-04-30T10:45:39.410Z] [INFO] Plan transition job scheduled (daily at 2:00 AM)
[2026-04-30T10:45:39.406Z] [INFO] Email broadcast worker: Every 1 minute
[2026-04-30T10:45:39.414Z] [INFO] Payment status sync job scheduled (daily at 1:00 AM)
[2026-04-30T10:45:39.417Z] [INFO] Reminder job scheduled (daily at 9:00 AM)
[2026-04-30T10:45:39.421Z] [INFO] Inventory expiry job scheduled (daily at 6:00 AM)
[2026-04-30T10:45:39.423Z] [INFO] Scheduled broadcasts job initialized (every 5 minutes)
[2026-04-30T10:45:39.434Z] [INFO]   - Session cleanup: Every hour
[2026-04-30T10:45:39.434Z] [INFO] All cron jobs initialized:
[2026-04-30T10:45:39.434Z] [INFO]   - Payment status sync: Daily at 1:00 AM
[2026-04-30T10:45:39.434Z] [INFO]   - Subscription lifecycle + emails: Every hour
[2026-04-30T10:45:39.434Z] [INFO]   - Inventory expiry checks + alerts: Daily at 6:00 AM
[2026-04-30T10:45:39.434Z] [INFO]   - Deletion logs cleanup: Daily at 3:30 AM
[2026-04-30T10:45:39.434Z] [INFO]   - Pending users cleanup: Daily at 3:00 AM
[2026-04-30T10:45:39.434Z] [INFO]   - Reminder emails (7d/3d/final): Daily at 9:00 AM
[2026-04-30T10:45:39.434Z] [INFO]   - Scheduled broadcasts: Every 5 minutes
[2026-04-30T10:45:39.434Z] [INFO]   - Incomplete users cleanup: Daily at 3:15 AM
[2026-04-30T10:45:39.434Z] [INFO]   - OTP daily limits cleanup: Daily at 3:45 AM
[2026-04-30T10:45:39.434Z] [INFO]   - Plan transition: Daily at 2:00 AM
[2026-04-30T10:45:59.127Z] [INFO] Distributed locking: ENABLED
[2026-04-30T10:45:59.127Z] [INFO] Instance ID: DESKTOP-I1JLQUS-9868-5f8098e9
[2026-04-30T10:45:59.127Z] [INFO] Initializing cron jobs...
[2026-04-30T10:45:59.135Z] [INFO] [File Cleanup] Email attachment cleanup worker initialized (daily at 4:00 AM)
[2026-04-30T10:45:59.137Z] [INFO] Plan transition job scheduled (daily at 2:00 AM)
[2026-04-30T10:45:59.133Z] [INFO] [Email Cron] Email broadcast worker initialized (every 1 minute)
[2026-04-30T10:45:59.135Z] [INFO] Email broadcast worker: Every 1 minute
[2026-04-30T10:45:59.140Z] [INFO] Subscription lifecycle job scheduled (every hour)
[2026-04-30T10:45:59.142Z] [INFO] Payment status sync job scheduled (daily at 1:00 AM)
[2026-04-30T10:45:59.135Z] [INFO] Email file cleanup: Daily at 4:00 AM
[2026-04-30T10:45:59.145Z] [INFO] Reminder job scheduled (daily at 9:00 AM)
[2026-04-30T10:45:59.148Z] [INFO] Inventory expiry job scheduled (daily at 6:00 AM)
[2026-04-30T10:45:59.150Z] [INFO] Scheduled broadcasts job initialized (every 5 minutes)
[2026-04-30T10:45:59.161Z] [INFO] All cron jobs initialized:
[2026-04-30T10:45:59.162Z] [INFO]   - Session cleanup: Every hour
[2026-04-30T10:45:59.162Z] [INFO]   - Plan transition: Daily at 2:00 AM
[2026-04-30T10:45:59.162Z] [INFO]   - Payment status sync: Daily at 1:00 AM
[2026-04-30T10:45:59.162Z] [INFO]   - Subscription lifecycle + emails: Every hour
[2026-04-30T10:45:59.162Z] [INFO]   - Reminder emails (7d/3d/final): Daily at 9:00 AM
[2026-04-30T10:45:59.162Z] [INFO]   - Inventory expiry checks + alerts: Daily at 6:00 AM
[2026-04-30T10:45:59.162Z] [INFO]   - Pending users cleanup: Daily at 3:00 AM
[2026-04-30T10:45:59.162Z] [INFO]   - Incomplete users cleanup: Daily at 3:15 AM
[2026-04-30T10:45:59.162Z] [INFO]   - Deletion logs cleanup: Daily at 3:30 AM
[2026-04-30T10:45:59.162Z] [INFO]   - OTP daily limits cleanup: Daily at 3:45 AM
[2026-04-30T10:45:59.162Z] [INFO]   - Scheduled broadcasts: Every 5 minutes
[2026-04-30T10:46:12.534Z] [INFO] Initializing cron jobs...
[2026-04-30T10:46:12.534Z] [INFO] Distributed locking: ENABLED
[2026-04-30T10:46:12.534Z] [INFO] Instance ID: DESKTOP-I1JLQUS-2456-1c48a838
[2026-04-30T10:46:12.541Z] [INFO] [File Cleanup] Email attachment cleanup worker initialized (daily at 4:00 AM)
[2026-04-30T10:46:12.541Z] [INFO] Email file cleanup: Daily at 4:00 AM
[2026-04-30T10:46:12.543Z] [INFO] Plan transition job scheduled (daily at 2:00 AM)
[2026-04-30T10:46:12.544Z] [INFO] Subscription lifecycle job scheduled (every hour)
[2026-04-30T10:46:12.548Z] [INFO] Payment status sync job scheduled (daily at 1:00 AM)
[2026-04-30T10:46:12.539Z] [INFO] [Email Cron] Email broadcast worker initialized (every 1 minute)
[2026-04-30T10:46:12.558Z] [INFO] Reminder job scheduled (daily at 9:00 AM)
[2026-04-30T10:46:12.572Z] [INFO] Scheduled broadcasts job initialized (every 5 minutes)
[2026-04-30T10:46:12.587Z] [INFO]   - Subscription lifecycle + emails: Every hour
[2026-04-30T10:46:12.587Z] [INFO] All cron jobs initialized:
[2026-04-30T10:46:12.541Z] [INFO] Email broadcast worker: Every 1 minute
[2026-04-30T10:46:12.587Z] [INFO]   - Plan transition: Daily at 2:00 AM
[2026-04-30T10:46:12.588Z] [INFO]   - Reminder emails (7d/3d/final): Daily at 9:00 AM
[2026-04-30T10:46:12.587Z] [INFO]   - Payment status sync: Daily at 1:00 AM
[2026-04-30T10:46:12.588Z] [INFO]   - Pending users cleanup: Daily at 3:00 AM
[2026-04-30T10:46:12.588Z] [INFO]   - Inventory expiry checks + alerts: Daily at 6:00 AM
[2026-04-30T10:46:12.587Z] [INFO]   - Session cleanup: Every hour
[2026-04-30T10:46:12.588Z] [INFO]   - Incomplete users cleanup: Daily at 3:15 AM
[2026-04-30T10:46:12.565Z] [INFO] Inventory expiry job scheduled (daily at 6:00 AM)
[2026-04-30T10:46:12.588Z] [INFO]   - Scheduled broadcasts: Every 5 minutes
[2026-04-30T10:46:12.588Z] [INFO]   - Deletion logs cleanup: Daily at 3:30 AM
[2026-04-30T10:46:12.588Z] [INFO]   - OTP daily limits cleanup: Daily at 3:45 AM
[2026-04-30T10:46:33.392Z] [INFO] Initializing cron jobs...
[2026-04-30T10:46:33.392Z] [INFO] Instance ID: DESKTOP-I1JLQUS-18288-d40b25a5
[2026-04-30T10:46:33.393Z] [INFO] Distributed locking: ENABLED
[2026-04-30T10:46:33.397Z] [INFO] [Email Cron] Email broadcast worker initialized (every 1 minute)
[2026-04-30T10:46:33.400Z] [INFO] [File Cleanup] Email attachment cleanup worker initialized (daily at 4:00 AM)
[2026-04-30T10:46:33.401Z] [INFO] Email file cleanup: Daily at 4:00 AM
[2026-04-30T10:46:33.401Z] [INFO] Email broadcast worker: Every 1 minute
[2026-04-30T10:46:33.409Z] [INFO] Subscription lifecycle job scheduled (every hour)
[2026-04-30T10:46:33.411Z] [INFO] Payment status sync job scheduled (daily at 1:00 AM)
[2026-04-30T10:46:33.416Z] [INFO] Inventory expiry job scheduled (daily at 6:00 AM)
[2026-04-30T10:46:33.414Z] [INFO] Reminder job scheduled (daily at 9:00 AM)
[2026-04-30T10:46:33.406Z] [INFO] Plan transition job scheduled (daily at 2:00 AM)
[2026-04-30T10:46:33.417Z] [INFO] Scheduled broadcasts job initialized (every 5 minutes)
[2026-04-30T10:46:33.424Z] [INFO] All cron jobs initialized:
[2026-04-30T10:46:33.424Z] [INFO]   - Session cleanup: Every hour
[2026-04-30T10:46:33.424Z] [INFO]   - Subscription lifecycle + emails: Every hour
[2026-04-30T10:46:33.424Z] [INFO]   - Inventory expiry checks + alerts: Daily at 6:00 AM
[2026-04-30T10:46:33.424Z] [INFO]   - Plan transition: Daily at 2:00 AM
[2026-04-30T10:46:33.424Z] [INFO]   - Payment status sync: Daily at 1:00 AM
[2026-04-30T10:46:33.424Z] [INFO]   - Pending users cleanup: Daily at 3:00 AM
[2026-04-30T10:46:33.424Z] [INFO]   - Reminder emails (7d/3d/final): Daily at 9:00 AM
[2026-04-30T10:46:33.424Z] [INFO]   - Incomplete users cleanup: Daily at 3:15 AM
[2026-04-30T10:46:33.424Z] [INFO]   - Scheduled broadcasts: Every 5 minutes
[2026-04-30T10:46:33.424Z] [INFO]   - Deletion logs cleanup: Daily at 3:30 AM
[2026-04-30T10:46:33.424Z] [INFO]   - OTP daily limits cleanup: Daily at 3:45 AM
[2026-04-30T10:47:03.384Z] [INFO] Initializing cron jobs...
[2026-04-30T10:47:03.384Z] [INFO] Instance ID: DESKTOP-I1JLQUS-12640-2512ea5a
[2026-04-30T10:47:03.384Z] [INFO] Distributed locking: ENABLED
[2026-04-30T10:47:03.399Z] [INFO] [Email Cron] Email broadcast worker initialized (every 1 minute)
[2026-04-30T10:47:03.403Z] [INFO] Email broadcast worker: Every 1 minute
[2026-04-30T10:47:03.402Z] [INFO] [File Cleanup] Email attachment cleanup worker initialized (daily at 4:00 AM)
[2026-04-30T10:47:03.407Z] [INFO] Plan transition job scheduled (daily at 2:00 AM)
[2026-04-30T10:47:03.403Z] [INFO] Email file cleanup: Daily at 4:00 AM
[2026-04-30T10:47:03.409Z] [INFO] Subscription lifecycle job scheduled (every hour)
[2026-04-30T10:47:03.411Z] [INFO] Payment status sync job scheduled (daily at 1:00 AM)
[2026-04-30T10:47:03.413Z] [INFO] Reminder job scheduled (daily at 9:00 AM)
[2026-04-30T10:47:03.416Z] [INFO] Inventory expiry job scheduled (daily at 6:00 AM)
[2026-04-30T10:47:03.425Z] [INFO] All cron jobs initialized:
[2026-04-30T10:47:03.417Z] [INFO] Scheduled broadcasts job initialized (every 5 minutes)
[2026-04-30T10:47:03.425Z] [INFO]   - Session cleanup: Every hour
[2026-04-30T10:47:03.425Z] [INFO]   - Plan transition: Daily at 2:00 AM
[2026-04-30T10:47:03.425Z] [INFO]   - Payment status sync: Daily at 1:00 AM
[2026-04-30T10:47:03.425Z] [INFO]   - Subscription lifecycle + emails: Every hour
[2026-04-30T10:47:03.425Z] [INFO]   - Inventory expiry checks + alerts: Daily at 6:00 AM
[2026-04-30T10:47:03.425Z] [INFO]   - Reminder emails (7d/3d/final): Daily at 9:00 AM
[2026-04-30T10:47:03.425Z] [INFO]   - Incomplete users cleanup: Daily at 3:15 AM
[2026-04-30T10:47:03.425Z] [INFO]   - Deletion logs cleanup: Daily at 3:30 AM
[2026-04-30T10:47:03.425Z] [INFO]   - Scheduled broadcasts: Every 5 minutes
[2026-04-30T10:47:03.425Z] [INFO]   - Pending users cleanup: Daily at 3:00 AM
[2026-04-30T10:47:03.425Z] [INFO]   - OTP daily limits cleanup: Daily at 3:45 AM
[2026-04-30T10:47:09.872Z] [INFO] Instance ID: DESKTOP-I1JLQUS-3752-007b1685
[2026-04-30T10:47:09.872Z] [INFO] Initializing cron jobs...
[2026-04-30T10:47:09.872Z] [INFO] Distributed locking: ENABLED
[2026-04-30T10:47:09.877Z] [INFO] [Email Cron] Email broadcast worker initialized (every 1 minute)
[2026-04-30T10:47:09.879Z] [INFO] [File Cleanup] Email attachment cleanup worker initialized (daily at 4:00 AM)
[2026-04-30T10:47:09.879Z] [INFO] Email broadcast worker: Every 1 minute
[2026-04-30T10:47:09.879Z] [INFO] Email file cleanup: Daily at 4:00 AM
[2026-04-30T10:47:09.881Z] [INFO] Plan transition job scheduled (daily at 2:00 AM)
[2026-04-30T10:47:09.883Z] [INFO] Subscription lifecycle job scheduled (every hour)
[2026-04-30T10:47:09.887Z] [INFO] Payment status sync job scheduled (daily at 1:00 AM)
[2026-04-30T10:47:09.891Z] [INFO] Reminder job scheduled (daily at 9:00 AM)
[2026-04-30T10:47:09.896Z] [INFO] Inventory expiry job scheduled (daily at 6:00 AM)
[2026-04-30T10:47:09.901Z] [INFO] Scheduled broadcasts job initialized (every 5 minutes)
[2026-04-30T10:47:09.913Z] [INFO]   - Session cleanup: Every hour
[2026-04-30T10:47:09.913Z] [INFO] All cron jobs initialized:
[2026-04-30T10:47:09.913Z] [INFO]   - Plan transition: Daily at 2:00 AM
[2026-04-30T10:47:09.913Z] [INFO]   - Subscription lifecycle + emails: Every hour
[2026-04-30T10:47:09.913Z] [INFO]   - Payment status sync: Daily at 1:00 AM
[2026-04-30T10:47:09.913Z] [INFO]   - Inventory expiry checks + alerts: Daily at 6:00 AM
[2026-04-30T10:47:09.913Z] [INFO]   - Pending users cleanup: Daily at 3:00 AM
[2026-04-30T10:47:09.913Z] [INFO]   - Reminder emails (7d/3d/final): Daily at 9:00 AM
[2026-04-30T10:47:09.913Z] [INFO]   - OTP daily limits cleanup: Daily at 3:45 AM
[2026-04-30T10:47:09.913Z] [INFO]   - Deletion logs cleanup: Daily at 3:30 AM
[2026-04-30T10:47:09.913Z] [INFO]   - Incomplete users cleanup: Daily at 3:15 AM
[2026-04-30T10:47:09.913Z] [INFO]   - Scheduled broadcasts: Every 5 minutes
[2026-04-30T10:47:18.796Z] [INFO] Initializing cron jobs...
[2026-04-30T10:47:18.796Z] [INFO] Distributed locking: ENABLED
[2026-04-30T10:47:18.796Z] [INFO] Instance ID: DESKTOP-I1JLQUS-9356-ef7422a9
[2026-04-30T10:47:18.801Z] [INFO] [Email Cron] Email broadcast worker initialized (every 1 minute)
[2026-04-30T10:47:18.803Z] [INFO] [File Cleanup] Email attachment cleanup worker initialized (daily at 4:00 AM)
[2026-04-30T10:47:18.803Z] [INFO] Email file cleanup: Daily at 4:00 AM
[2026-04-30T10:47:18.803Z] [INFO] Email broadcast worker: Every 1 minute
[2026-04-30T10:47:18.809Z] [INFO] Subscription lifecycle job scheduled (every hour)
[2026-04-30T10:47:18.806Z] [INFO] Plan transition job scheduled (daily at 2:00 AM)
[2026-04-30T10:47:18.813Z] [INFO] Payment status sync job scheduled (daily at 1:00 AM)
[2026-04-30T10:47:18.816Z] [INFO] Reminder job scheduled (daily at 9:00 AM)
[2026-04-30T10:47:18.818Z] [INFO] Inventory expiry job scheduled (daily at 6:00 AM)
[2026-04-30T10:47:18.821Z] [INFO] Scheduled broadcasts job initialized (every 5 minutes)
[2026-04-30T10:47:18.834Z] [INFO]   - Session cleanup: Every hour
[2026-04-30T10:47:18.834Z] [INFO] All cron jobs initialized:
[2026-04-30T10:47:18.835Z] [INFO]   - Subscription lifecycle + emails: Every hour
[2026-04-30T10:47:18.834Z] [INFO]   - Plan transition: Daily at 2:00 AM
[2026-04-30T10:47:18.835Z] [INFO]   - Payment status sync: Daily at 1:00 AM
[2026-04-30T10:47:18.835Z] [INFO]   - Inventory expiry checks + alerts: Daily at 6:00 AM
[2026-04-30T10:47:18.835Z] [INFO]   - Pending users cleanup: Daily at 3:00 AM
[2026-04-30T10:47:18.835Z] [INFO]   - Reminder emails (7d/3d/final): Daily at 9:00 AM
[2026-04-30T10:47:18.835Z] [INFO]   - Incomplete users cleanup: Daily at 3:15 AM
[2026-04-30T10:47:18.835Z] [INFO]   - Scheduled broadcasts: Every 5 minutes
[2026-04-30T10:47:18.835Z] [INFO]   - Deletion logs cleanup: Daily at 3:30 AM
[2026-04-30T10:47:18.835Z] [INFO]   - OTP daily limits cleanup: Daily at 3:45 AM
[2026-04-30T10:49:18.840Z] [INFO] Distributed locking: ENABLED
[2026-04-30T10:49:18.839Z] [INFO] Initializing cron jobs...
[2026-04-30T10:49:18.840Z] [INFO] Instance ID: DESKTOP-I1JLQUS-1156-fc334006
[2026-04-30T10:49:18.857Z] [INFO] [File Cleanup] Email attachment cleanup worker initialized (daily at 4:00 AM)
[2026-04-30T10:49:18.857Z] [INFO] Email broadcast worker: Every 1 minute
[2026-04-30T10:49:18.851Z] [INFO] [Email Cron] Email broadcast worker initialized (every 1 minute)
[2026-04-30T10:49:18.861Z] [INFO] Subscription lifecycle job scheduled (every hour)
[2026-04-30T10:49:18.859Z] [INFO] Plan transition job scheduled (daily at 2:00 AM)
[2026-04-30T10:49:18.863Z] [INFO] Payment status sync job scheduled (daily at 1:00 AM)
[2026-04-30T10:49:18.857Z] [INFO] Email file cleanup: Daily at 4:00 AM
[2026-04-30T10:49:18.867Z] [INFO] Scheduled broadcasts job initialized (every 5 minutes)
[2026-04-30T10:49:18.864Z] [INFO] Reminder job scheduled (daily at 9:00 AM)
[2026-04-30T10:49:18.874Z] [INFO]   - Plan transition: Daily at 2:00 AM
[2026-04-30T10:49:18.874Z] [INFO] All cron jobs initialized:
[2026-04-30T10:49:18.866Z] [INFO] Inventory expiry job scheduled (daily at 6:00 AM)
[2026-04-30T10:49:18.874Z] [INFO]   - Payment status sync: Daily at 1:00 AM
[2026-04-30T10:49:18.874Z] [INFO]   - Inventory expiry checks + alerts: Daily at 6:00 AM
[2026-04-30T10:49:18.874Z] [INFO]   - Session cleanup: Every hour
[2026-04-30T10:49:18.875Z] [INFO]   - Pending users cleanup: Daily at 3:00 AM
[2026-04-30T10:49:18.874Z] [INFO]   - Subscription lifecycle + emails: Every hour
[2026-04-30T10:49:18.875Z] [INFO]   - Incomplete users cleanup: Daily at 3:15 AM
[2026-04-30T10:49:18.875Z] [INFO]   - Scheduled broadcasts: Every 5 minutes
[2026-04-30T10:49:18.875Z] [INFO]   - OTP daily limits cleanup: Daily at 3:45 AM
[2026-04-30T10:49:18.874Z] [INFO]   - Reminder emails (7d/3d/final): Daily at 9:00 AM
[2026-04-30T10:49:18.875Z] [INFO]   - Deletion logs cleanup: Daily at 3:30 AM
[2026-04-30T10:49:45.974Z] [INFO] Initializing cron jobs...
[2026-04-30T10:49:45.975Z] [INFO] Instance ID: DESKTOP-I1JLQUS-16276-b09dbcd4
[2026-04-30T10:49:45.975Z] [INFO] Distributed locking: ENABLED
[2026-04-30T10:49:45.982Z] [INFO] [File Cleanup] Email attachment cleanup worker initialized (daily at 4:00 AM)
[2026-04-30T10:49:45.982Z] [INFO] Email broadcast worker: Every 1 minute
[2026-04-30T10:49:45.980Z] [INFO] [Email Cron] Email broadcast worker initialized (every 1 minute)
[2026-04-30T10:49:45.984Z] [INFO] Plan transition job scheduled (daily at 2:00 AM)
[2026-04-30T10:49:45.982Z] [INFO] Email file cleanup: Daily at 4:00 AM
[2026-04-30T10:49:45.986Z] [INFO] Subscription lifecycle job scheduled (every hour)
[2026-04-30T10:49:45.989Z] [INFO] Payment status sync job scheduled (daily at 1:00 AM)
[2026-04-30T10:49:45.994Z] [INFO] Reminder job scheduled (daily at 9:00 AM)
[2026-04-30T10:49:45.996Z] [INFO] Inventory expiry job scheduled (daily at 6:00 AM)
[2026-04-30T10:49:45.997Z] [INFO] Scheduled broadcasts job initialized (every 5 minutes)
[2026-04-30T10:49:46.018Z] [INFO] All cron jobs initialized:
[2026-04-30T10:49:46.018Z] [INFO]   - Payment status sync: Daily at 1:00 AM
[2026-04-30T10:49:46.018Z] [INFO]   - Inventory expiry checks + alerts: Daily at 6:00 AM
[2026-04-30T10:49:46.018Z] [INFO]   - Plan transition: Daily at 2:00 AM
[2026-04-30T10:49:46.018Z] [INFO]   - Incomplete users cleanup: Daily at 3:15 AM
[2026-04-30T10:49:46.018Z] [INFO]   - Reminder emails (7d/3d/final): Daily at 9:00 AM
[2026-04-30T10:49:46.018Z] [INFO]   - Pending users cleanup: Daily at 3:00 AM
[2026-04-30T10:49:46.018Z] [INFO]   - Deletion logs cleanup: Daily at 3:30 AM
[2026-04-30T10:49:46.018Z] [INFO]   - Scheduled broadcasts: Every 5 minutes
[2026-04-30T10:49:46.018Z] [INFO]   - Subscription lifecycle + emails: Every hour
[2026-04-30T10:49:46.018Z] [INFO]   - Session cleanup: Every hour
[2026-04-30T10:49:46.018Z] [INFO]   - OTP daily limits cleanup: Daily at 3:45 AM
[2026-04-30T10:49:54.897Z] [INFO] Initializing cron jobs...
[2026-04-30T10:49:54.897Z] [INFO] Instance ID: DESKTOP-I1JLQUS-876-706af2b5
[2026-04-30T10:49:54.897Z] [INFO] Distributed locking: ENABLED
[2026-04-30T10:49:54.907Z] [INFO] [File Cleanup] Email attachment cleanup worker initialized (daily at 4:00 AM)
[2026-04-30T10:49:54.910Z] [INFO] Plan transition job scheduled (daily at 2:00 AM)
[2026-04-30T10:49:54.907Z] [INFO] Email broadcast worker: Every 1 minute
[2026-04-30T10:49:54.905Z] [INFO] [Email Cron] Email broadcast worker initialized (every 1 minute)
[2026-04-30T10:49:54.907Z] [INFO] Email file cleanup: Daily at 4:00 AM
[2026-04-30T10:49:54.915Z] [INFO] Payment status sync job scheduled (daily at 1:00 AM)
[2026-04-30T10:49:54.919Z] [INFO] Reminder job scheduled (daily at 9:00 AM)
[2026-04-30T10:49:54.922Z] [INFO] Inventory expiry job scheduled (daily at 6:00 AM)
[2026-04-30T10:49:54.935Z] [INFO] All cron jobs initialized:
[2026-04-30T10:49:54.912Z] [INFO] Subscription lifecycle job scheduled (every hour)
[2026-04-30T10:49:54.925Z] [INFO] Scheduled broadcasts job initialized (every 5 minutes)
[2026-04-30T10:49:54.935Z] [INFO]   - Plan transition: Daily at 2:00 AM
[2026-04-30T10:49:54.935Z] [INFO]   - Payment status sync: Daily at 1:00 AM
[2026-04-30T10:49:54.935Z] [INFO]   - Subscription lifecycle + emails: Every hour
[2026-04-30T10:49:54.935Z] [INFO]   - Reminder emails (7d/3d/final): Daily at 9:00 AM
[2026-04-30T10:49:54.935Z] [INFO]   - Session cleanup: Every hour
[2026-04-30T10:49:54.935Z] [INFO]   - Incomplete users cleanup: Daily at 3:15 AM
[2026-04-30T10:49:54.935Z] [INFO]   - Inventory expiry checks + alerts: Daily at 6:00 AM
[2026-04-30T10:49:54.935Z] [INFO]   - Scheduled broadcasts: Every 5 minutes
[2026-04-30T10:49:54.935Z] [INFO]   - Pending users cleanup: Daily at 3:00 AM
[2026-04-30T10:49:54.935Z] [INFO]   - OTP daily limits cleanup: Daily at 3:45 AM
[2026-04-30T10:49:54.935Z] [INFO]   - Deletion logs cleanup: Daily at 3:30 AM
[2026-04-30T10:50:00.059Z] [INFO] Checking for scheduled broadcasts...
[2026-04-30T10:50:00.139Z] [INFO] No scheduled broadcasts due for sending
[2026-04-30T10:50:06.230Z] [INFO] Initializing cron jobs...
[2026-04-30T10:50:06.231Z] [INFO] Instance ID: DESKTOP-I1JLQUS-18420-9957eb45
[2026-04-30T10:50:06.231Z] [INFO] Distributed locking: ENABLED
[2026-04-30T10:50:06.238Z] [INFO] [Email Cron] Email broadcast worker initialized (every 1 minute)
[2026-04-30T10:50:06.240Z] [INFO] Email broadcast worker: Every 1 minute
[2026-04-30T10:50:06.240Z] [INFO] [File Cleanup] Email attachment cleanup worker initialized (daily at 4:00 AM)
[2026-04-30T10:50:06.240Z] [INFO] Email file cleanup: Daily at 4:00 AM
[2026-04-30T10:50:06.243Z] [INFO] Plan transition job scheduled (daily at 2:00 AM)
[2026-04-30T10:50:06.245Z] [INFO] Subscription lifecycle job scheduled (every hour)
[2026-04-30T10:50:06.246Z] [INFO] Payment status sync job scheduled (daily at 1:00 AM)
[2026-04-30T10:50:06.249Z] [INFO] Reminder job scheduled (daily at 9:00 AM)
[2026-04-30T10:50:06.253Z] [INFO] Inventory expiry job scheduled (daily at 6:00 AM)
[2026-04-30T10:50:06.256Z] [INFO] Scheduled broadcasts job initialized (every 5 minutes)
[2026-04-30T10:50:06.265Z] [INFO] All cron jobs initialized:
[2026-04-30T10:50:06.265Z] [INFO]   - Plan transition: Daily at 2:00 AM
[2026-04-30T10:50:06.265Z] [INFO]   - Subscription lifecycle + emails: Every hour
[2026-04-30T10:50:06.265Z] [INFO]   - Payment status sync: Daily at 1:00 AM
[2026-04-30T10:50:06.265Z] [INFO]   - Session cleanup: Every hour
[2026-04-30T10:50:06.265Z] [INFO]   - Inventory expiry checks + alerts: Daily at 6:00 AM
[2026-04-30T10:50:06.265Z] [INFO]   - Pending users cleanup: Daily at 3:00 AM
[2026-04-30T10:50:06.265Z] [INFO]   - Reminder emails (7d/3d/final): Daily at 9:00 AM
[2026-04-30T10:50:06.265Z] [INFO]   - Deletion logs cleanup: Daily at 3:30 AM
[2026-04-30T10:50:06.265Z] [INFO]   - Incomplete users cleanup: Daily at 3:15 AM
[2026-04-30T10:50:06.265Z] [INFO]   - Scheduled broadcasts: Every 5 minutes
[2026-04-30T10:50:06.265Z] [INFO]   - OTP daily limits cleanup: Daily at 3:45 AM
[2026-04-30T10:50:14.839Z] [INFO] Initializing cron jobs...
[2026-04-30T10:50:14.840Z] [INFO] Instance ID: DESKTOP-I1JLQUS-26248-eba4e5a8
[2026-04-30T10:50:14.840Z] [INFO] Distributed locking: ENABLED
[2026-04-30T10:50:14.849Z] [INFO] [File Cleanup] Email attachment cleanup worker initialized (daily at 4:00 AM)
[2026-04-30T10:50:14.846Z] [INFO] [Email Cron] Email broadcast worker initialized (every 1 minute)
[2026-04-30T10:50:14.849Z] [INFO] Email file cleanup: Daily at 4:00 AM
[2026-04-30T10:50:14.849Z] [INFO] Email broadcast worker: Every 1 minute
[2026-04-30T10:50:14.854Z] [INFO] Subscription lifecycle job scheduled (every hour)
[2026-04-30T10:50:14.852Z] [INFO] Plan transition job scheduled (daily at 2:00 AM)
[2026-04-30T10:50:14.856Z] [INFO] Payment status sync job scheduled (daily at 1:00 AM)
[2026-04-30T10:50:14.858Z] [INFO] Reminder job scheduled (daily at 9:00 AM)
[2026-04-30T10:50:14.861Z] [INFO] Inventory expiry job scheduled (daily at 6:00 AM)
[2026-04-30T10:50:14.863Z] [INFO] Scheduled broadcasts job initialized (every 5 minutes)
[2026-04-30T10:50:14.881Z] [INFO]   - Session cleanup: Every hour
[2026-04-30T10:50:14.881Z] [INFO]   - Subscription lifecycle + emails: Every hour
[2026-04-30T10:50:14.882Z] [INFO]   - Payment status sync: Daily at 1:00 AM
[2026-04-30T10:50:14.882Z] [INFO]   - Reminder emails (7d/3d/final): Daily at 9:00 AM
[2026-04-30T10:50:14.882Z] [INFO]   - Pending users cleanup: Daily at 3:00 AM
[2026-04-30T10:50:14.882Z] [INFO]   - Incomplete users cleanup: Daily at 3:15 AM
[2026-04-30T10:50:14.882Z] [INFO]   - Deletion logs cleanup: Daily at 3:30 AM
[2026-04-30T10:50:14.882Z] [INFO]   - OTP daily limits cleanup: Daily at 3:45 AM
[2026-04-30T10:50:14.882Z] [INFO]   - Scheduled broadcasts: Every 5 minutes
[2026-04-30T10:50:14.881Z] [INFO] All cron jobs initialized:
[2026-04-30T10:50:14.881Z] [INFO]   - Plan transition: Daily at 2:00 AM
[2026-04-30T10:50:14.882Z] [INFO]   - Inventory expiry checks + alerts: Daily at 6:00 AM
[2026-04-30T10:50:29.557Z] [INFO] Instance ID: DESKTOP-I1JLQUS-21556-6010da35
[2026-04-30T10:50:29.557Z] [INFO] Distributed locking: ENABLED
[2026-04-30T10:50:29.556Z] [INFO] Initializing cron jobs...
[2026-04-30T10:50:29.563Z] [INFO] [Email Cron] Email broadcast worker initialized (every 1 minute)
[2026-04-30T10:50:29.570Z] [INFO] Email file cleanup: Daily at 4:00 AM
[2026-04-30T10:50:29.569Z] [INFO] [File Cleanup] Email attachment cleanup worker initialized (daily at 4:00 AM)
[2026-04-30T10:50:29.570Z] [INFO] Email broadcast worker: Every 1 minute
[2026-04-30T10:50:29.573Z] [INFO] Plan transition job scheduled (daily at 2:00 AM)
[2026-04-30T10:50:29.577Z] [INFO] Subscription lifecycle job scheduled (every hour)
[2026-04-30T10:50:29.580Z] [INFO] Payment status sync job scheduled (daily at 1:00 AM)
[2026-04-30T10:50:29.588Z] [INFO] Inventory expiry job scheduled (daily at 6:00 AM)
[2026-04-30T10:50:29.584Z] [INFO] Reminder job scheduled (daily at 9:00 AM)
[2026-04-30T10:50:29.592Z] [INFO] Scheduled broadcasts job initialized (every 5 minutes)
[2026-04-30T10:50:29.603Z] [INFO]   - Session cleanup: Every hour
[2026-04-30T10:50:29.602Z] [INFO] All cron jobs initialized:
[2026-04-30T10:50:29.603Z] [INFO]   - Subscription lifecycle + emails: Every hour
[2026-04-30T10:50:29.603Z] [INFO]   - Payment status sync: Daily at 1:00 AM
[2026-04-30T10:50:29.603Z] [INFO]   - Inventory expiry checks + alerts: Daily at 6:00 AM
[2026-04-30T10:50:29.603Z] [INFO]   - Reminder emails (7d/3d/final): Daily at 9:00 AM
[2026-04-30T10:50:29.603Z] [INFO]   - Pending users cleanup: Daily at 3:00 AM
[2026-04-30T10:50:29.603Z] [INFO]   - Incomplete users cleanup: Daily at 3:15 AM
[2026-04-30T10:50:29.603Z] [INFO]   - Plan transition: Daily at 2:00 AM
[2026-04-30T10:50:29.603Z] [INFO]   - Scheduled broadcasts: Every 5 minutes
[2026-04-30T10:50:29.603Z] [INFO]   - OTP daily limits cleanup: Daily at 3:45 AM
[2026-04-30T10:50:29.603Z] [INFO]   - Deletion logs cleanup: Daily at 3:30 AM
[2026-04-30T10:50:38.972Z] [INFO] Distributed locking: ENABLED
[2026-04-30T10:50:38.971Z] [INFO] Initializing cron jobs...
[2026-04-30T10:50:38.971Z] [INFO] Instance ID: DESKTOP-I1JLQUS-27396-ff90fd4d
[2026-04-30T10:50:38.979Z] [INFO] [Email Cron] Email broadcast worker initialized (every 1 minute)
[2026-04-30T10:50:38.981Z] [INFO] [File Cleanup] Email attachment cleanup worker initialized (daily at 4:00 AM)
[2026-04-30T10:50:38.981Z] [INFO] Email broadcast worker: Every 1 minute
[2026-04-30T10:50:38.981Z] [INFO] Email file cleanup: Daily at 4:00 AM
[2026-04-30T10:50:38.986Z] [INFO] Plan transition job scheduled (daily at 2:00 AM)
[2026-04-30T10:50:38.989Z] [INFO] Subscription lifecycle job scheduled (every hour)
[2026-04-30T10:50:38.992Z] [INFO] Payment status sync job scheduled (daily at 1:00 AM)
[2026-04-30T10:50:38.995Z] [INFO] Reminder job scheduled (daily at 9:00 AM)
[2026-04-30T10:50:38.997Z] [INFO] Inventory expiry job scheduled (daily at 6:00 AM)
[2026-04-30T10:50:39.009Z] [INFO]   - Session cleanup: Every hour
[2026-04-30T10:50:39.009Z] [INFO]   - Subscription lifecycle + emails: Every hour
[2026-04-30T10:50:39.009Z] [INFO]   - Inventory expiry checks + alerts: Daily at 6:00 AM
[2026-04-30T10:50:38.999Z] [INFO] Scheduled broadcasts job initialized (every 5 minutes)
[2026-04-30T10:50:39.009Z] [INFO] All cron jobs initialized:
[2026-04-30T10:50:39.009Z] [INFO]   - Payment status sync: Daily at 1:00 AM
[2026-04-30T10:50:39.009Z] [INFO]   - Reminder emails (7d/3d/final): Daily at 9:00 AM
[2026-04-30T10:50:39.009Z] [INFO]   - Deletion logs cleanup: Daily at 3:30 AM
[2026-04-30T10:50:39.009Z] [INFO]   - Incomplete users cleanup: Daily at 3:15 AM
[2026-04-30T10:50:39.009Z] [INFO]   - OTP daily limits cleanup: Daily at 3:45 AM
[2026-04-30T10:50:39.009Z] [INFO]   - Pending users cleanup: Daily at 3:00 AM
[2026-04-30T10:50:39.009Z] [INFO]   - Plan transition: Daily at 2:00 AM
[2026-04-30T10:50:39.009Z] [INFO]   - Scheduled broadcasts: Every 5 minutes
[2026-04-30T10:50:45.259Z] [INFO] Initializing cron jobs...
[2026-04-30T10:50:45.259Z] [INFO] Distributed locking: ENABLED
[2026-04-30T10:50:45.259Z] [INFO] Instance ID: DESKTOP-I1JLQUS-22248-2d59b94c
[2026-04-30T10:50:45.263Z] [INFO] [Email Cron] Email broadcast worker initialized (every 1 minute)
[2026-04-30T10:50:45.265Z] [INFO] [File Cleanup] Email attachment cleanup worker initialized (daily at 4:00 AM)
[2026-04-30T10:50:45.265Z] [INFO] Email broadcast worker: Every 1 minute
[2026-04-30T10:50:45.265Z] [INFO] Email file cleanup: Daily at 4:00 AM
[2026-04-30T10:50:45.267Z] [INFO] Plan transition job scheduled (daily at 2:00 AM)
[2026-04-30T10:50:45.269Z] [INFO] Subscription lifecycle job scheduled (every hour)
[2026-04-30T10:50:45.271Z] [INFO] Payment status sync job scheduled (daily at 1:00 AM)
[2026-04-30T10:50:45.273Z] [INFO] Reminder job scheduled (daily at 9:00 AM)
[2026-04-30T10:50:45.275Z] [INFO] Inventory expiry job scheduled (daily at 6:00 AM)
[2026-04-30T10:50:45.277Z] [INFO] Scheduled broadcasts job initialized (every 5 minutes)
[2026-04-30T10:50:45.286Z] [INFO] All cron jobs initialized:
[2026-04-30T10:50:45.286Z] [INFO]   - Session cleanup: Every hour
[2026-04-30T10:50:45.286Z] [INFO]   - Plan transition: Daily at 2:00 AM
[2026-04-30T10:50:45.286Z] [INFO]   - Subscription lifecycle + emails: Every hour
[2026-04-30T10:50:45.286Z] [INFO]   - Payment status sync: Daily at 1:00 AM
[2026-04-30T10:50:45.286Z] [INFO]   - Reminder emails (7d/3d/final): Daily at 9:00 AM
[2026-04-30T10:50:45.286Z] [INFO]   - Pending users cleanup: Daily at 3:00 AM
[2026-04-30T10:50:45.286Z] [INFO]   - Incomplete users cleanup: Daily at 3:15 AM
[2026-04-30T10:50:45.286Z] [INFO]   - Inventory expiry checks + alerts: Daily at 6:00 AM
[2026-04-30T10:50:45.286Z] [INFO]   - Deletion logs cleanup: Daily at 3:30 AM
[2026-04-30T10:50:45.287Z] [INFO]   - Scheduled broadcasts: Every 5 minutes
[2026-04-30T10:50:45.287Z] [INFO]   - OTP daily limits cleanup: Daily at 3:45 AM
[2026-04-30T10:50:51.193Z] [INFO] Initializing cron jobs...
[2026-04-30T10:50:51.194Z] [INFO] Instance ID: DESKTOP-I1JLQUS-17492-2d073311
[2026-04-30T10:50:51.194Z] [INFO] Distributed locking: ENABLED
[2026-04-30T10:50:51.200Z] [INFO] Email file cleanup: Daily at 4:00 AM
[2026-04-30T10:50:51.198Z] [INFO] [Email Cron] Email broadcast worker initialized (every 1 minute)
[2026-04-30T10:50:51.200Z] [INFO] Email broadcast worker: Every 1 minute
[2026-04-30T10:50:51.200Z] [INFO] [File Cleanup] Email attachment cleanup worker initialized (daily at 4:00 AM)
[2026-04-30T10:50:51.203Z] [INFO] Subscription lifecycle job scheduled (every hour)
[2026-04-30T10:50:51.202Z] [INFO] Plan transition job scheduled (daily at 2:00 AM)
[2026-04-30T10:50:51.206Z] [INFO] Payment status sync job scheduled (daily at 1:00 AM)
[2026-04-30T10:50:51.209Z] [INFO] Reminder job scheduled (daily at 9:00 AM)
[2026-04-30T10:50:51.211Z] [INFO] Inventory expiry job scheduled (daily at 6:00 AM)
[2026-04-30T10:50:51.215Z] [INFO] Scheduled broadcasts job initialized (every 5 minutes)
[2026-04-30T10:50:51.228Z] [INFO]   - Session cleanup: Every hour
[2026-04-30T10:50:51.227Z] [INFO] All cron jobs initialized:
[2026-04-30T10:50:51.228Z] [INFO]   - Payment status sync: Daily at 1:00 AM
[2026-04-30T10:50:51.228Z] [INFO]   - Inventory expiry checks + alerts: Daily at 6:00 AM
[2026-04-30T10:50:51.228Z] [INFO]   - Reminder emails (7d/3d/final): Daily at 9:00 AM
[2026-04-30T10:50:51.228Z] [INFO]   - Pending users cleanup: Daily at 3:00 AM
[2026-04-30T10:50:51.228Z] [INFO]   - Plan transition: Daily at 2:00 AM
[2026-04-30T10:50:51.228Z] [INFO]   - Subscription lifecycle + emails: Every hour
[2026-04-30T10:50:51.228Z] [INFO]   - Incomplete users cleanup: Daily at 3:15 AM
[2026-04-30T10:50:51.228Z] [INFO]   - Deletion logs cleanup: Daily at 3:30 AM
[2026-04-30T10:50:51.228Z] [INFO]   - OTP daily limits cleanup: Daily at 3:45 AM
[2026-04-30T10:50:51.228Z] [INFO]   - Scheduled broadcasts: Every 5 minutes
[2026-04-30T10:51:08.269Z] [INFO] Initializing cron jobs...
[2026-04-30T10:51:08.269Z] [INFO] Instance ID: DESKTOP-I1JLQUS-11960-3638c2e9
[2026-04-30T10:51:08.269Z] [INFO] Distributed locking: ENABLED
[2026-04-30T10:51:08.278Z] [INFO] [File Cleanup] Email attachment cleanup worker initialized (daily at 4:00 AM)
[2026-04-30T10:51:08.275Z] [INFO] [Email Cron] Email broadcast worker initialized (every 1 minute)
[2026-04-30T10:51:08.278Z] [INFO] Email broadcast worker: Every 1 minute
[2026-04-30T10:51:08.283Z] [INFO] Subscription lifecycle job scheduled (every hour)
[2026-04-30T10:51:08.280Z] [INFO] Plan transition job scheduled (daily at 2:00 AM)
[2026-04-30T10:51:08.278Z] [INFO] Email file cleanup: Daily at 4:00 AM
[2026-04-30T10:51:08.285Z] [INFO] Payment status sync job scheduled (daily at 1:00 AM)
[2026-04-30T10:51:08.289Z] [INFO] Reminder job scheduled (daily at 9:00 AM)
[2026-04-30T10:51:08.294Z] [INFO] Inventory expiry job scheduled (daily at 6:00 AM)
[2026-04-30T10:51:08.300Z] [INFO] Scheduled broadcasts job initialized (every 5 minutes)
[2026-04-30T10:51:08.319Z] [INFO]   - Session cleanup: Every hour
[2026-04-30T10:51:08.319Z] [INFO] All cron jobs initialized:
[2026-04-30T10:51:08.319Z] [INFO]   - Plan transition: Daily at 2:00 AM
[2026-04-30T10:51:08.319Z] [INFO]   - Subscription lifecycle + emails: Every hour
[2026-04-30T10:51:08.320Z] [INFO]   - Payment status sync: Daily at 1:00 AM
[2026-04-30T10:51:08.320Z] [INFO]   - Reminder emails (7d/3d/final): Daily at 9:00 AM
[2026-04-30T10:51:08.320Z] [INFO]   - Inventory expiry checks + alerts: Daily at 6:00 AM
[2026-04-30T10:51:08.320Z] [INFO]   - Pending users cleanup: Daily at 3:00 AM
[2026-04-30T10:51:08.320Z] [INFO]   - Incomplete users cleanup: Daily at 3:15 AM
[2026-04-30T10:51:08.320Z] [INFO]   - Deletion logs cleanup: Daily at 3:30 AM
[2026-04-30T10:51:08.320Z] [INFO]   - OTP daily limits cleanup: Daily at 3:45 AM
[2026-04-30T10:51:08.320Z] [INFO]   - Scheduled broadcasts: Every 5 minutes
[2026-04-30T10:51:14.658Z] [INFO] Initializing cron jobs...
[2026-04-30T10:51:14.658Z] [INFO] Distributed locking: ENABLED
[2026-04-30T10:51:14.658Z] [INFO] Instance ID: DESKTOP-I1JLQUS-9144-b0d458db
[2026-04-30T10:51:14.662Z] [INFO] [Email Cron] Email broadcast worker initialized (every 1 minute)
[2026-04-30T10:51:14.663Z] [INFO] [File Cleanup] Email attachment cleanup worker initialized (daily at 4:00 AM)
[2026-04-30T10:51:14.664Z] [INFO] Email file cleanup: Daily at 4:00 AM
[2026-04-30T10:51:14.666Z] [INFO] Plan transition job scheduled (daily at 2:00 AM)
[2026-04-30T10:51:14.669Z] [INFO] Subscription lifecycle job scheduled (every hour)
[2026-04-30T10:51:14.664Z] [INFO] Email broadcast worker: Every 1 minute
[2026-04-30T10:51:14.671Z] [INFO] Payment status sync job scheduled (daily at 1:00 AM)
[2026-04-30T10:51:14.674Z] [INFO] Reminder job scheduled (daily at 9:00 AM)
[2026-04-30T10:51:14.677Z] [INFO] Inventory expiry job scheduled (daily at 6:00 AM)
[2026-04-30T10:51:14.679Z] [INFO] Scheduled broadcasts job initialized (every 5 minutes)
[2026-04-30T10:51:14.686Z] [INFO] All cron jobs initialized:
[2026-04-30T10:51:14.686Z] [INFO]   - Session cleanup: Every hour
[2026-04-30T10:51:14.686Z] [INFO]   - Subscription lifecycle + emails: Every hour
[2026-04-30T10:51:14.686Z] [INFO]   - Inventory expiry checks + alerts: Daily at 6:00 AM
[2026-04-30T10:51:14.687Z] [INFO]   - Reminder emails (7d/3d/final): Daily at 9:00 AM
[2026-04-30T10:51:14.687Z] [INFO]   - Incomplete users cleanup: Daily at 3:15 AM
[2026-04-30T10:51:14.687Z] [INFO]   - Pending users cleanup: Daily at 3:00 AM
[2026-04-30T10:51:14.687Z] [INFO]   - Deletion logs cleanup: Daily at 3:30 AM
[2026-04-30T10:51:14.687Z] [INFO]   - OTP daily limits cleanup: Daily at 3:45 AM
[2026-04-30T10:51:14.686Z] [INFO]   - Payment status sync: Daily at 1:00 AM
[2026-04-30T10:51:14.686Z] [INFO]   - Plan transition: Daily at 2:00 AM
[2026-04-30T10:51:14.687Z] [INFO]   - Scheduled broadcasts: Every 5 minutes
[2026-04-30T10:52:00.198Z] [INFO] Instance ID: DESKTOP-I1JLQUS-6076-420dfd81
[2026-04-30T10:52:00.198Z] [INFO] Distributed locking: ENABLED
[2026-04-30T10:52:00.197Z] [INFO] Initializing cron jobs...
[2026-04-30T10:52:00.202Z] [INFO] [Email Cron] Email broadcast worker initialized (every 1 minute)
[2026-04-30T10:52:00.205Z] [INFO] [File Cleanup] Email attachment cleanup worker initialized (daily at 4:00 AM)
[2026-04-30T10:52:00.205Z] [INFO] Email broadcast worker: Every 1 minute
[2026-04-30T10:52:00.205Z] [INFO] Email file cleanup: Daily at 4:00 AM
[2026-04-30T10:52:00.207Z] [INFO] Plan transition job scheduled (daily at 2:00 AM)
[2026-04-30T10:52:00.209Z] [INFO] Subscription lifecycle job scheduled (every hour)
[2026-04-30T10:52:00.210Z] [INFO] Payment status sync job scheduled (daily at 1:00 AM)
[2026-04-30T10:52:00.212Z] [INFO] Reminder job scheduled (daily at 9:00 AM)
[2026-04-30T10:52:00.215Z] [INFO] Inventory expiry job scheduled (daily at 6:00 AM)
[2026-04-30T10:52:00.216Z] [INFO] Scheduled broadcasts job initialized (every 5 minutes)
[2026-04-30T10:52:00.232Z] [INFO] All cron jobs initialized:
[2026-04-30T10:52:00.232Z] [INFO]   - Plan transition: Daily at 2:00 AM
[2026-04-30T10:52:00.232Z] [INFO]   - Session cleanup: Every hour
[2026-04-30T10:52:00.233Z] [INFO]   - Payment status sync: Daily at 1:00 AM
[2026-04-30T10:52:00.232Z] [INFO]   - Subscription lifecycle + emails: Every hour
[2026-04-30T10:52:00.233Z] [INFO]   - Inventory expiry checks + alerts: Daily at 6:00 AM
[2026-04-30T10:52:00.233Z] [INFO]   - Reminder emails (7d/3d/final): Daily at 9:00 AM
[2026-04-30T10:52:00.233Z] [INFO]   - Pending users cleanup: Daily at 3:00 AM
[2026-04-30T10:52:00.233Z] [INFO]   - Deletion logs cleanup: Daily at 3:30 AM
[2026-04-30T10:52:00.233Z] [INFO]   - Incomplete users cleanup: Daily at 3:15 AM
[2026-04-30T10:52:00.234Z] [INFO]   - Scheduled broadcasts: Every 5 minutes
[2026-04-30T10:52:00.234Z] [INFO]   - OTP daily limits cleanup: Daily at 3:45 AM
[2026-04-30T10:52:03.849Z] [INFO] Initializing cron jobs...
[2026-04-30T10:52:03.849Z] [INFO] Instance ID: DESKTOP-I1JLQUS-4600-57800163
[2026-04-30T10:52:03.849Z] [INFO] Distributed locking: ENABLED
[2026-04-30T10:52:03.855Z] [INFO] [Email Cron] Email broadcast worker initialized (every 1 minute)
[2026-04-30T10:52:03.858Z] [INFO] Email broadcast worker: Every 1 minute
[2026-04-30T10:52:03.858Z] [INFO] [File Cleanup] Email attachment cleanup worker initialized (daily at 4:00 AM)
[2026-04-30T10:52:03.858Z] [INFO] Email file cleanup: Daily at 4:00 AM
[2026-04-30T10:52:03.861Z] [INFO] Plan transition job scheduled (daily at 2:00 AM)
[2026-04-30T10:52:03.862Z] [INFO] Subscription lifecycle job scheduled (every hour)
[2026-04-30T10:52:03.865Z] [INFO] Payment status sync job scheduled (daily at 1:00 AM)
[2026-04-30T10:52:03.868Z] [INFO] Reminder job scheduled (daily at 9:00 AM)
[2026-04-30T10:52:03.871Z] [INFO] Inventory expiry job scheduled (daily at 6:00 AM)
[2026-04-30T10:52:03.873Z] [INFO] Scheduled broadcasts job initialized (every 5 minutes)
[2026-04-30T10:52:03.892Z] [INFO] All cron jobs initialized:
[2026-04-30T10:52:03.892Z] [INFO]   - Session cleanup: Every hour
[2026-04-30T10:52:03.892Z] [INFO]   - Payment status sync: Daily at 1:00 AM
[2026-04-30T10:52:03.892Z] [INFO]   - Subscription lifecycle + emails: Every hour
[2026-04-30T10:52:03.892Z] [INFO]   - Plan transition: Daily at 2:00 AM
[2026-04-30T10:52:03.892Z] [INFO]   - Inventory expiry checks + alerts: Daily at 6:00 AM
[2026-04-30T10:52:03.892Z] [INFO]   - Reminder emails (7d/3d/final): Daily at 9:00 AM
[2026-04-30T10:52:03.892Z] [INFO]   - Incomplete users cleanup: Daily at 3:15 AM
[2026-04-30T10:52:03.892Z] [INFO]   - Pending users cleanup: Daily at 3:00 AM
[2026-04-30T10:52:03.892Z] [INFO]   - Scheduled broadcasts: Every 5 minutes
[2026-04-30T10:52:03.892Z] [INFO]   - Deletion logs cleanup: Daily at 3:30 AM
[2026-04-30T10:52:03.892Z] [INFO]   - OTP daily limits cleanup: Daily at 3:45 AM
[2026-04-30T10:53:23.994Z] [INFO] Instance ID: DESKTOP-I1JLQUS-16872-c9c74903
[2026-04-30T10:53:23.993Z] [INFO] Initializing cron jobs...
[2026-04-30T10:53:23.998Z] [INFO] [Email Cron] Email broadcast worker initialized (every 1 minute)
[2026-04-30T10:53:23.994Z] [INFO] Distributed locking: ENABLED
[2026-04-30T10:53:24.001Z] [INFO] Email file cleanup: Daily at 4:00 AM
[2026-04-30T10:53:24.001Z] [INFO] Email broadcast worker: Every 1 minute
[2026-04-30T10:53:24.007Z] [INFO] Subscription lifecycle job scheduled (every hour)
[2026-04-30T10:53:24.004Z] [INFO] Plan transition job scheduled (daily at 2:00 AM)
[2026-04-30T10:53:24.001Z] [INFO] [File Cleanup] Email attachment cleanup worker initialized (daily at 4:00 AM)
[2026-04-30T10:53:24.011Z] [INFO] Payment status sync job scheduled (daily at 1:00 AM)
[2026-04-30T10:53:24.019Z] [INFO] Inventory expiry job scheduled (daily at 6:00 AM)
[2026-04-30T10:53:24.016Z] [INFO] Reminder job scheduled (daily at 9:00 AM)
[2026-04-30T10:53:24.024Z] [INFO] Scheduled broadcasts job initialized (every 5 minutes)
[2026-04-30T10:53:24.035Z] [INFO] All cron jobs initialized:
[2026-04-30T10:53:24.035Z] [INFO]   - Plan transition: Daily at 2:00 AM
[2026-04-30T10:53:24.035Z] [INFO]   - Session cleanup: Every hour
[2026-04-30T10:53:24.035Z] [INFO]   - Payment status sync: Daily at 1:00 AM
[2026-04-30T10:53:24.035Z] [INFO]   - Pending users cleanup: Daily at 3:00 AM
[2026-04-30T10:53:24.035Z] [INFO]   - Incomplete users cleanup: Daily at 3:15 AM
[2026-04-30T10:53:24.035Z] [INFO]   - Subscription lifecycle + emails: Every hour
[2026-04-30T10:53:24.035Z] [INFO]   - Deletion logs cleanup: Daily at 3:30 AM
[2026-04-30T10:53:24.035Z] [INFO]   - Inventory expiry checks + alerts: Daily at 6:00 AM
[2026-04-30T10:53:24.035Z] [INFO]   - Reminder emails (7d/3d/final): Daily at 9:00 AM
[2026-04-30T10:53:24.035Z] [INFO]   - OTP daily limits cleanup: Daily at 3:45 AM
[2026-04-30T10:53:24.035Z] [INFO]   - Scheduled broadcasts: Every 5 minutes
[2026-04-30T10:53:27.292Z] [INFO] Instance ID: DESKTOP-I1JLQUS-20168-a324679f
[2026-04-30T10:53:27.291Z] [INFO] Initializing cron jobs...
[2026-04-30T10:53:27.296Z] [INFO] [Email Cron] Email broadcast worker initialized (every 1 minute)
[2026-04-30T10:53:27.300Z] [INFO] [File Cleanup] Email attachment cleanup worker initialized (daily at 4:00 AM)
[2026-04-30T10:53:27.292Z] [INFO] Distributed locking: ENABLED
[2026-04-30T10:53:27.301Z] [INFO] Email broadcast worker: Every 1 minute
[2026-04-30T10:53:27.303Z] [INFO] Plan transition job scheduled (daily at 2:00 AM)
[2026-04-30T10:53:27.306Z] [INFO] Subscription lifecycle job scheduled (every hour)
[2026-04-30T10:53:27.301Z] [INFO] Email file cleanup: Daily at 4:00 AM
[2026-04-30T10:53:27.308Z] [INFO] Payment status sync job scheduled (daily at 1:00 AM)
[2026-04-30T10:53:27.310Z] [INFO] Reminder job scheduled (daily at 9:00 AM)
[2026-04-30T10:53:27.313Z] [INFO] Inventory expiry job scheduled (daily at 6:00 AM)
[2026-04-30T10:53:27.315Z] [INFO] Scheduled broadcasts job initialized (every 5 minutes)
[2026-04-30T10:53:27.324Z] [INFO]   - Session cleanup: Every hour
[2026-04-30T10:53:27.324Z] [INFO] All cron jobs initialized:
[2026-04-30T10:53:27.324Z] [INFO]   - Plan transition: Daily at 2:00 AM
[2026-04-30T10:53:27.324Z] [INFO]   - Payment status sync: Daily at 1:00 AM
[2026-04-30T10:53:27.324Z] [INFO]   - Inventory expiry checks + alerts: Daily at 6:00 AM
[2026-04-30T10:53:27.324Z] [INFO]   - Reminder emails (7d/3d/final): Daily at 9:00 AM
[2026-04-30T10:53:27.324Z] [INFO]   - Pending users cleanup: Daily at 3:00 AM
[2026-04-30T10:53:27.324Z] [INFO]   - Subscription lifecycle + emails: Every hour
[2026-04-30T10:53:27.324Z] [INFO]   - Incomplete users cleanup: Daily at 3:15 AM
[2026-04-30T10:53:27.324Z] [INFO]   - Deletion logs cleanup: Daily at 3:30 AM
[2026-04-30T10:53:27.324Z] [INFO]   - OTP daily limits cleanup: Daily at 3:45 AM
[2026-04-30T10:53:27.324Z] [INFO]   - Scheduled broadcasts: Every 5 minutes
[2026-04-30T10:53:29.980Z] [INFO] Initializing cron jobs...
[2026-04-30T10:53:29.980Z] [INFO] Instance ID: DESKTOP-I1JLQUS-17104-fe8f364f
[2026-04-30T10:53:29.980Z] [INFO] Distributed locking: ENABLED
[2026-04-30T10:53:29.987Z] [INFO] [Email Cron] Email broadcast worker initialized (every 1 minute)
[2026-04-30T10:53:29.991Z] [INFO] [File Cleanup] Email attachment cleanup worker initialized (daily at 4:00 AM)
[2026-04-30T10:53:29.991Z] [INFO] Email broadcast worker: Every 1 minute
[2026-04-30T10:53:29.991Z] [INFO] Email file cleanup: Daily at 4:00 AM
[2026-04-30T10:53:29.993Z] [INFO] Plan transition job scheduled (daily at 2:00 AM)
[2026-04-30T10:53:29.996Z] [INFO] Subscription lifecycle job scheduled (every hour)
[2026-04-30T10:53:29.998Z] [INFO] Payment status sync job scheduled (daily at 1:00 AM)
[2026-04-30T10:53:30.001Z] [INFO] Reminder job scheduled (daily at 9:00 AM)
[2026-04-30T10:53:30.005Z] [INFO] Inventory expiry job scheduled (daily at 6:00 AM)
[2026-04-30T10:53:30.010Z] [INFO] Scheduled broadcasts job initialized (every 5 minutes)
[2026-04-30T10:53:30.022Z] [INFO] All cron jobs initialized:
[2026-04-30T10:53:30.022Z] [INFO]   - Plan transition: Daily at 2:00 AM
[2026-04-30T10:53:30.022Z] [INFO]   - Subscription lifecycle + emails: Every hour
[2026-04-30T10:53:30.022Z] [INFO]   - Inventory expiry checks + alerts: Daily at 6:00 AM
[2026-04-30T10:53:30.022Z] [INFO]   - Payment status sync: Daily at 1:00 AM
[2026-04-30T10:53:30.022Z] [INFO]   - Reminder emails (7d/3d/final): Daily at 9:00 AM
[2026-04-30T10:53:30.022Z] [INFO]   - Pending users cleanup: Daily at 3:00 AM
[2026-04-30T10:53:30.022Z] [INFO]   - Session cleanup: Every hour
[2026-04-30T10:53:30.022Z] [INFO]   - OTP daily limits cleanup: Daily at 3:45 AM
[2026-04-30T10:53:30.022Z] [INFO]   - Incomplete users cleanup: Daily at 3:15 AM
[2026-04-30T10:53:30.022Z] [INFO]   - Deletion logs cleanup: Daily at 3:30 AM
[2026-04-30T10:53:30.022Z] [INFO]   - Scheduled broadcasts: Every 5 minutes
[2026-04-30T10:54:58.044Z] [INFO] Initializing cron jobs...
[2026-04-30T10:54:58.045Z] [INFO] Distributed locking: ENABLED
[2026-04-30T10:54:58.045Z] [INFO] Instance ID: DESKTOP-I1JLQUS-15480-8fb41ef2
[2026-04-30T10:54:58.051Z] [INFO] [Email Cron] Email broadcast worker initialized (every 1 minute)
[2026-04-30T10:54:58.054Z] [INFO] [File Cleanup] Email attachment cleanup worker initialized (daily at 4:00 AM)
[2026-04-30T10:54:58.058Z] [INFO] Plan transition job scheduled (daily at 2:00 AM)
[2026-04-30T10:54:58.061Z] [INFO] Subscription lifecycle job scheduled (every hour)
[2026-04-30T10:54:58.064Z] [INFO] Payment status sync job scheduled (daily at 1:00 AM)
[2026-04-30T10:54:58.067Z] [INFO] Reminder job scheduled (daily at 9:00 AM)
[2026-04-30T10:54:58.071Z] [INFO] Inventory expiry job scheduled (daily at 6:00 AM)
[2026-04-30T10:54:58.074Z] [INFO] Scheduled broadcasts job initialized (every 5 minutes)
[2026-04-30T10:54:58.091Z] [INFO]   - Plan transition: Daily at 2:00 AM
[2026-04-30T10:54:58.091Z] [INFO]   - Session cleanup: Every hour
[2026-04-30T10:54:58.091Z] [INFO]   - Subscription lifecycle + emails: Every hour
[2026-04-30T10:54:58.091Z] [INFO]   - Payment status sync: Daily at 1:00 AM
[2026-04-30T10:54:58.091Z] [INFO]   - Inventory expiry checks + alerts: Daily at 6:00 AM
[2026-04-30T10:54:58.091Z] [INFO]   - Deletion logs cleanup: Daily at 3:30 AM
[2026-04-30T10:54:58.091Z] [INFO]   - Pending users cleanup: Daily at 3:00 AM
[2026-04-30T10:54:58.091Z] [INFO]   - Reminder emails (7d/3d/final): Daily at 9:00 AM
[2026-04-30T10:54:58.091Z] [INFO]   - Incomplete users cleanup: Daily at 3:15 AM
[2026-04-30T10:54:58.091Z] [INFO]   - Scheduled broadcasts: Every 5 minutes
[2026-04-30T10:54:58.091Z] [INFO]   - OTP daily limits cleanup: Daily at 3:45 AM
[2026-04-30T10:54:58.090Z] [INFO] All cron jobs initialized:
[2026-04-30T10:54:58.055Z] [INFO] Email broadcast worker: Every 1 minute
[2026-04-30T10:54:58.055Z] [INFO] Email file cleanup: Daily at 4:00 AM
[2026-04-30T10:55:00.221Z] [INFO] Checking for scheduled broadcasts...
[2026-04-30T10:55:00.246Z] [INFO] No scheduled broadcasts due for sending
[2026-04-30T10:55:22.992Z] [INFO] Initializing cron jobs...
[2026-04-30T10:55:22.993Z] [INFO] Distributed locking: ENABLED
[2026-04-30T10:55:22.993Z] [INFO] Instance ID: DESKTOP-I1JLQUS-2132-9ee6e207
[2026-04-30T10:55:22.999Z] [INFO] [Email Cron] Email broadcast worker initialized (every 1 minute)
[2026-04-30T10:55:23.005Z] [INFO] [File Cleanup] Email attachment cleanup worker initialized (daily at 4:00 AM)
[2026-04-30T10:55:23.005Z] [INFO] Email broadcast worker: Every 1 minute
[2026-04-30T10:55:23.005Z] [INFO] Email file cleanup: Daily at 4:00 AM
[2026-04-30T10:55:23.009Z] [INFO] Plan transition job scheduled (daily at 2:00 AM)
[2026-04-30T10:55:23.013Z] [INFO] Subscription lifecycle job scheduled (every hour)
[2026-04-30T10:55:23.017Z] [INFO] Payment status sync job scheduled (daily at 1:00 AM)
[2026-04-30T10:55:23.020Z] [INFO] Reminder job scheduled (daily at 9:00 AM)
[2026-04-30T10:55:23.022Z] [INFO] Inventory expiry job scheduled (daily at 6:00 AM)
[2026-04-30T10:55:23.024Z] [INFO] Scheduled broadcasts job initialized (every 5 minutes)
[2026-04-30T10:55:23.035Z] [INFO] All cron jobs initialized:
[2026-04-30T10:55:23.036Z] [INFO]   - Session cleanup: Every hour
[2026-04-30T10:55:23.036Z] [INFO]   - Plan transition: Daily at 2:00 AM
[2026-04-30T10:55:23.036Z] [INFO]   - Payment status sync: Daily at 1:00 AM
[2026-04-30T10:55:23.036Z] [INFO]   - Inventory expiry checks + alerts: Daily at 6:00 AM
[2026-04-30T10:55:23.036Z] [INFO]   - Subscription lifecycle + emails: Every hour
[2026-04-30T10:55:23.036Z] [INFO]   - Reminder emails (7d/3d/final): Daily at 9:00 AM
[2026-04-30T10:55:23.036Z] [INFO]   - Pending users cleanup: Daily at 3:00 AM
[2026-04-30T10:55:23.036Z] [INFO]   - Incomplete users cleanup: Daily at 3:15 AM
[2026-04-30T10:55:23.036Z] [INFO]   - OTP daily limits cleanup: Daily at 3:45 AM
[2026-04-30T10:55:23.036Z] [INFO]   - Scheduled broadcasts: Every 5 minutes
[2026-04-30T10:55:23.036Z] [INFO]   - Deletion logs cleanup: Daily at 3:30 AM
[2026-04-30T10:55:27.079Z] [INFO] Initializing cron jobs...
[2026-04-30T10:55:27.080Z] [INFO] Instance ID: DESKTOP-I1JLQUS-20420-b91781c5
[2026-04-30T10:55:27.085Z] [INFO] [Email Cron] Email broadcast worker initialized (every 1 minute)
[2026-04-30T10:55:27.080Z] [INFO] Distributed locking: ENABLED
[2026-04-30T10:55:27.087Z] [INFO] Email file cleanup: Daily at 4:00 AM
[2026-04-30T10:55:27.087Z] [INFO] [File Cleanup] Email attachment cleanup worker initialized (daily at 4:00 AM)
[2026-04-30T10:55:27.089Z] [INFO] Plan transition job scheduled (daily at 2:00 AM)
[2026-04-30T10:55:27.091Z] [INFO] Subscription lifecycle job scheduled (every hour)
[2026-04-30T10:55:27.087Z] [INFO] Email broadcast worker: Every 1 minute
[2026-04-30T10:55:27.092Z] [INFO] Payment status sync job scheduled (daily at 1:00 AM)
[2026-04-30T10:55:27.094Z] [INFO] Reminder job scheduled (daily at 9:00 AM)
[2026-04-30T10:55:27.096Z] [INFO] Inventory expiry job scheduled (daily at 6:00 AM)
[2026-04-30T10:55:27.097Z] [INFO] Scheduled broadcasts job initialized (every 5 minutes)
[2026-04-30T10:55:27.107Z] [INFO]   - Session cleanup: Every hour
[2026-04-30T10:55:27.107Z] [INFO]   - Subscription lifecycle + emails: Every hour
[2026-04-30T10:55:27.107Z] [INFO]   - Plan transition: Daily at 2:00 AM
[2026-04-30T10:55:27.107Z] [INFO]   - Payment status sync: Daily at 1:00 AM
[2026-04-30T10:55:27.107Z] [INFO] All cron jobs initialized:
[2026-04-30T10:55:27.107Z] [INFO]   - Inventory expiry checks + alerts: Daily at 6:00 AM
[2026-04-30T10:55:27.107Z] [INFO]   - Reminder emails (7d/3d/final): Daily at 9:00 AM
[2026-04-30T10:55:27.107Z] [INFO]   - OTP daily limits cleanup: Daily at 3:45 AM
[2026-04-30T10:55:27.107Z] [INFO]   - Deletion logs cleanup: Daily at 3:30 AM
[2026-04-30T10:55:27.107Z] [INFO]   - Scheduled broadcasts: Every 5 minutes
[2026-04-30T10:55:27.107Z] [INFO]   - Incomplete users cleanup: Daily at 3:15 AM
[2026-04-30T10:55:27.107Z] [INFO]   - Pending users cleanup: Daily at 3:00 AM
[2026-04-30T10:55:32.802Z] [INFO] Instance ID: DESKTOP-I1JLQUS-11756-76751b4e
[2026-04-30T10:55:32.801Z] [INFO] Initializing cron jobs...
[2026-04-30T10:55:32.802Z] [INFO] Distributed locking: ENABLED
[2026-04-30T10:55:32.808Z] [INFO] [File Cleanup] Email attachment cleanup worker initialized (daily at 4:00 AM)
[2026-04-30T10:55:32.808Z] [INFO] Email file cleanup: Daily at 4:00 AM
[2026-04-30T10:55:32.810Z] [INFO] Plan transition job scheduled (daily at 2:00 AM)
[2026-04-30T10:55:32.812Z] [INFO] Subscription lifecycle job scheduled (every hour)
[2026-04-30T10:55:32.813Z] [INFO] Payment status sync job scheduled (daily at 1:00 AM)
[2026-04-30T10:55:32.817Z] [INFO] Reminder job scheduled (daily at 9:00 AM)
[2026-04-30T10:55:32.819Z] [INFO] Inventory expiry job scheduled (daily at 6:00 AM)
[2026-04-30T10:55:32.821Z] [INFO] Scheduled broadcasts job initialized (every 5 minutes)
[2026-04-30T10:55:32.831Z] [INFO] All cron jobs initialized:
[2026-04-30T10:55:32.831Z] [INFO]   - Session cleanup: Every hour
[2026-04-30T10:55:32.831Z] [INFO]   - Subscription lifecycle + emails: Every hour
[2026-04-30T10:55:32.831Z] [INFO]   - Plan transition: Daily at 2:00 AM
[2026-04-30T10:55:32.831Z] [INFO]   - Inventory expiry checks + alerts: Daily at 6:00 AM
[2026-04-30T10:55:32.831Z] [INFO]   - Payment status sync: Daily at 1:00 AM
[2026-04-30T10:55:32.831Z] [INFO]   - Reminder emails (7d/3d/final): Daily at 9:00 AM
[2026-04-30T10:55:32.831Z] [INFO]   - Incomplete users cleanup: Daily at 3:15 AM
[2026-04-30T10:55:32.831Z] [INFO]   - Pending users cleanup: Daily at 3:00 AM
[2026-04-30T10:55:32.831Z] [INFO]   - OTP daily limits cleanup: Daily at 3:45 AM
[2026-04-30T10:55:32.831Z] [INFO]   - Deletion logs cleanup: Daily at 3:30 AM
[2026-04-30T10:55:32.831Z] [INFO]   - Scheduled broadcasts: Every 5 minutes
[2026-04-30T10:55:32.808Z] [INFO] Email broadcast worker: Every 1 minute
[2026-04-30T10:55:32.806Z] [INFO] [Email Cron] Email broadcast worker initialized (every 1 minute)
[2026-04-30T10:55:37.351Z] [INFO] Initializing cron jobs...
[2026-04-30T10:55:37.352Z] [INFO] Instance ID: DESKTOP-I1JLQUS-11600-6d2e5103
[2026-04-30T10:55:37.356Z] [INFO] [Email Cron] Email broadcast worker initialized (every 1 minute)
[2026-04-30T10:55:37.352Z] [INFO] Distributed locking: ENABLED
[2026-04-30T10:55:37.358Z] [INFO] [File Cleanup] Email attachment cleanup worker initialized (daily at 4:00 AM)
[2026-04-30T10:55:37.358Z] [INFO] Email broadcast worker: Every 1 minute
[2026-04-30T10:55:37.364Z] [INFO] Payment status sync job scheduled (daily at 1:00 AM)
[2026-04-30T10:55:37.360Z] [INFO] Plan transition job scheduled (daily at 2:00 AM)
[2026-04-30T10:55:37.366Z] [INFO] Reminder job scheduled (daily at 9:00 AM)
[2026-04-30T10:55:37.368Z] [INFO] Inventory expiry job scheduled (daily at 6:00 AM)
[2026-04-30T10:55:37.370Z] [INFO] Scheduled broadcasts job initialized (every 5 minutes)
[2026-04-30T10:55:37.362Z] [INFO] Subscription lifecycle job scheduled (every hour)
[2026-04-30T10:55:37.358Z] [INFO] Email file cleanup: Daily at 4:00 AM
[2026-04-30T10:55:37.380Z] [INFO] All cron jobs initialized:
[2026-04-30T10:55:37.381Z] [INFO]   - Session cleanup: Every hour
[2026-04-30T10:55:37.381Z] [INFO]   - Plan transition: Daily at 2:00 AM
[2026-04-30T10:55:37.381Z] [INFO]   - Reminder emails (7d/3d/final): Daily at 9:00 AM
[2026-04-30T10:55:37.381Z] [INFO]   - Inventory expiry checks + alerts: Daily at 6:00 AM
[2026-04-30T10:55:37.381Z] [INFO]   - Deletion logs cleanup: Daily at 3:30 AM
[2026-04-30T10:55:37.381Z] [INFO]   - Incomplete users cleanup: Daily at 3:15 AM
[2026-04-30T10:55:37.381Z] [INFO]   - Pending users cleanup: Daily at 3:00 AM
[2026-04-30T10:55:37.381Z] [INFO]   - Subscription lifecycle + emails: Every hour
[2026-04-30T10:55:37.381Z] [INFO]   - OTP daily limits cleanup: Daily at 3:45 AM
[2026-04-30T10:55:37.381Z] [INFO]   - Scheduled broadcasts: Every 5 minutes
[2026-04-30T10:55:37.381Z] [INFO]   - Payment status sync: Daily at 1:00 AM
[2026-04-30T10:55:50.034Z] [INFO] Initializing cron jobs...
[2026-04-30T10:55:50.034Z] [INFO] Instance ID: DESKTOP-I1JLQUS-21308-1a0acea7
[2026-04-30T10:55:50.040Z] [INFO] [Email Cron] Email broadcast worker initialized (every 1 minute)
[2026-04-30T10:55:50.034Z] [INFO] Distributed locking: ENABLED
[2026-04-30T10:55:50.043Z] [INFO] [File Cleanup] Email attachment cleanup worker initialized (daily at 4:00 AM)
[2026-04-30T10:55:50.043Z] [INFO] Email file cleanup: Daily at 4:00 AM
[2026-04-30T10:55:50.043Z] [INFO] Email broadcast worker: Every 1 minute
[2026-04-30T10:55:50.045Z] [INFO] Plan transition job scheduled (daily at 2:00 AM)
[2026-04-30T10:55:50.047Z] [INFO] Subscription lifecycle job scheduled (every hour)
[2026-04-30T10:55:50.051Z] [INFO] Payment status sync job scheduled (daily at 1:00 AM)
[2026-04-30T10:55:50.054Z] [INFO] Reminder job scheduled (daily at 9:00 AM)
[2026-04-30T10:55:50.058Z] [INFO] Inventory expiry job scheduled (daily at 6:00 AM)
[2026-04-30T10:55:50.062Z] [INFO] Scheduled broadcasts job initialized (every 5 minutes)
[2026-04-30T10:55:50.077Z] [INFO] All cron jobs initialized:
[2026-04-30T10:55:50.077Z] [INFO]   - Subscription lifecycle + emails: Every hour
[2026-04-30T10:55:50.077Z] [INFO]   - Session cleanup: Every hour
[2026-04-30T10:55:50.077Z] [INFO]   - Plan transition: Daily at 2:00 AM
[2026-04-30T10:55:50.077Z] [INFO]   - Payment status sync: Daily at 1:00 AM
[2026-04-30T10:55:50.077Z] [INFO]   - Reminder emails (7d/3d/final): Daily at 9:00 AM
[2026-04-30T10:55:50.077Z] [INFO]   - Inventory expiry checks + alerts: Daily at 6:00 AM
[2026-04-30T10:55:50.077Z] [INFO]   - Pending users cleanup: Daily at 3:00 AM
[2026-04-30T10:55:50.077Z] [INFO]   - Incomplete users cleanup: Daily at 3:15 AM
[2026-04-30T10:55:50.077Z] [INFO]   - Scheduled broadcasts: Every 5 minutes
[2026-04-30T10:55:50.077Z] [INFO]   - OTP daily limits cleanup: Daily at 3:45 AM
[2026-04-30T10:55:50.077Z] [INFO]   - Deletion logs cleanup: Daily at 3:30 AM
[2026-04-30T10:56:08.536Z] [INFO] Initializing cron jobs...
[2026-04-30T10:56:08.536Z] [INFO] Instance ID: DESKTOP-I1JLQUS-21952-ddd29caa
[2026-04-30T10:56:08.536Z] [INFO] Distributed locking: ENABLED
[2026-04-30T10:56:08.546Z] [INFO] [File Cleanup] Email attachment cleanup worker initialized (daily at 4:00 AM)
[2026-04-30T10:56:08.544Z] [INFO] [Email Cron] Email broadcast worker initialized (every 1 minute)
[2026-04-30T10:56:08.546Z] [INFO] Email broadcast worker: Every 1 minute
[2026-04-30T10:56:08.553Z] [INFO] Subscription lifecycle job scheduled (every hour)
[2026-04-30T10:56:08.556Z] [INFO] Payment status sync job scheduled (daily at 1:00 AM)
[2026-04-30T10:56:08.561Z] [INFO] Reminder job scheduled (daily at 9:00 AM)
[2026-04-30T10:56:08.549Z] [INFO] Plan transition job scheduled (daily at 2:00 AM)
[2026-04-30T10:56:08.565Z] [INFO] Inventory expiry job scheduled (daily at 6:00 AM)
[2026-04-30T10:56:08.568Z] [INFO] Scheduled broadcasts job initialized (every 5 minutes)
[2026-04-30T10:56:08.546Z] [INFO] Email file cleanup: Daily at 4:00 AM
[2026-04-30T10:56:08.578Z] [INFO]   - Subscription lifecycle + emails: Every hour
[2026-04-30T10:56:08.577Z] [INFO] All cron jobs initialized:
[2026-04-30T10:56:08.578Z] [INFO]   - Plan transition: Daily at 2:00 AM
[2026-04-30T10:56:08.578Z] [INFO]   - Pending users cleanup: Daily at 3:00 AM
[2026-04-30T10:56:08.578Z] [INFO]   - Payment status sync: Daily at 1:00 AM
[2026-04-30T10:56:08.578Z] [INFO]   - Inventory expiry checks + alerts: Daily at 6:00 AM
[2026-04-30T10:56:08.578Z] [INFO]   - Session cleanup: Every hour
[2026-04-30T10:56:08.578Z] [INFO]   - Incomplete users cleanup: Daily at 3:15 AM
[2026-04-30T10:56:08.578Z] [INFO]   - Reminder emails (7d/3d/final): Daily at 9:00 AM
[2026-04-30T10:56:08.578Z] [INFO]   - Deletion logs cleanup: Daily at 3:30 AM
[2026-04-30T10:56:08.578Z] [INFO]   - OTP daily limits cleanup: Daily at 3:45 AM
[2026-04-30T10:56:08.578Z] [INFO]   - Scheduled broadcasts: Every 5 minutes
[2026-04-30T10:56:10.902Z] [INFO] Initializing cron jobs...
[2026-04-30T10:56:10.902Z] [INFO] Instance ID: DESKTOP-I1JLQUS-18800-e94a9292
[2026-04-30T10:56:10.902Z] [INFO] Distributed locking: ENABLED
[2026-04-30T10:56:10.907Z] [INFO] [Email Cron] Email broadcast worker initialized (every 1 minute)
[2026-04-30T10:56:10.908Z] [INFO] [File Cleanup] Email attachment cleanup worker initialized (daily at 4:00 AM)
[2026-04-30T10:56:10.910Z] [INFO] Plan transition job scheduled (daily at 2:00 AM)
[2026-04-30T10:56:10.908Z] [INFO] Email broadcast worker: Every 1 minute
[2026-04-30T10:56:10.912Z] [INFO] Subscription lifecycle job scheduled (every hour)
[2026-04-30T10:56:10.908Z] [INFO] Email file cleanup: Daily at 4:00 AM
[2026-04-30T10:56:10.915Z] [INFO] Payment status sync job scheduled (daily at 1:00 AM)
[2026-04-30T10:56:10.917Z] [INFO] Reminder job scheduled (daily at 9:00 AM)
[2026-04-30T10:56:10.919Z] [INFO] Inventory expiry job scheduled (daily at 6:00 AM)
[2026-04-30T10:56:10.922Z] [INFO] Scheduled broadcasts job initialized (every 5 minutes)
[2026-04-30T10:56:10.931Z] [INFO] All cron jobs initialized:
[2026-04-30T10:56:10.931Z] [INFO]   - Session cleanup: Every hour
[2026-04-30T10:56:10.931Z] [INFO]   - Plan transition: Daily at 2:00 AM
[2026-04-30T10:56:10.931Z] [INFO]   - Payment status sync: Daily at 1:00 AM
[2026-04-30T10:56:10.931Z] [INFO]   - Inventory expiry checks + alerts: Daily at 6:00 AM
[2026-04-30T10:56:10.931Z] [INFO]   - Subscription lifecycle + emails: Every hour
[2026-04-30T10:56:10.931Z] [INFO]   - Reminder emails (7d/3d/final): Daily at 9:00 AM
[2026-04-30T10:56:10.931Z] [INFO]   - Pending users cleanup: Daily at 3:00 AM
[2026-04-30T10:56:10.931Z] [INFO]   - Deletion logs cleanup: Daily at 3:30 AM
[2026-04-30T10:56:10.931Z] [INFO]   - Incomplete users cleanup: Daily at 3:15 AM
[2026-04-30T10:56:10.931Z] [INFO]   - Scheduled broadcasts: Every 5 minutes
[2026-04-30T10:56:10.931Z] [INFO]   - OTP daily limits cleanup: Daily at 3:45 AM
[2026-04-30T10:56:33.819Z] [INFO] Initializing cron jobs...
[2026-04-30T10:56:33.819Z] [INFO] Instance ID: DESKTOP-I1JLQUS-25004-c0448fc0
[2026-04-30T10:56:33.819Z] [INFO] Distributed locking: ENABLED
[2026-04-30T10:56:33.824Z] [INFO] [Email Cron] Email broadcast worker initialized (every 1 minute)
[2026-04-30T10:56:33.827Z] [INFO] Email file cleanup: Daily at 4:00 AM
[2026-04-30T10:56:33.827Z] [INFO] [File Cleanup] Email attachment cleanup worker initialized (daily at 4:00 AM)
[2026-04-30T10:56:33.827Z] [INFO] Email broadcast worker: Every 1 minute
[2026-04-30T10:56:33.833Z] [INFO] Subscription lifecycle job scheduled (every hour)
[2026-04-30T10:56:33.831Z] [INFO] Plan transition job scheduled (daily at 2:00 AM)
[2026-04-30T10:56:33.837Z] [INFO] Payment status sync job scheduled (daily at 1:00 AM)
[2026-04-30T10:56:33.840Z] [INFO] Reminder job scheduled (daily at 9:00 AM)
[2026-04-30T10:56:33.842Z] [INFO] Inventory expiry job scheduled (daily at 6:00 AM)
[2026-04-30T10:56:33.846Z] [INFO] Scheduled broadcasts job initialized (every 5 minutes)
[2026-04-30T10:56:33.856Z] [INFO]   - Plan transition: Daily at 2:00 AM
[2026-04-30T10:56:33.856Z] [INFO]   - Session cleanup: Every hour
[2026-04-30T10:56:33.856Z] [INFO]   - Subscription lifecycle + emails: Every hour
[2026-04-30T10:56:33.855Z] [INFO] All cron jobs initialized:
[2026-04-30T10:56:33.856Z] [INFO]   - Reminder emails (7d/3d/final): Daily at 9:00 AM
[2026-04-30T10:56:33.856Z] [INFO]   - Inventory expiry checks + alerts: Daily at 6:00 AM
[2026-04-30T10:56:33.856Z] [INFO]   - Payment status sync: Daily at 1:00 AM
[2026-04-30T10:56:33.856Z] [INFO]   - Pending users cleanup: Daily at 3:00 AM
[2026-04-30T10:56:33.856Z] [INFO]   - Deletion logs cleanup: Daily at 3:30 AM
[2026-04-30T10:56:33.856Z] [INFO]   - Scheduled broadcasts: Every 5 minutes
[2026-04-30T10:56:33.856Z] [INFO]   - Incomplete users cleanup: Daily at 3:15 AM
[2026-04-30T10:56:33.856Z] [INFO]   - OTP daily limits cleanup: Daily at 3:45 AM
[2026-04-30T10:56:41.291Z] [INFO] Initializing cron jobs...
[2026-04-30T10:56:41.291Z] [INFO] Instance ID: DESKTOP-I1JLQUS-8160-25a3038c
[2026-04-30T10:56:41.295Z] [INFO] [Email Cron] Email broadcast worker initialized (every 1 minute)
[2026-04-30T10:56:41.291Z] [INFO] Distributed locking: ENABLED
[2026-04-30T10:56:41.297Z] [INFO] Email broadcast worker: Every 1 minute
[2026-04-30T10:56:41.297Z] [INFO] [File Cleanup] Email attachment cleanup worker initialized (daily at 4:00 AM)
[2026-04-30T10:56:41.297Z] [INFO] Email file cleanup: Daily at 4:00 AM
[2026-04-30T10:56:41.300Z] [INFO] Plan transition job scheduled (daily at 2:00 AM)
[2026-04-30T10:56:41.302Z] [INFO] Subscription lifecycle job scheduled (every hour)
[2026-04-30T10:56:41.305Z] [INFO] Reminder job scheduled (daily at 9:00 AM)
[2026-04-30T10:56:41.304Z] [INFO] Payment status sync job scheduled (daily at 1:00 AM)
[2026-04-30T10:56:41.307Z] [INFO] Inventory expiry job scheduled (daily at 6:00 AM)
[2026-04-30T10:56:41.318Z] [INFO] All cron jobs initialized:
[2026-04-30T10:56:41.310Z] [INFO] Scheduled broadcasts job initialized (every 5 minutes)
[2026-04-30T10:56:41.318Z] [INFO]   - Subscription lifecycle + emails: Every hour
[2026-04-30T10:56:41.318Z] [INFO]   - Session cleanup: Every hour
[2026-04-30T10:56:41.318Z] [INFO]   - Payment status sync: Daily at 1:00 AM
[2026-04-30T10:56:41.318Z] [INFO]   - Plan transition: Daily at 2:00 AM
[2026-04-30T10:56:41.318Z] [INFO]   - Inventory expiry checks + alerts: Daily at 6:00 AM
[2026-04-30T10:56:41.318Z] [INFO]   - Reminder emails (7d/3d/final): Daily at 9:00 AM
[2026-04-30T10:56:41.318Z] [INFO]   - Pending users cleanup: Daily at 3:00 AM
[2026-04-30T10:56:41.318Z] [INFO]   - Incomplete users cleanup: Daily at 3:15 AM
[2026-04-30T10:56:41.318Z] [INFO]   - Deletion logs cleanup: Daily at 3:30 AM
[2026-04-30T10:56:41.318Z] [INFO]   - Scheduled broadcasts: Every 5 minutes
[2026-04-30T10:56:41.318Z] [INFO]   - OTP daily limits cleanup: Daily at 3:45 AM
[2026-04-30T10:56:48.358Z] [INFO] Distributed locking: ENABLED
[2026-04-30T10:56:48.357Z] [INFO] Initializing cron jobs...
[2026-04-30T10:56:48.358Z] [INFO] Instance ID: DESKTOP-I1JLQUS-6568-603316cb
[2026-04-30T10:56:48.366Z] [INFO] [File Cleanup] Email attachment cleanup worker initialized (daily at 4:00 AM)
[2026-04-30T10:56:48.362Z] [INFO] [Email Cron] Email broadcast worker initialized (every 1 minute)
[2026-04-30T10:56:48.371Z] [INFO] Plan transition job scheduled (daily at 2:00 AM)
[2026-04-30T10:56:48.366Z] [INFO] Email broadcast worker: Every 1 minute
[2026-04-30T10:56:48.374Z] [INFO] Subscription lifecycle job scheduled (every hour)
[2026-04-30T10:56:48.366Z] [INFO] Email file cleanup: Daily at 4:00 AM
[2026-04-30T10:56:48.376Z] [INFO] Payment status sync job scheduled (daily at 1:00 AM)
[2026-04-30T10:56:48.380Z] [INFO] Reminder job scheduled (daily at 9:00 AM)
[2026-04-30T10:56:48.382Z] [INFO] Inventory expiry job scheduled (daily at 6:00 AM)
[2026-04-30T10:56:48.384Z] [INFO] Scheduled broadcasts job initialized (every 5 minutes)
[2026-04-30T10:56:48.391Z] [INFO] All cron jobs initialized:
[2026-04-30T10:56:48.391Z] [INFO]   - Session cleanup: Every hour
[2026-04-30T10:56:48.391Z] [INFO]   - Plan transition: Daily at 2:00 AM
[2026-04-30T10:56:48.391Z] [INFO]   - Subscription lifecycle + emails: Every hour
[2026-04-30T10:56:48.391Z] [INFO]   - Reminder emails (7d/3d/final): Daily at 9:00 AM
[2026-04-30T10:56:48.391Z] [INFO]   - Inventory expiry checks + alerts: Daily at 6:00 AM
[2026-04-30T10:56:48.391Z] [INFO]   - Deletion logs cleanup: Daily at 3:30 AM
[2026-04-30T10:56:48.391Z] [INFO]   - Pending users cleanup: Daily at 3:00 AM
[2026-04-30T10:56:48.391Z] [INFO]   - OTP daily limits cleanup: Daily at 3:45 AM
[2026-04-30T10:56:48.391Z] [INFO]   - Scheduled broadcasts: Every 5 minutes
[2026-04-30T10:56:48.391Z] [INFO]   - Payment status sync: Daily at 1:00 AM
[2026-04-30T10:56:48.391Z] [INFO]   - Incomplete users cleanup: Daily at 3:15 AM
[2026-04-30T10:56:51.269Z] [INFO] Initializing cron jobs...
[2026-04-30T10:56:51.270Z] [INFO] Distributed locking: ENABLED
[2026-04-30T10:56:51.270Z] [INFO] Instance ID: DESKTOP-I1JLQUS-12060-e1985499
[2026-04-30T10:56:51.276Z] [INFO] [File Cleanup] Email attachment cleanup worker initialized (daily at 4:00 AM)
[2026-04-30T10:56:51.274Z] [INFO] [Email Cron] Email broadcast worker initialized (every 1 minute)
[2026-04-30T10:56:51.276Z] [INFO] Email broadcast worker: Every 1 minute
[2026-04-30T10:56:51.278Z] [INFO] Plan transition job scheduled (daily at 2:00 AM)
[2026-04-30T10:56:51.279Z] [INFO] Subscription lifecycle job scheduled (every hour)
[2026-04-30T10:56:51.281Z] [INFO] Payment status sync job scheduled (daily at 1:00 AM)
[2026-04-30T10:56:51.276Z] [INFO] Email file cleanup: Daily at 4:00 AM
[2026-04-30T10:56:51.283Z] [INFO] Reminder job scheduled (daily at 9:00 AM)
[2026-04-30T10:56:51.296Z] [INFO] All cron jobs initialized:
[2026-04-30T10:56:51.288Z] [INFO] Scheduled broadcasts job initialized (every 5 minutes)
[2026-04-30T10:56:51.296Z] [INFO]   - Payment status sync: Daily at 1:00 AM
[2026-04-30T10:56:51.296Z] [INFO]   - Session cleanup: Every hour
[2026-04-30T10:56:51.285Z] [INFO] Inventory expiry job scheduled (daily at 6:00 AM)
[2026-04-30T10:56:51.296Z] [INFO]   - Inventory expiry checks + alerts: Daily at 6:00 AM
[2026-04-30T10:56:51.296Z] [INFO]   - Pending users cleanup: Daily at 3:00 AM
[2026-04-30T10:56:51.296Z] [INFO]   - Deletion logs cleanup: Daily at 3:30 AM
[2026-04-30T10:56:51.296Z] [INFO]   - Incomplete users cleanup: Daily at 3:15 AM
[2026-04-30T10:56:51.296Z] [INFO]   - Scheduled broadcasts: Every 5 minutes
[2026-04-30T10:56:51.296Z] [INFO]   - OTP daily limits cleanup: Daily at 3:45 AM
[2026-04-30T10:56:51.296Z] [INFO]   - Subscription lifecycle + emails: Every hour
[2026-04-30T10:56:51.296Z] [INFO]   - Reminder emails (7d/3d/final): Daily at 9:00 AM
[2026-04-30T10:56:51.296Z] [INFO]   - Plan transition: Daily at 2:00 AM
[2026-04-30T10:56:58.948Z] [INFO] Initializing cron jobs...
[2026-04-30T10:56:58.949Z] [INFO] Instance ID: DESKTOP-I1JLQUS-23744-127e5925
[2026-04-30T10:56:58.949Z] [INFO] Distributed locking: ENABLED
[2026-04-30T10:56:58.955Z] [INFO] [Email Cron] Email broadcast worker initialized (every 1 minute)
[2026-04-30T10:56:58.958Z] [INFO] Email broadcast worker: Every 1 minute
[2026-04-30T10:56:58.957Z] [INFO] [File Cleanup] Email attachment cleanup worker initialized (daily at 4:00 AM)
[2026-04-30T10:56:58.958Z] [INFO] Email file cleanup: Daily at 4:00 AM
[2026-04-30T10:56:58.960Z] [INFO] Plan transition job scheduled (daily at 2:00 AM)
[2026-04-30T10:56:58.962Z] [INFO] Subscription lifecycle job scheduled (every hour)
[2026-04-30T10:56:58.965Z] [INFO] Payment status sync job scheduled (daily at 1:00 AM)
[2026-04-30T10:56:58.966Z] [INFO] Reminder job scheduled (daily at 9:00 AM)
[2026-04-30T10:56:58.969Z] [INFO] Inventory expiry job scheduled (daily at 6:00 AM)
[2026-04-30T10:56:58.971Z] [INFO] Scheduled broadcasts job initialized (every 5 minutes)
[2026-04-30T10:56:58.979Z] [INFO] All cron jobs initialized:
[2026-04-30T10:56:58.980Z] [INFO]   - Session cleanup: Every hour
[2026-04-30T10:56:58.980Z] [INFO]   - Subscription lifecycle + emails: Every hour
[2026-04-30T10:56:58.980Z] [INFO]   - Plan transition: Daily at 2:00 AM
[2026-04-30T10:56:58.980Z] [INFO]   - Payment status sync: Daily at 1:00 AM
[2026-04-30T10:56:58.980Z] [INFO]   - Reminder emails (7d/3d/final): Daily at 9:00 AM
[2026-04-30T10:56:58.980Z] [INFO]   - Inventory expiry checks + alerts: Daily at 6:00 AM
[2026-04-30T10:56:58.980Z] [INFO]   - Pending users cleanup: Daily at 3:00 AM
[2026-04-30T10:56:58.980Z] [INFO]   - Deletion logs cleanup: Daily at 3:30 AM
[2026-04-30T10:56:58.980Z] [INFO]   - Incomplete users cleanup: Daily at 3:15 AM
[2026-04-30T10:56:58.980Z] [INFO]   - OTP daily limits cleanup: Daily at 3:45 AM
[2026-04-30T10:56:58.980Z] [INFO]   - Scheduled broadcasts: Every 5 minutes
[2026-04-30T10:57:13.374Z] [INFO] Initializing cron jobs...
[2026-04-30T10:57:13.375Z] [INFO] Distributed locking: ENABLED
[2026-04-30T10:57:13.383Z] [INFO] [Email Cron] Email broadcast worker initialized (every 1 minute)
[2026-04-30T10:57:13.387Z] [INFO] Email broadcast worker: Every 1 minute
[2026-04-30T10:57:13.387Z] [INFO] [File Cleanup] Email attachment cleanup worker initialized (daily at 4:00 AM)
[2026-04-30T10:57:13.387Z] [INFO] Email file cleanup: Daily at 4:00 AM
[2026-04-30T10:57:13.375Z] [INFO] Instance ID: DESKTOP-I1JLQUS-22612-d180f44e
[2026-04-30T10:57:13.394Z] [INFO] Subscription lifecycle job scheduled (every hour)
[2026-04-30T10:57:13.398Z] [INFO] Payment status sync job scheduled (daily at 1:00 AM)
[2026-04-30T10:57:13.403Z] [INFO] Inventory expiry job scheduled (daily at 6:00 AM)
[2026-04-30T10:57:13.401Z] [INFO] Reminder job scheduled (daily at 9:00 AM)
[2026-04-30T10:57:13.405Z] [INFO] Scheduled broadcasts job initialized (every 5 minutes)
[2026-04-30T10:57:13.392Z] [INFO] Plan transition job scheduled (daily at 2:00 AM)
[2026-04-30T10:57:13.414Z] [INFO]   - Session cleanup: Every hour
[2026-04-30T10:57:13.414Z] [INFO]   - Subscription lifecycle + emails: Every hour
[2026-04-30T10:57:13.414Z] [INFO]   - Payment status sync: Daily at 1:00 AM
[2026-04-30T10:57:13.414Z] [INFO]   - Inventory expiry checks + alerts: Daily at 6:00 AM
[2026-04-30T10:57:13.414Z] [INFO] All cron jobs initialized:
[2026-04-30T10:57:13.414Z] [INFO]   - Reminder emails (7d/3d/final): Daily at 9:00 AM
[2026-04-30T10:57:13.414Z] [INFO]   - Pending users cleanup: Daily at 3:00 AM
[2026-04-30T10:57:13.414Z] [INFO]   - Plan transition: Daily at 2:00 AM
[2026-04-30T10:57:13.414Z] [INFO]   - Incomplete users cleanup: Daily at 3:15 AM
[2026-04-30T10:57:13.414Z] [INFO]   - Scheduled broadcasts: Every 5 minutes
[2026-04-30T10:57:13.414Z] [INFO]   - Deletion logs cleanup: Daily at 3:30 AM
[2026-04-30T10:57:13.414Z] [INFO]   - OTP daily limits cleanup: Daily at 3:45 AM
[2026-04-30T10:57:39.288Z] [INFO] Initializing cron jobs...
[2026-04-30T10:57:39.289Z] [INFO] Distributed locking: ENABLED
[2026-04-30T10:57:39.288Z] [INFO] Instance ID: DESKTOP-I1JLQUS-6460-56801efc
[2026-04-30T10:57:39.294Z] [INFO] [Email Cron] Email broadcast worker initialized (every 1 minute)
[2026-04-30T10:57:39.297Z] [INFO] [File Cleanup] Email attachment cleanup worker initialized (daily at 4:00 AM)
[2026-04-30T10:57:39.297Z] [INFO] Email broadcast worker: Every 1 minute
[2026-04-30T10:57:39.297Z] [INFO] Email file cleanup: Daily at 4:00 AM
[2026-04-30T10:57:39.301Z] [INFO] Plan transition job scheduled (daily at 2:00 AM)
[2026-04-30T10:57:39.305Z] [INFO] Subscription lifecycle job scheduled (every hour)
[2026-04-30T10:57:39.309Z] [INFO] Payment status sync job scheduled (daily at 1:00 AM)
[2026-04-30T10:57:39.311Z] [INFO] Reminder job scheduled (daily at 9:00 AM)
[2026-04-30T10:57:39.313Z] [INFO] Inventory expiry job scheduled (daily at 6:00 AM)
[2026-04-30T10:57:39.315Z] [INFO] Scheduled broadcasts job initialized (every 5 minutes)
[2026-04-30T10:57:39.324Z] [INFO]   - Session cleanup: Every hour
[2026-04-30T10:57:39.324Z] [INFO]   - Subscription lifecycle + emails: Every hour
[2026-04-30T10:57:39.324Z] [INFO]   - Plan transition: Daily at 2:00 AM
[2026-04-30T10:57:39.324Z] [INFO] All cron jobs initialized:
[2026-04-30T10:57:39.324Z] [INFO]   - Payment status sync: Daily at 1:00 AM
[2026-04-30T10:57:39.324Z] [INFO]   - Inventory expiry checks + alerts: Daily at 6:00 AM
[2026-04-30T10:57:39.324Z] [INFO]   - Reminder emails (7d/3d/final): Daily at 9:00 AM
[2026-04-30T10:57:39.324Z] [INFO]   - Pending users cleanup: Daily at 3:00 AM
[2026-04-30T10:57:39.324Z] [INFO]   - Deletion logs cleanup: Daily at 3:30 AM
[2026-04-30T10:57:39.324Z] [INFO]   - Incomplete users cleanup: Daily at 3:15 AM
[2026-04-30T10:57:39.324Z] [INFO]   - Scheduled broadcasts: Every 5 minutes
[2026-04-30T10:57:39.324Z] [INFO]   - OTP daily limits cleanup: Daily at 3:45 AM
[2026-04-30T10:57:53.993Z] [INFO] Distributed locking: ENABLED
[2026-04-30T10:57:53.992Z] [INFO] Instance ID: DESKTOP-I1JLQUS-22608-0c07ca85
[2026-04-30T10:57:53.992Z] [INFO] Initializing cron jobs...
[2026-04-30T10:57:54.009Z] [INFO] Email file cleanup: Daily at 4:00 AM
[2026-04-30T10:57:54.005Z] [INFO] [Email Cron] Email broadcast worker initialized (every 1 minute)
[2026-04-30T10:57:54.012Z] [INFO] Plan transition job scheduled (daily at 2:00 AM)
[2026-04-30T10:57:54.008Z] [INFO] [File Cleanup] Email attachment cleanup worker initialized (daily at 4:00 AM)
[2026-04-30T10:57:54.015Z] [INFO] Subscription lifecycle job scheduled (every hour)
[2026-04-30T10:57:54.009Z] [INFO] Email broadcast worker: Every 1 minute
[2026-04-30T10:57:54.023Z] [INFO] Scheduled broadcasts job initialized (every 5 minutes)
[2026-04-30T10:57:54.017Z] [INFO] Payment status sync job scheduled (daily at 1:00 AM)
[2026-04-30T10:57:54.031Z] [INFO]   - Session cleanup: Every hour
[2026-04-30T10:57:54.032Z] [INFO]   - Subscription lifecycle + emails: Every hour
[2026-04-30T10:57:54.021Z] [INFO] Inventory expiry job scheduled (daily at 6:00 AM)
[2026-04-30T10:57:54.031Z] [INFO] All cron jobs initialized:
[2026-04-30T10:57:54.019Z] [INFO] Reminder job scheduled (daily at 9:00 AM)
[2026-04-30T10:57:54.032Z] [INFO]   - Payment status sync: Daily at 1:00 AM
[2026-04-30T10:57:54.032Z] [INFO]   - Reminder emails (7d/3d/final): Daily at 9:00 AM
[2026-04-30T10:57:54.032Z] [INFO]   - Incomplete users cleanup: Daily at 3:15 AM
[2026-04-30T10:57:54.032Z] [INFO]   - Pending users cleanup: Daily at 3:00 AM
[2026-04-30T10:57:54.032Z] [INFO]   - Inventory expiry checks + alerts: Daily at 6:00 AM
[2026-04-30T10:57:54.032Z] [INFO]   - Deletion logs cleanup: Daily at 3:30 AM
[2026-04-30T10:57:54.032Z] [INFO]   - Scheduled broadcasts: Every 5 minutes
[2026-04-30T10:57:54.032Z] [INFO]   - OTP daily limits cleanup: Daily at 3:45 AM
[2026-04-30T10:57:54.032Z] [INFO]   - Plan transition: Daily at 2:00 AM
[2026-04-30T10:57:59.691Z] [INFO] Initializing cron jobs...
[2026-04-30T10:57:59.691Z] [INFO] Instance ID: DESKTOP-I1JLQUS-9372-3dbc9779
[2026-04-30T10:57:59.696Z] [INFO] [Email Cron] Email broadcast worker initialized (every 1 minute)
[2026-04-30T10:57:59.691Z] [INFO] Distributed locking: ENABLED
[2026-04-30T10:57:59.698Z] [INFO] Email file cleanup: Daily at 4:00 AM
[2026-04-30T10:57:59.698Z] [INFO] Email broadcast worker: Every 1 minute
[2026-04-30T10:57:59.698Z] [INFO] [File Cleanup] Email attachment cleanup worker initialized (daily at 4:00 AM)
[2026-04-30T10:57:59.700Z] [INFO] Plan transition job scheduled (daily at 2:00 AM)
[2026-04-30T10:57:59.702Z] [INFO] Subscription lifecycle job scheduled (every hour)
[2026-04-30T10:57:59.704Z] [INFO] Payment status sync job scheduled (daily at 1:00 AM)
[2026-04-30T10:57:59.706Z] [INFO] Reminder job scheduled (daily at 9:00 AM)
[2026-04-30T10:57:59.708Z] [INFO] Inventory expiry job scheduled (daily at 6:00 AM)
[2026-04-30T10:57:59.711Z] [INFO] Scheduled broadcasts job initialized (every 5 minutes)
[2026-04-30T10:57:59.721Z] [INFO] All cron jobs initialized:
[2026-04-30T10:57:59.721Z] [INFO]   - Session cleanup: Every hour
[2026-04-30T10:57:59.721Z] [INFO]   - Payment status sync: Daily at 1:00 AM
[2026-04-30T10:57:59.721Z] [INFO]   - Plan transition: Daily at 2:00 AM
[2026-04-30T10:57:59.721Z] [INFO]   - Subscription lifecycle + emails: Every hour
[2026-04-30T10:57:59.721Z] [INFO]   - Inventory expiry checks + alerts: Daily at 6:00 AM
[2026-04-30T10:57:59.721Z] [INFO]   - Pending users cleanup: Daily at 3:00 AM
[2026-04-30T10:57:59.721Z] [INFO]   - Incomplete users cleanup: Daily at 3:15 AM
[2026-04-30T10:57:59.721Z] [INFO]   - Reminder emails (7d/3d/final): Daily at 9:00 AM
[2026-04-30T10:57:59.721Z] [INFO]   - Deletion logs cleanup: Daily at 3:30 AM
[2026-04-30T10:57:59.721Z] [INFO]   - Scheduled broadcasts: Every 5 minutes
[2026-04-30T10:57:59.721Z] [INFO]   - OTP daily limits cleanup: Daily at 3:45 AM
[2026-04-30T10:58:30.872Z] [INFO] Initializing cron jobs...
[2026-04-30T10:58:30.872Z] [INFO] Instance ID: DESKTOP-I1JLQUS-24860-2f1ece65
[2026-04-30T10:58:30.872Z] [INFO] Distributed locking: ENABLED
[2026-04-30T10:58:30.884Z] [INFO] Email file cleanup: Daily at 4:00 AM
[2026-04-30T10:58:30.879Z] [INFO] [Email Cron] Email broadcast worker initialized (every 1 minute)
[2026-04-30T10:58:30.884Z] [INFO] [File Cleanup] Email attachment cleanup worker initialized (daily at 4:00 AM)
[2026-04-30T10:58:30.889Z] [INFO] Subscription lifecycle job scheduled (every hour)
[2026-04-30T10:58:30.884Z] [INFO] Email broadcast worker: Every 1 minute
[2026-04-30T10:58:30.887Z] [INFO] Plan transition job scheduled (daily at 2:00 AM)
[2026-04-30T10:58:30.891Z] [INFO] Payment status sync job scheduled (daily at 1:00 AM)
[2026-04-30T10:58:30.893Z] [INFO] Reminder job scheduled (daily at 9:00 AM)
[2026-04-30T10:58:30.896Z] [INFO] Inventory expiry job scheduled (daily at 6:00 AM)
[2026-04-30T10:58:30.897Z] [INFO] Scheduled broadcasts job initialized (every 5 minutes)
[2026-04-30T10:58:30.905Z] [INFO] All cron jobs initialized:
[2026-04-30T10:58:30.905Z] [INFO]   - Plan transition: Daily at 2:00 AM
[2026-04-30T10:58:30.905Z] [INFO]   - Subscription lifecycle + emails: Every hour
[2026-04-30T10:58:30.906Z] [INFO]   - Inventory expiry checks + alerts: Daily at 6:00 AM
[2026-04-30T10:58:30.906Z] [INFO]   - Reminder emails (7d/3d/final): Daily at 9:00 AM
[2026-04-30T10:58:30.905Z] [INFO]   - Payment status sync: Daily at 1:00 AM
[2026-04-30T10:58:30.906Z] [INFO]   - Pending users cleanup: Daily at 3:00 AM
[2026-04-30T10:58:30.906Z] [INFO]   - Incomplete users cleanup: Daily at 3:15 AM
[2026-04-30T10:58:30.906Z] [INFO]   - OTP daily limits cleanup: Daily at 3:45 AM
[2026-04-30T10:58:30.906Z] [INFO]   - Deletion logs cleanup: Daily at 3:30 AM
[2026-04-30T10:58:30.905Z] [INFO]   - Session cleanup: Every hour
[2026-04-30T10:58:30.906Z] [INFO]   - Scheduled broadcasts: Every 5 minutes
[2026-04-30T10:58:44.049Z] [INFO] Initializing cron jobs...
[2026-04-30T10:58:44.050Z] [INFO] Distributed locking: ENABLED
[2026-04-30T10:58:44.050Z] [INFO] Instance ID: DESKTOP-I1JLQUS-9952-7988eb5d
[2026-04-30T10:58:44.056Z] [INFO] [File Cleanup] Email attachment cleanup worker initialized (daily at 4:00 AM)
[2026-04-30T10:58:44.056Z] [INFO] Email broadcast worker: Every 1 minute
[2026-04-30T10:58:44.054Z] [INFO] [Email Cron] Email broadcast worker initialized (every 1 minute)
[2026-04-30T10:58:44.058Z] [INFO] Plan transition job scheduled (daily at 2:00 AM)
[2026-04-30T10:58:44.060Z] [INFO] Subscription lifecycle job scheduled (every hour)
[2026-04-30T10:58:44.056Z] [INFO] Email file cleanup: Daily at 4:00 AM
[2026-04-30T10:58:44.061Z] [INFO] Payment status sync job scheduled (daily at 1:00 AM)
[2026-04-30T10:58:44.064Z] [INFO] Reminder job scheduled (daily at 9:00 AM)
[2026-04-30T10:58:44.066Z] [INFO] Inventory expiry job scheduled (daily at 6:00 AM)
[2026-04-30T10:58:44.070Z] [INFO] Scheduled broadcasts job initialized (every 5 minutes)
[2026-04-30T10:58:44.080Z] [INFO] All cron jobs initialized:
[2026-04-30T10:58:44.080Z] [INFO]   - Session cleanup: Every hour
[2026-04-30T10:58:44.080Z] [INFO]   - Plan transition: Daily at 2:00 AM
[2026-04-30T10:58:44.080Z] [INFO]   - Subscription lifecycle + emails: Every hour
[2026-04-30T10:58:44.080Z] [INFO]   - Payment status sync: Daily at 1:00 AM
[2026-04-30T10:58:44.080Z] [INFO]   - Inventory expiry checks + alerts: Daily at 6:00 AM
[2026-04-30T10:58:44.080Z] [INFO]   - Reminder emails (7d/3d/final): Daily at 9:00 AM
[2026-04-30T10:58:44.080Z] [INFO]   - Pending users cleanup: Daily at 3:00 AM
[2026-04-30T10:58:44.080Z] [INFO]   - Incomplete users cleanup: Daily at 3:15 AM
[2026-04-30T10:58:44.080Z] [INFO]   - Deletion logs cleanup: Daily at 3:30 AM
[2026-04-30T10:58:44.080Z] [INFO]   - OTP daily limits cleanup: Daily at 3:45 AM
[2026-04-30T10:58:44.080Z] [INFO]   - Scheduled broadcasts: Every 5 minutes
[2026-04-30T10:58:48.601Z] [INFO] Initializing cron jobs...
[2026-04-30T10:58:48.601Z] [INFO] Instance ID: DESKTOP-I1JLQUS-26588-c9c2b2fe
[2026-04-30T10:58:48.601Z] [INFO] Distributed locking: ENABLED
[2026-04-30T10:58:48.608Z] [INFO] [File Cleanup] Email attachment cleanup worker initialized (daily at 4:00 AM)
[2026-04-30T10:58:48.608Z] [INFO] Email broadcast worker: Every 1 minute
[2026-04-30T10:58:48.608Z] [INFO] Email file cleanup: Daily at 4:00 AM
[2026-04-30T10:58:48.613Z] [INFO] Subscription lifecycle job scheduled (every hour)
[2026-04-30T10:58:48.606Z] [INFO] [Email Cron] Email broadcast worker initialized (every 1 minute)
[2026-04-30T10:58:48.612Z] [INFO] Plan transition job scheduled (daily at 2:00 AM)
[2026-04-30T10:58:48.616Z] [INFO] Payment status sync job scheduled (daily at 1:00 AM)
[2026-04-30T10:58:48.619Z] [INFO] Reminder job scheduled (daily at 9:00 AM)
[2026-04-30T10:58:48.621Z] [INFO] Inventory expiry job scheduled (daily at 6:00 AM)
[2026-04-30T10:58:48.624Z] [INFO] Scheduled broadcasts job initialized (every 5 minutes)
[2026-04-30T10:58:48.636Z] [INFO] All cron jobs initialized:
[2026-04-30T10:58:48.636Z] [INFO]   - Session cleanup: Every hour
[2026-04-30T10:58:48.636Z] [INFO]   - Plan transition: Daily at 2:00 AM
[2026-04-30T10:58:48.636Z] [INFO]   - Subscription lifecycle + emails: Every hour
[2026-04-30T10:58:48.636Z] [INFO]   - Payment status sync: Daily at 1:00 AM
[2026-04-30T10:58:48.636Z] [INFO]   - Inventory expiry checks + alerts: Daily at 6:00 AM
[2026-04-30T10:58:48.636Z] [INFO]   - Reminder emails (7d/3d/final): Daily at 9:00 AM
[2026-04-30T10:58:48.636Z] [INFO]   - Pending users cleanup: Daily at 3:00 AM
[2026-04-30T10:58:48.636Z] [INFO]   - Incomplete users cleanup: Daily at 3:15 AM
[2026-04-30T10:58:48.636Z] [INFO]   - Deletion logs cleanup: Daily at 3:30 AM
[2026-04-30T10:58:48.636Z] [INFO]   - OTP daily limits cleanup: Daily at 3:45 AM
[2026-04-30T10:58:48.636Z] [INFO]   - Scheduled broadcasts: Every 5 minutes
[2026-04-30T10:59:03.764Z] [INFO] Initializing cron jobs...
[2026-04-30T10:59:03.765Z] [INFO] Distributed locking: ENABLED
[2026-04-30T10:59:03.769Z] [INFO] [Email Cron] Email broadcast worker initialized (every 1 minute)
[2026-04-30T10:59:03.765Z] [INFO] Instance ID: DESKTOP-I1JLQUS-18116-8c54e46b
[2026-04-30T10:59:03.771Z] [INFO] [File Cleanup] Email attachment cleanup worker initialized (daily at 4:00 AM)
[2026-04-30T10:59:03.771Z] [INFO] Email file cleanup: Daily at 4:00 AM
[2026-04-30T10:59:03.771Z] [INFO] Email broadcast worker: Every 1 minute
[2026-04-30T10:59:03.776Z] [INFO] Subscription lifecycle job scheduled (every hour)
[2026-04-30T10:59:03.773Z] [INFO] Plan transition job scheduled (daily at 2:00 AM)
[2026-04-30T10:59:03.780Z] [INFO] Payment status sync job scheduled (daily at 1:00 AM)
[2026-04-30T10:59:03.782Z] [INFO] Reminder job scheduled (daily at 9:00 AM)
[2026-04-30T10:59:03.786Z] [INFO] Inventory expiry job scheduled (daily at 6:00 AM)
[2026-04-30T10:59:03.788Z] [INFO] Scheduled broadcasts job initialized (every 5 minutes)
[2026-04-30T10:59:03.820Z] [INFO]   - Session cleanup: Every hour
[2026-04-30T10:59:03.820Z] [INFO] All cron jobs initialized:
[2026-04-30T10:59:03.821Z] [INFO]   - Plan transition: Daily at 2:00 AM
[2026-04-30T10:59:03.821Z] [INFO]   - Subscription lifecycle + emails: Every hour
[2026-04-30T10:59:03.821Z] [INFO]   - Reminder emails (7d/3d/final): Daily at 9:00 AM
[2026-04-30T10:59:03.821Z] [INFO]   - Payment status sync: Daily at 1:00 AM
[2026-04-30T10:59:03.821Z] [INFO]   - Inventory expiry checks + alerts: Daily at 6:00 AM
[2026-04-30T10:59:03.821Z] [INFO]   - Pending users cleanup: Daily at 3:00 AM
[2026-04-30T10:59:03.822Z] [INFO]   - Incomplete users cleanup: Daily at 3:15 AM
[2026-04-30T10:59:03.822Z] [INFO]   - Deletion logs cleanup: Daily at 3:30 AM
[2026-04-30T10:59:03.822Z] [INFO]   - OTP daily limits cleanup: Daily at 3:45 AM
[2026-04-30T10:59:03.822Z] [INFO]   - Scheduled broadcasts: Every 5 minutes
[2026-04-30T10:59:34.725Z] [INFO] Initializing cron jobs...
[2026-04-30T10:59:34.725Z] [INFO] Instance ID: DESKTOP-I1JLQUS-15836-35718c1a
[2026-04-30T10:59:34.725Z] [INFO] Distributed locking: ENABLED
[2026-04-30T10:59:34.732Z] [INFO] [Email Cron] Email broadcast worker initialized (every 1 minute)
[2026-04-30T10:59:34.737Z] [INFO] Email file cleanup: Daily at 4:00 AM
[2026-04-30T10:59:34.737Z] [INFO] Email broadcast worker: Every 1 minute
[2026-04-30T10:59:34.737Z] [INFO] [File Cleanup] Email attachment cleanup worker initialized (daily at 4:00 AM)
[2026-04-30T10:59:34.740Z] [INFO] Plan transition job scheduled (daily at 2:00 AM)
[2026-04-30T10:59:34.743Z] [INFO] Subscription lifecycle job scheduled (every hour)
[2026-04-30T10:59:34.745Z] [INFO] Payment status sync job scheduled (daily at 1:00 AM)
[2026-04-30T10:59:34.748Z] [INFO] Reminder job scheduled (daily at 9:00 AM)
[2026-04-30T10:59:34.750Z] [INFO] Inventory expiry job scheduled (daily at 6:00 AM)
[2026-04-30T10:59:34.752Z] [INFO] Scheduled broadcasts job initialized (every 5 minutes)
[2026-04-30T10:59:34.760Z] [INFO] All cron jobs initialized:
[2026-04-30T10:59:34.760Z] [INFO]   - Session cleanup: Every hour
[2026-04-30T10:59:34.760Z] [INFO]   - Subscription lifecycle + emails: Every hour
[2026-04-30T10:59:34.760Z] [INFO]   - Plan transition: Daily at 2:00 AM
[2026-04-30T10:59:34.760Z] [INFO]   - Payment status sync: Daily at 1:00 AM
[2026-04-30T10:59:34.760Z] [INFO]   - Reminder emails (7d/3d/final): Daily at 9:00 AM
[2026-04-30T10:59:34.760Z] [INFO]   - Inventory expiry checks + alerts: Daily at 6:00 AM
[2026-04-30T10:59:34.760Z] [INFO]   - Pending users cleanup: Daily at 3:00 AM
[2026-04-30T10:59:34.760Z] [INFO]   - Incomplete users cleanup: Daily at 3:15 AM
[2026-04-30T10:59:34.760Z] [INFO]   - Deletion logs cleanup: Daily at 3:30 AM
[2026-04-30T10:59:34.760Z] [INFO]   - OTP daily limits cleanup: Daily at 3:45 AM
[2026-04-30T10:59:34.760Z] [INFO]   - Scheduled broadcasts: Every 5 minutes
[2026-04-30T10:59:49.066Z] [INFO] Instance ID: DESKTOP-I1JLQUS-17584-c68ee1a1
[2026-04-30T10:59:49.066Z] [INFO] Distributed locking: ENABLED
[2026-04-30T10:59:49.066Z] [INFO] Initializing cron jobs...
[2026-04-30T10:59:49.075Z] [INFO] Email file cleanup: Daily at 4:00 AM
[2026-04-30T10:59:49.073Z] [INFO] [Email Cron] Email broadcast worker initialized (every 1 minute)
[2026-04-30T10:59:49.075Z] [INFO] [File Cleanup] Email attachment cleanup worker initialized (daily at 4:00 AM)
[2026-04-30T10:59:49.075Z] [INFO] Email broadcast worker: Every 1 minute
[2026-04-30T10:59:49.077Z] [INFO] Plan transition job scheduled (daily at 2:00 AM)
[2026-04-30T10:59:49.078Z] [INFO] Subscription lifecycle job scheduled (every hour)
[2026-04-30T10:59:49.081Z] [INFO] Reminder job scheduled (daily at 9:00 AM)
[2026-04-30T10:59:49.080Z] [INFO] Payment status sync job scheduled (daily at 1:00 AM)
[2026-04-30T10:59:49.086Z] [INFO] Scheduled broadcasts job initialized (every 5 minutes)
[2026-04-30T10:59:49.095Z] [INFO]   - Session cleanup: Every hour
[2026-04-30T10:59:49.083Z] [INFO] Inventory expiry job scheduled (daily at 6:00 AM)
[2026-04-30T10:59:49.095Z] [INFO] All cron jobs initialized:
[2026-04-30T10:59:49.095Z] [INFO]   - Plan transition: Daily at 2:00 AM
[2026-04-30T10:59:49.095Z] [INFO]   - Subscription lifecycle + emails: Every hour
[2026-04-30T10:59:49.095Z] [INFO]   - Inventory expiry checks + alerts: Daily at 6:00 AM
[2026-04-30T10:59:49.095Z] [INFO]   - Payment status sync: Daily at 1:00 AM
[2026-04-30T10:59:49.095Z] [INFO]   - Incomplete users cleanup: Daily at 3:15 AM
[2026-04-30T10:59:49.095Z] [INFO]   - Pending users cleanup: Daily at 3:00 AM
[2026-04-30T10:59:49.095Z] [INFO]   - Reminder emails (7d/3d/final): Daily at 9:00 AM
[2026-04-30T10:59:49.095Z] [INFO]   - OTP daily limits cleanup: Daily at 3:45 AM
[2026-04-30T10:59:49.095Z] [INFO]   - Scheduled broadcasts: Every 5 minutes
[2026-04-30T10:59:49.095Z] [INFO]   - Deletion logs cleanup: Daily at 3:30 AM
[2026-04-30T11:00:00.050Z] [INFO] Checking for scheduled broadcasts...
[2026-04-30T11:00:00.111Z] [INFO] No scheduled broadcasts due for sending
[2026-04-30T11:00:31.060Z] [INFO] Initializing cron jobs...
[2026-04-30T11:00:31.061Z] [INFO] Distributed locking: ENABLED
[2026-04-30T11:00:31.061Z] [INFO] Instance ID: DESKTOP-I1JLQUS-16980-89a55d2c
[2026-04-30T11:00:31.066Z] [INFO] [Email Cron] Email broadcast worker initialized (every 1 minute)
[2026-04-30T11:00:31.068Z] [INFO] [File Cleanup] Email attachment cleanup worker initialized (daily at 4:00 AM)
[2026-04-30T11:00:31.068Z] [INFO] Email broadcast worker: Every 1 minute
[2026-04-30T11:00:31.068Z] [INFO] Email file cleanup: Daily at 4:00 AM
[2026-04-30T11:00:31.070Z] [INFO] Plan transition job scheduled (daily at 2:00 AM)
[2026-04-30T11:00:31.073Z] [INFO] Subscription lifecycle job scheduled (every hour)
[2026-04-30T11:00:31.075Z] [INFO] Payment status sync job scheduled (daily at 1:00 AM)
[2026-04-30T11:00:31.077Z] [INFO] Reminder job scheduled (daily at 9:00 AM)
[2026-04-30T11:00:31.079Z] [INFO] Inventory expiry job scheduled (daily at 6:00 AM)
[2026-04-30T11:00:31.081Z] [INFO] Scheduled broadcasts job initialized (every 5 minutes)
[2026-04-30T11:00:31.088Z] [INFO]   - Session cleanup: Every hour
[2026-04-30T11:00:31.088Z] [INFO]   - Plan transition: Daily at 2:00 AM
[2026-04-30T11:00:31.088Z] [INFO]   - Subscription lifecycle + emails: Every hour
[2026-04-30T11:00:31.088Z] [INFO]   - Payment status sync: Daily at 1:00 AM
[2026-04-30T11:00:31.088Z] [INFO] All cron jobs initialized:
[2026-04-30T11:00:31.088Z] [INFO]   - Reminder emails (7d/3d/final): Daily at 9:00 AM
[2026-04-30T11:00:31.088Z] [INFO]   - Inventory expiry checks + alerts: Daily at 6:00 AM
[2026-04-30T11:00:31.088Z] [INFO]   - Pending users cleanup: Daily at 3:00 AM
[2026-04-30T11:00:31.088Z] [INFO]   - Incomplete users cleanup: Daily at 3:15 AM
[2026-04-30T11:00:31.088Z] [INFO]   - Deletion logs cleanup: Daily at 3:30 AM
[2026-04-30T11:00:31.088Z] [INFO]   - OTP daily limits cleanup: Daily at 3:45 AM
[2026-04-30T11:00:31.088Z] [INFO]   - Scheduled broadcasts: Every 5 minutes
[2026-04-30T11:01:05.073Z] [INFO] Initializing cron jobs...
[2026-04-30T11:01:05.073Z] [INFO] Instance ID: DESKTOP-I1JLQUS-22780-94b7240b
[2026-04-30T11:01:05.078Z] [INFO] [Email Cron] Email broadcast worker initialized (every 1 minute)
[2026-04-30T11:01:05.081Z] [INFO] Email broadcast worker: Every 1 minute
[2026-04-30T11:01:05.073Z] [INFO] Distributed locking: ENABLED
[2026-04-30T11:01:05.081Z] [INFO] [File Cleanup] Email attachment cleanup worker initialized (daily at 4:00 AM)
[2026-04-30T11:01:05.081Z] [INFO] Email file cleanup: Daily at 4:00 AM
[2026-04-30T11:01:05.083Z] [INFO] Plan transition job scheduled (daily at 2:00 AM)
[2026-04-30T11:01:05.086Z] [INFO] Subscription lifecycle job scheduled (every hour)
[2026-04-30T11:01:05.089Z] [INFO] Payment status sync job scheduled (daily at 1:00 AM)
[2026-04-30T11:01:05.091Z] [INFO] Reminder job scheduled (daily at 9:00 AM)
[2026-04-30T11:01:05.093Z] [INFO] Inventory expiry job scheduled (daily at 6:00 AM)
[2026-04-30T11:01:05.096Z] [INFO] Scheduled broadcasts job initialized (every 5 minutes)
[2026-04-30T11:01:05.107Z] [INFO]   - Subscription lifecycle + emails: Every hour
[2026-04-30T11:01:05.107Z] [INFO]   - Plan transition: Daily at 2:00 AM
[2026-04-30T11:01:05.107Z] [INFO] All cron jobs initialized:
[2026-04-30T11:01:05.107Z] [INFO]   - Session cleanup: Every hour
[2026-04-30T11:01:05.107Z] [INFO]   - Inventory expiry checks + alerts: Daily at 6:00 AM
[2026-04-30T11:01:05.107Z] [INFO]   - Reminder emails (7d/3d/final): Daily at 9:00 AM
[2026-04-30T11:01:05.107Z] [INFO]   - Payment status sync: Daily at 1:00 AM
[2026-04-30T11:01:05.107Z] [INFO]   - Pending users cleanup: Daily at 3:00 AM
[2026-04-30T11:01:05.107Z] [INFO]   - Incomplete users cleanup: Daily at 3:15 AM
[2026-04-30T11:01:05.107Z] [INFO]   - Deletion logs cleanup: Daily at 3:30 AM
[2026-04-30T11:01:05.107Z] [INFO]   - Scheduled broadcasts: Every 5 minutes
[2026-04-30T11:01:05.107Z] [INFO]   - OTP daily limits cleanup: Daily at 3:45 AM
[2026-04-30T11:01:15.669Z] [INFO] Initializing cron jobs...
[2026-04-30T11:01:15.669Z] [INFO] Instance ID: DESKTOP-I1JLQUS-3752-532c89f3
[2026-04-30T11:01:15.678Z] [INFO] [Email Cron] Email broadcast worker initialized (every 1 minute)
[2026-04-30T11:01:15.680Z] [INFO] Email broadcast worker: Every 1 minute
[2026-04-30T11:01:15.669Z] [INFO] Distributed locking: ENABLED
[2026-04-30T11:01:15.680Z] [INFO] [File Cleanup] Email attachment cleanup worker initialized (daily at 4:00 AM)
[2026-04-30T11:01:15.688Z] [INFO] Subscription lifecycle job scheduled (every hour)
[2026-04-30T11:01:15.680Z] [INFO] Email file cleanup: Daily at 4:00 AM
[2026-04-30T11:01:15.686Z] [INFO] Plan transition job scheduled (daily at 2:00 AM)
[2026-04-30T11:01:15.692Z] [INFO] Payment status sync job scheduled (daily at 1:00 AM)
[2026-04-30T11:01:15.700Z] [INFO] Scheduled broadcasts job initialized (every 5 minutes)
[2026-04-30T11:01:15.706Z] [INFO] All cron jobs initialized:
[2026-04-30T11:01:15.694Z] [INFO] Reminder job scheduled (daily at 9:00 AM)
[2026-04-30T11:01:15.706Z] [INFO]   - Session cleanup: Every hour
[2026-04-30T11:01:15.706Z] [INFO]   - Plan transition: Daily at 2:00 AM
[2026-04-30T11:01:15.706Z] [INFO]   - Subscription lifecycle + emails: Every hour
[2026-04-30T11:01:15.698Z] [INFO] Inventory expiry job scheduled (daily at 6:00 AM)
[2026-04-30T11:01:15.706Z] [INFO]   - Reminder emails (7d/3d/final): Daily at 9:00 AM
[2026-04-30T11:01:15.706Z] [INFO]   - Payment status sync: Daily at 1:00 AM
[2026-04-30T11:01:15.706Z] [INFO]   - Incomplete users cleanup: Daily at 3:15 AM
[2026-04-30T11:01:15.706Z] [INFO]   - Inventory expiry checks + alerts: Daily at 6:00 AM
[2026-04-30T11:01:15.707Z] [INFO]   - Scheduled broadcasts: Every 5 minutes
[2026-04-30T11:01:15.707Z] [INFO]   - OTP daily limits cleanup: Daily at 3:45 AM
[2026-04-30T11:01:15.706Z] [INFO]   - Pending users cleanup: Daily at 3:00 AM
[2026-04-30T11:01:15.707Z] [INFO]   - Deletion logs cleanup: Daily at 3:30 AM
[2026-04-30T11:01:23.557Z] [INFO] Instance ID: DESKTOP-I1JLQUS-19152-1b3d5725
[2026-04-30T11:01:23.557Z] [INFO] Distributed locking: ENABLED
[2026-04-30T11:01:23.567Z] [INFO] Email broadcast worker: Every 1 minute
[2026-04-30T11:01:23.562Z] [INFO] [Email Cron] Email broadcast worker initialized (every 1 minute)
[2026-04-30T11:01:23.567Z] [INFO] Email file cleanup: Daily at 4:00 AM
[2026-04-30T11:01:23.569Z] [INFO] Plan transition job scheduled (daily at 2:00 AM)
[2026-04-30T11:01:23.557Z] [INFO] Initializing cron jobs...
[2026-04-30T11:01:23.575Z] [INFO] Payment status sync job scheduled (daily at 1:00 AM)
[2026-04-30T11:01:23.577Z] [INFO] Reminder job scheduled (daily at 9:00 AM)
[2026-04-30T11:01:23.573Z] [INFO] Subscription lifecycle job scheduled (every hour)
[2026-04-30T11:01:23.567Z] [INFO] [File Cleanup] Email attachment cleanup worker initialized (daily at 4:00 AM)
[2026-04-30T11:01:23.582Z] [INFO] Scheduled broadcasts job initialized (every 5 minutes)
[2026-04-30T11:01:23.580Z] [INFO] Inventory expiry job scheduled (daily at 6:00 AM)
[2026-04-30T11:01:23.590Z] [INFO] All cron jobs initialized:
[2026-04-30T11:01:23.590Z] [INFO]   - Session cleanup: Every hour
[2026-04-30T11:01:23.590Z] [INFO]   - Subscription lifecycle + emails: Every hour
[2026-04-30T11:01:23.590Z] [INFO]   - Payment status sync: Daily at 1:00 AM
[2026-04-30T11:01:23.590Z] [INFO]   - Plan transition: Daily at 2:00 AM
[2026-04-30T11:01:23.590Z] [INFO]   - Reminder emails (7d/3d/final): Daily at 9:00 AM
[2026-04-30T11:01:23.590Z] [INFO]   - Pending users cleanup: Daily at 3:00 AM
[2026-04-30T11:01:23.590Z] [INFO]   - Incomplete users cleanup: Daily at 3:15 AM
[2026-04-30T11:01:23.590Z] [INFO]   - Scheduled broadcasts: Every 5 minutes
[2026-04-30T11:01:23.590Z] [INFO]   - Inventory expiry checks + alerts: Daily at 6:00 AM
[2026-04-30T11:01:23.590Z] [INFO]   - Deletion logs cleanup: Daily at 3:30 AM
[2026-04-30T11:01:23.590Z] [INFO]   - OTP daily limits cleanup: Daily at 3:45 AM
[2026-04-30T11:01:29.989Z] [INFO] Initializing cron jobs...
[2026-04-30T11:01:29.989Z] [INFO] Instance ID: DESKTOP-I1JLQUS-13416-6e401a52
[2026-04-30T11:01:29.994Z] [INFO] [Email Cron] Email broadcast worker initialized (every 1 minute)
[2026-04-30T11:01:29.997Z] [INFO] Email broadcast worker: Every 1 minute
[2026-04-30T11:01:30.002Z] [INFO] Plan transition job scheduled (daily at 2:00 AM)
[2026-04-30T11:01:29.989Z] [INFO] Distributed locking: ENABLED
[2026-04-30T11:01:29.997Z] [INFO] Email file cleanup: Daily at 4:00 AM
[2026-04-30T11:01:30.006Z] [INFO] Subscription lifecycle job scheduled (every hour)
[2026-04-30T11:01:29.997Z] [INFO] [File Cleanup] Email attachment cleanup worker initialized (daily at 4:00 AM)
[2026-04-30T11:01:30.015Z] [INFO] Reminder job scheduled (daily at 9:00 AM)
[2026-04-30T11:01:30.011Z] [INFO] Payment status sync job scheduled (daily at 1:00 AM)
[2026-04-30T11:01:30.021Z] [INFO] Scheduled broadcasts job initialized (every 5 minutes)
[2026-04-30T11:01:30.019Z] [INFO] Inventory expiry job scheduled (daily at 6:00 AM)
[2026-04-30T11:01:30.036Z] [INFO]   - Subscription lifecycle + emails: Every hour
[2026-04-30T11:01:30.036Z] [INFO]   - Plan transition: Daily at 2:00 AM
[2026-04-30T11:01:30.036Z] [INFO]   - Session cleanup: Every hour
[2026-04-30T11:01:30.036Z] [INFO]   - Payment status sync: Daily at 1:00 AM
[2026-04-30T11:01:30.035Z] [INFO] All cron jobs initialized:
[2026-04-30T11:01:30.036Z] [INFO]   - Inventory expiry checks + alerts: Daily at 6:00 AM
[2026-04-30T11:01:30.036Z] [INFO]   - Reminder emails (7d/3d/final): Daily at 9:00 AM
[2026-04-30T11:01:30.036Z] [INFO]   - Pending users cleanup: Daily at 3:00 AM
[2026-04-30T11:01:30.036Z] [INFO]   - Incomplete users cleanup: Daily at 3:15 AM
[2026-04-30T11:01:30.036Z] [INFO]   - Scheduled broadcasts: Every 5 minutes
[2026-04-30T11:01:30.036Z] [INFO]   - OTP daily limits cleanup: Daily at 3:45 AM
[2026-04-30T11:01:30.036Z] [INFO]   - Deletion logs cleanup: Daily at 3:30 AM
[2026-04-30T11:02:38.380Z] [INFO] Initializing cron jobs...
[2026-04-30T11:02:38.381Z] [INFO] Distributed locking: ENABLED
[2026-04-30T11:02:38.381Z] [INFO] Instance ID: DESKTOP-I1JLQUS-20148-6f508306
[2026-04-30T11:02:38.386Z] [INFO] [Email Cron] Email broadcast worker initialized (every 1 minute)
[2026-04-30T11:02:38.389Z] [INFO] [File Cleanup] Email attachment cleanup worker initialized (daily at 4:00 AM)
[2026-04-30T11:02:38.389Z] [INFO] Email file cleanup: Daily at 4:00 AM
[2026-04-30T11:02:38.392Z] [INFO] Plan transition job scheduled (daily at 2:00 AM)
[2026-04-30T11:02:38.393Z] [INFO] Subscription lifecycle job scheduled (every hour)
[2026-04-30T11:02:38.389Z] [INFO] Email broadcast worker: Every 1 minute
[2026-04-30T11:02:38.397Z] [INFO] Payment status sync job scheduled (daily at 1:00 AM)
[2026-04-30T11:02:38.399Z] [INFO] Reminder job scheduled (daily at 9:00 AM)
[2026-04-30T11:02:38.402Z] [INFO] Inventory expiry job scheduled (daily at 6:00 AM)
[2026-04-30T11:02:38.405Z] [INFO] Scheduled broadcasts job initialized (every 5 minutes)
[2026-04-30T11:02:38.417Z] [INFO] All cron jobs initialized:
[2026-04-30T11:02:38.417Z] [INFO]   - Session cleanup: Every hour
[2026-04-30T11:02:38.417Z] [INFO]   - Subscription lifecycle + emails: Every hour
[2026-04-30T11:02:38.417Z] [INFO]   - Plan transition: Daily at 2:00 AM
[2026-04-30T11:02:38.417Z] [INFO]   - Reminder emails (7d/3d/final): Daily at 9:00 AM
[2026-04-30T11:02:38.417Z] [INFO]   - Payment status sync: Daily at 1:00 AM
[2026-04-30T11:02:38.417Z] [INFO]   - Inventory expiry checks + alerts: Daily at 6:00 AM
[2026-04-30T11:02:38.417Z] [INFO]   - Pending users cleanup: Daily at 3:00 AM
[2026-04-30T11:02:38.417Z] [INFO]   - Incomplete users cleanup: Daily at 3:15 AM
[2026-04-30T11:02:38.417Z] [INFO]   - Deletion logs cleanup: Daily at 3:30 AM
[2026-04-30T11:02:38.417Z] [INFO]   - OTP daily limits cleanup: Daily at 3:45 AM
[2026-04-30T11:02:38.417Z] [INFO]   - Scheduled broadcasts: Every 5 minutes
[2026-04-30T11:03:54.264Z] [INFO] Initializing cron jobs...
[2026-04-30T11:03:54.264Z] [INFO] Distributed locking: ENABLED
[2026-04-30T11:03:54.269Z] [INFO] [Email Cron] Email broadcast worker initialized (every 1 minute)
[2026-04-30T11:03:54.273Z] [INFO] Email broadcast worker: Every 1 minute
[2026-04-30T11:03:54.277Z] [INFO] Plan transition job scheduled (daily at 2:00 AM)
[2026-04-30T11:03:54.280Z] [INFO] Subscription lifecycle job scheduled (every hour)
[2026-04-30T11:03:54.264Z] [INFO] Instance ID: DESKTOP-I1JLQUS-6684-78ff75f1
[2026-04-30T11:03:54.272Z] [INFO] [File Cleanup] Email attachment cleanup worker initialized (daily at 4:00 AM)
[2026-04-30T11:03:54.273Z] [INFO] Email file cleanup: Daily at 4:00 AM
[2026-04-30T11:03:54.285Z] [INFO] Payment status sync job scheduled (daily at 1:00 AM)
[2026-04-30T11:03:54.287Z] [INFO] Reminder job scheduled (daily at 9:00 AM)
[2026-04-30T11:03:54.289Z] [INFO] Inventory expiry job scheduled (daily at 6:00 AM)
[2026-04-30T11:03:54.291Z] [INFO] Scheduled broadcasts job initialized (every 5 minutes)
[2026-04-30T11:03:54.299Z] [INFO]   - Session cleanup: Every hour
[2026-04-30T11:03:54.299Z] [INFO]   - Plan transition: Daily at 2:00 AM
[2026-04-30T11:03:54.299Z] [INFO]   - Subscription lifecycle + emails: Every hour
[2026-04-30T11:03:54.299Z] [INFO] All cron jobs initialized:
[2026-04-30T11:03:54.299Z] [INFO]   - Inventory expiry checks + alerts: Daily at 6:00 AM
[2026-04-30T11:03:54.299Z] [INFO]   - Reminder emails (7d/3d/final): Daily at 9:00 AM
[2026-04-30T11:03:54.299Z] [INFO]   - Deletion logs cleanup: Daily at 3:30 AM
[2026-04-30T11:03:54.299Z] [INFO]   - Incomplete users cleanup: Daily at 3:15 AM
[2026-04-30T11:03:54.299Z] [INFO]   - Pending users cleanup: Daily at 3:00 AM
[2026-04-30T11:03:54.299Z] [INFO]   - OTP daily limits cleanup: Daily at 3:45 AM
[2026-04-30T11:03:54.299Z] [INFO]   - Scheduled broadcasts: Every 5 minutes
[2026-04-30T11:03:54.299Z] [INFO]   - Payment status sync: Daily at 1:00 AM
[2026-04-30T11:03:58.520Z] [INFO] Initializing cron jobs...
[2026-04-30T11:03:58.521Z] [INFO] Instance ID: DESKTOP-I1JLQUS-24564-2260a7e0
[2026-04-30T11:03:58.521Z] [INFO] Distributed locking: ENABLED
[2026-04-30T11:03:58.528Z] [INFO] Email broadcast worker: Every 1 minute
[2026-04-30T11:03:58.528Z] [INFO] [File Cleanup] Email attachment cleanup worker initialized (daily at 4:00 AM)
[2026-04-30T11:03:58.530Z] [INFO] Plan transition job scheduled (daily at 2:00 AM)
[2026-04-30T11:03:58.526Z] [INFO] [Email Cron] Email broadcast worker initialized (every 1 minute)
[2026-04-30T11:03:58.531Z] [INFO] Subscription lifecycle job scheduled (every hour)
[2026-04-30T11:03:58.528Z] [INFO] Email file cleanup: Daily at 4:00 AM
[2026-04-30T11:03:58.536Z] [INFO] Payment status sync job scheduled (daily at 1:00 AM)
[2026-04-30T11:03:58.539Z] [INFO] Reminder job scheduled (daily at 9:00 AM)
[2026-04-30T11:03:58.542Z] [INFO] Inventory expiry job scheduled (daily at 6:00 AM)
[2026-04-30T11:03:58.544Z] [INFO] Scheduled broadcasts job initialized (every 5 minutes)
[2026-04-30T11:03:58.551Z] [INFO]   - Plan transition: Daily at 2:00 AM
[2026-04-30T11:03:58.551Z] [INFO] All cron jobs initialized:
[2026-04-30T11:03:58.551Z] [INFO]   - Inventory expiry checks + alerts: Daily at 6:00 AM
[2026-04-30T11:03:58.551Z] [INFO]   - Subscription lifecycle + emails: Every hour
[2026-04-30T11:03:58.551Z] [INFO]   - Session cleanup: Every hour
[2026-04-30T11:03:58.551Z] [INFO]   - Reminder emails (7d/3d/final): Daily at 9:00 AM
[2026-04-30T11:03:58.551Z] [INFO]   - Incomplete users cleanup: Daily at 3:15 AM
[2026-04-30T11:03:58.551Z] [INFO]   - Deletion logs cleanup: Daily at 3:30 AM
[2026-04-30T11:03:58.551Z] [INFO]   - Payment status sync: Daily at 1:00 AM
[2026-04-30T11:03:58.551Z] [INFO]   - OTP daily limits cleanup: Daily at 3:45 AM
[2026-04-30T11:03:58.551Z] [INFO]   - Scheduled broadcasts: Every 5 minutes
[2026-04-30T11:03:58.551Z] [INFO]   - Pending users cleanup: Daily at 3:00 AM
[2026-04-30T11:04:05.366Z] [INFO] Distributed locking: ENABLED
[2026-04-30T11:04:05.366Z] [INFO] Initializing cron jobs...
[2026-04-30T11:04:05.371Z] [INFO] [Email Cron] Email broadcast worker initialized (every 1 minute)
[2026-04-30T11:04:05.366Z] [INFO] Instance ID: DESKTOP-I1JLQUS-23792-9c424a53
[2026-04-30T11:04:05.374Z] [INFO] Email broadcast worker: Every 1 minute
[2026-04-30T11:04:05.374Z] [INFO] Email file cleanup: Daily at 4:00 AM
[2026-04-30T11:04:05.376Z] [INFO] Plan transition job scheduled (daily at 2:00 AM)
[2026-04-30T11:04:05.373Z] [INFO] [File Cleanup] Email attachment cleanup worker initialized (daily at 4:00 AM)
[2026-04-30T11:04:05.379Z] [INFO] Subscription lifecycle job scheduled (every hour)
[2026-04-30T11:04:05.382Z] [INFO] Payment status sync job scheduled (daily at 1:00 AM)
[2026-04-30T11:04:05.383Z] [INFO] Reminder job scheduled (daily at 9:00 AM)
[2026-04-30T11:04:05.385Z] [INFO] Inventory expiry job scheduled (daily at 6:00 AM)
[2026-04-30T11:04:05.387Z] [INFO] Scheduled broadcasts job initialized (every 5 minutes)
[2026-04-30T11:04:05.394Z] [INFO] All cron jobs initialized:
[2026-04-30T11:04:05.394Z] [INFO]   - Session cleanup: Every hour
[2026-04-30T11:04:05.394Z] [INFO]   - Payment status sync: Daily at 1:00 AM
[2026-04-30T11:04:05.394Z] [INFO]   - Subscription lifecycle + emails: Every hour
[2026-04-30T11:04:05.394Z] [INFO]   - Inventory expiry checks + alerts: Daily at 6:00 AM
[2026-04-30T11:04:05.394Z] [INFO]   - Incomplete users cleanup: Daily at 3:15 AM
[2026-04-30T11:04:05.394Z] [INFO]   - Pending users cleanup: Daily at 3:00 AM
[2026-04-30T11:04:05.394Z] [INFO]   - Reminder emails (7d/3d/final): Daily at 9:00 AM
[2026-04-30T11:04:05.394Z] [INFO]   - Deletion logs cleanup: Daily at 3:30 AM
[2026-04-30T11:04:05.394Z] [INFO]   - Scheduled broadcasts: Every 5 minutes
[2026-04-30T11:04:05.394Z] [INFO]   - OTP daily limits cleanup: Daily at 3:45 AM
[2026-04-30T11:04:05.394Z] [INFO]   - Plan transition: Daily at 2:00 AM
[2026-04-30T11:04:21.666Z] [INFO] Initializing cron jobs...
[2026-04-30T11:04:21.667Z] [INFO] Distributed locking: ENABLED
[2026-04-30T11:04:21.667Z] [INFO] Instance ID: DESKTOP-I1JLQUS-10536-049b4ff0
[2026-04-30T11:04:21.674Z] [INFO] [Email Cron] Email broadcast worker initialized (every 1 minute)
[2026-04-30T11:04:21.676Z] [INFO] [File Cleanup] Email attachment cleanup worker initialized (daily at 4:00 AM)
[2026-04-30T11:04:21.676Z] [INFO] Email file cleanup: Daily at 4:00 AM
[2026-04-30T11:04:21.676Z] [INFO] Email broadcast worker: Every 1 minute
[2026-04-30T11:04:21.680Z] [INFO] Plan transition job scheduled (daily at 2:00 AM)
[2026-04-30T11:04:21.682Z] [INFO] Subscription lifecycle job scheduled (every hour)
[2026-04-30T11:04:21.686Z] [INFO] Payment status sync job scheduled (daily at 1:00 AM)
[2026-04-30T11:04:21.690Z] [INFO] Inventory expiry job scheduled (daily at 6:00 AM)
[2026-04-30T11:04:21.688Z] [INFO] Reminder job scheduled (daily at 9:00 AM)
[2026-04-30T11:04:21.693Z] [INFO] Scheduled broadcasts job initialized (every 5 minutes)
[2026-04-30T11:04:21.703Z] [INFO]   - Session cleanup: Every hour
[2026-04-30T11:04:21.703Z] [INFO] All cron jobs initialized:
[2026-04-30T11:04:21.703Z] [INFO]   - Plan transition: Daily at 2:00 AM
[2026-04-30T11:04:21.703Z] [INFO]   - Payment status sync: Daily at 1:00 AM
[2026-04-30T11:04:21.703Z] [INFO]   - Subscription lifecycle + emails: Every hour
[2026-04-30T11:04:21.703Z] [INFO]   - Reminder emails (7d/3d/final): Daily at 9:00 AM
[2026-04-30T11:04:21.703Z] [INFO]   - Inventory expiry checks + alerts: Daily at 6:00 AM
[2026-04-30T11:04:21.703Z] [INFO]   - Pending users cleanup: Daily at 3:00 AM
[2026-04-30T11:04:21.703Z] [INFO]   - Incomplete users cleanup: Daily at 3:15 AM
[2026-04-30T11:04:21.703Z] [INFO]   - Deletion logs cleanup: Daily at 3:30 AM
[2026-04-30T11:04:21.703Z] [INFO]   - Scheduled broadcasts: Every 5 minutes
[2026-04-30T11:04:21.703Z] [INFO]   - OTP daily limits cleanup: Daily at 3:45 AM
[2026-04-30T11:04:27.925Z] [INFO] Initializing cron jobs...
[2026-04-30T11:04:27.926Z] [INFO] Instance ID: DESKTOP-I1JLQUS-20576-97cd6439
[2026-04-30T11:04:27.926Z] [INFO] Distributed locking: ENABLED
[2026-04-30T11:04:27.931Z] [INFO] [Email Cron] Email broadcast worker initialized (every 1 minute)
[2026-04-30T11:04:27.933Z] [INFO] [File Cleanup] Email attachment cleanup worker initialized (daily at 4:00 AM)
[2026-04-30T11:04:27.933Z] [INFO] Email broadcast worker: Every 1 minute
[2026-04-30T11:04:27.933Z] [INFO] Email file cleanup: Daily at 4:00 AM
[2026-04-30T11:04:27.936Z] [INFO] Plan transition job scheduled (daily at 2:00 AM)
[2026-04-30T11:04:27.938Z] [INFO] Subscription lifecycle job scheduled (every hour)
[2026-04-30T11:04:27.948Z] [INFO] Inventory expiry job scheduled (daily at 6:00 AM)
[2026-04-30T11:04:27.941Z] [INFO] Payment status sync job scheduled (daily at 1:00 AM)
[2026-04-30T11:04:27.950Z] [INFO] Scheduled broadcasts job initialized (every 5 minutes)
[2026-04-30T11:04:27.946Z] [INFO] Reminder job scheduled (daily at 9:00 AM)
[2026-04-30T11:04:27.957Z] [INFO] All cron jobs initialized:
[2026-04-30T11:04:27.958Z] [INFO]   - Plan transition: Daily at 2:00 AM
[2026-04-30T11:04:27.958Z] [INFO]   - Subscription lifecycle + emails: Every hour
[2026-04-30T11:04:27.958Z] [INFO]   - Inventory expiry checks + alerts: Daily at 6:00 AM
[2026-04-30T11:04:27.958Z] [INFO]   - Payment status sync: Daily at 1:00 AM
[2026-04-30T11:04:27.958Z] [INFO]   - Reminder emails (7d/3d/final): Daily at 9:00 AM
[2026-04-30T11:04:27.958Z] [INFO]   - Incomplete users cleanup: Daily at 3:15 AM
[2026-04-30T11:04:27.958Z] [INFO]   - Pending users cleanup: Daily at 3:00 AM
[2026-04-30T11:04:27.958Z] [INFO]   - Deletion logs cleanup: Daily at 3:30 AM
[2026-04-30T11:04:27.958Z] [INFO]   - OTP daily limits cleanup: Daily at 3:45 AM
[2026-04-30T11:04:27.958Z] [INFO]   - Scheduled broadcasts: Every 5 minutes
[2026-04-30T11:04:27.958Z] [INFO]   - Session cleanup: Every hour
[2026-04-30T11:04:36.059Z] [INFO] Initializing cron jobs...
[2026-04-30T11:04:36.059Z] [INFO] Instance ID: DESKTOP-I1JLQUS-13732-44e71d80
[2026-04-30T11:04:36.066Z] [INFO] [File Cleanup] Email attachment cleanup worker initialized (daily at 4:00 AM)
[2026-04-30T11:04:36.060Z] [INFO] Distributed locking: ENABLED
[2026-04-30T11:04:36.069Z] [INFO] Plan transition job scheduled (daily at 2:00 AM)
[2026-04-30T11:04:36.064Z] [INFO] [Email Cron] Email broadcast worker initialized (every 1 minute)
[2026-04-30T11:04:36.066Z] [INFO] Email broadcast worker: Every 1 minute
[2026-04-30T11:04:36.066Z] [INFO] Email file cleanup: Daily at 4:00 AM
[2026-04-30T11:04:36.071Z] [INFO] Subscription lifecycle job scheduled (every hour)
[2026-04-30T11:04:36.075Z] [INFO] Payment status sync job scheduled (daily at 1:00 AM)
[2026-04-30T11:04:36.084Z] [INFO] Inventory expiry job scheduled (daily at 6:00 AM)
[2026-04-30T11:04:36.081Z] [INFO] Reminder job scheduled (daily at 9:00 AM)
[2026-04-30T11:04:36.086Z] [INFO] Scheduled broadcasts job initialized (every 5 minutes)
[2026-04-30T11:04:36.095Z] [INFO] All cron jobs initialized:
[2026-04-30T11:04:36.095Z] [INFO]   - Session cleanup: Every hour
[2026-04-30T11:04:36.095Z] [INFO]   - Subscription lifecycle + emails: Every hour
[2026-04-30T11:04:36.095Z] [INFO]   - Plan transition: Daily at 2:00 AM
[2026-04-30T11:04:36.095Z] [INFO]   - Payment status sync: Daily at 1:00 AM
[2026-04-30T11:04:36.095Z] [INFO]   - Inventory expiry checks + alerts: Daily at 6:00 AM
[2026-04-30T11:04:36.095Z] [INFO]   - Reminder emails (7d/3d/final): Daily at 9:00 AM
[2026-04-30T11:04:36.095Z] [INFO]   - Incomplete users cleanup: Daily at 3:15 AM
[2026-04-30T11:04:36.095Z] [INFO]   - Scheduled broadcasts: Every 5 minutes
[2026-04-30T11:04:36.095Z] [INFO]   - Pending users cleanup: Daily at 3:00 AM
[2026-04-30T11:04:36.095Z] [INFO]   - OTP daily limits cleanup: Daily at 3:45 AM
[2026-04-30T11:04:36.095Z] [INFO]   - Deletion logs cleanup: Daily at 3:30 AM
[2026-04-30T11:04:51.781Z] [INFO] Instance ID: DESKTOP-I1JLQUS-16428-e9f11857
[2026-04-30T11:04:51.780Z] [INFO] Initializing cron jobs...
[2026-04-30T11:04:51.781Z] [INFO] Distributed locking: ENABLED
[2026-04-30T11:04:51.785Z] [INFO] [Email Cron] Email broadcast worker initialized (every 1 minute)
[2026-04-30T11:04:51.788Z] [INFO] [File Cleanup] Email attachment cleanup worker initialized (daily at 4:00 AM)
[2026-04-30T11:04:51.788Z] [INFO] Email broadcast worker: Every 1 minute
[2026-04-30T11:04:51.790Z] [INFO] Plan transition job scheduled (daily at 2:00 AM)
[2026-04-30T11:04:51.792Z] [INFO] Subscription lifecycle job scheduled (every hour)
[2026-04-30T11:04:51.794Z] [INFO] Payment status sync job scheduled (daily at 1:00 AM)
[2026-04-30T11:04:51.798Z] [INFO] Inventory expiry job scheduled (daily at 6:00 AM)
[2026-04-30T11:04:51.800Z] [INFO] Scheduled broadcasts job initialized (every 5 minutes)
[2026-04-30T11:04:51.810Z] [INFO] All cron jobs initialized:
[2026-04-30T11:04:51.810Z] [INFO]   - Session cleanup: Every hour
[2026-04-30T11:04:51.810Z] [INFO]   - Subscription lifecycle + emails: Every hour
[2026-04-30T11:04:51.796Z] [INFO] Reminder job scheduled (daily at 9:00 AM)
[2026-04-30T11:04:51.788Z] [INFO] Email file cleanup: Daily at 4:00 AM
[2026-04-30T11:04:51.810Z] [INFO]   - Plan transition: Daily at 2:00 AM
[2026-04-30T11:04:51.810Z] [INFO]   - Inventory expiry checks + alerts: Daily at 6:00 AM
[2026-04-30T11:04:51.810Z] [INFO]   - Payment status sync: Daily at 1:00 AM
[2026-04-30T11:04:51.810Z] [INFO]   - Reminder emails (7d/3d/final): Daily at 9:00 AM
[2026-04-30T11:04:51.810Z] [INFO]   - Incomplete users cleanup: Daily at 3:15 AM
[2026-04-30T11:04:51.810Z] [INFO]   - Pending users cleanup: Daily at 3:00 AM
[2026-04-30T11:04:51.810Z] [INFO]   - OTP daily limits cleanup: Daily at 3:45 AM
[2026-04-30T11:04:51.810Z] [INFO]   - Scheduled broadcasts: Every 5 minutes
[2026-04-30T11:04:51.810Z] [INFO]   - Deletion logs cleanup: Daily at 3:30 AM
[2026-04-30T11:05:00.091Z] [INFO] Checking for scheduled broadcasts...
[2026-04-30T11:05:00.101Z] [INFO] No scheduled broadcasts due for sending
[2026-04-30T11:05:04.483Z] [INFO] Distributed locking: ENABLED
[2026-04-30T11:05:04.483Z] [INFO] Instance ID: DESKTOP-I1JLQUS-26492-1f99f980
[2026-04-30T11:05:04.483Z] [INFO] Initializing cron jobs...
[2026-04-30T11:05:04.487Z] [INFO] [Email Cron] Email broadcast worker initialized (every 1 minute)
[2026-04-30T11:05:04.489Z] [INFO] [File Cleanup] Email attachment cleanup worker initialized (daily at 4:00 AM)
[2026-04-30T11:05:04.489Z] [INFO] Email broadcast worker: Every 1 minute
[2026-04-30T11:05:04.489Z] [INFO] Email file cleanup: Daily at 4:00 AM
[2026-04-30T11:05:04.491Z] [INFO] Plan transition job scheduled (daily at 2:00 AM)
[2026-04-30T11:05:04.493Z] [INFO] Subscription lifecycle job scheduled (every hour)
[2026-04-30T11:05:04.497Z] [INFO] Payment status sync job scheduled (daily at 1:00 AM)
[2026-04-30T11:05:04.500Z] [INFO] Reminder job scheduled (daily at 9:00 AM)
[2026-04-30T11:05:04.503Z] [INFO] Inventory expiry job scheduled (daily at 6:00 AM)
[2026-04-30T11:05:04.506Z] [INFO] Scheduled broadcasts job initialized (every 5 minutes)
[2026-04-30T11:05:04.515Z] [INFO] All cron jobs initialized:
[2026-04-30T11:05:04.515Z] [INFO]   - Session cleanup: Every hour
[2026-04-30T11:05:04.515Z] [INFO]   - Plan transition: Daily at 2:00 AM
[2026-04-30T11:05:04.515Z] [INFO]   - Payment status sync: Daily at 1:00 AM
[2026-04-30T11:05:04.515Z] [INFO]   - Subscription lifecycle + emails: Every hour
[2026-04-30T11:05:04.515Z] [INFO]   - Pending users cleanup: Daily at 3:00 AM
[2026-04-30T11:05:04.515Z] [INFO]   - Reminder emails (7d/3d/final): Daily at 9:00 AM
[2026-04-30T11:05:04.516Z] [INFO]   - Scheduled broadcasts: Every 5 minutes
[2026-04-30T11:05:04.515Z] [INFO]   - Incomplete users cleanup: Daily at 3:15 AM
[2026-04-30T11:05:04.515Z] [INFO]   - Inventory expiry checks + alerts: Daily at 6:00 AM
[2026-04-30T11:05:04.516Z] [INFO]   - OTP daily limits cleanup: Daily at 3:45 AM
[2026-04-30T11:05:04.515Z] [INFO]   - Deletion logs cleanup: Daily at 3:30 AM
[2026-04-30T11:05:08.948Z] [INFO] Initializing cron jobs...
[2026-04-30T11:05:08.949Z] [INFO] Distributed locking: ENABLED
[2026-04-30T11:05:08.958Z] [INFO] [File Cleanup] Email attachment cleanup worker initialized (daily at 4:00 AM)
[2026-04-30T11:05:08.949Z] [INFO] Instance ID: DESKTOP-I1JLQUS-16764-0476cc1b
[2026-04-30T11:05:08.956Z] [INFO] [Email Cron] Email broadcast worker initialized (every 1 minute)
[2026-04-30T11:05:08.959Z] [INFO] Email file cleanup: Daily at 4:00 AM
[2026-04-30T11:05:08.959Z] [INFO] Email broadcast worker: Every 1 minute
[2026-04-30T11:05:08.964Z] [INFO] Plan transition job scheduled (daily at 2:00 AM)
[2026-04-30T11:05:08.974Z] [INFO] Payment status sync job scheduled (daily at 1:00 AM)
[2026-04-30T11:05:08.980Z] [INFO] Inventory expiry job scheduled (daily at 6:00 AM)
[2026-04-30T11:05:08.983Z] [INFO] Scheduled broadcasts job initialized (every 5 minutes)
[2026-04-30T11:05:08.993Z] [INFO]   - Session cleanup: Every hour
[2026-04-30T11:05:08.970Z] [INFO] Subscription lifecycle job scheduled (every hour)
[2026-04-30T11:05:08.993Z] [INFO]   - Plan transition: Daily at 2:00 AM
[2026-04-30T11:05:08.977Z] [INFO] Reminder job scheduled (daily at 9:00 AM)
[2026-04-30T11:05:08.993Z] [INFO]   - Subscription lifecycle + emails: Every hour
[2026-04-30T11:05:08.993Z] [INFO] All cron jobs initialized:
[2026-04-30T11:05:08.993Z] [INFO]   - Inventory expiry checks + alerts: Daily at 6:00 AM
[2026-04-30T11:05:08.993Z] [INFO]   - Pending users cleanup: Daily at 3:00 AM
[2026-04-30T11:05:08.993Z] [INFO]   - Reminder emails (7d/3d/final): Daily at 9:00 AM
[2026-04-30T11:05:08.993Z] [INFO]   - Payment status sync: Daily at 1:00 AM
[2026-04-30T11:05:08.993Z] [INFO]   - Incomplete users cleanup: Daily at 3:15 AM
[2026-04-30T11:05:08.993Z] [INFO]   - Deletion logs cleanup: Daily at 3:30 AM
[2026-04-30T11:05:08.993Z] [INFO]   - Scheduled broadcasts: Every 5 minutes
[2026-04-30T11:05:08.993Z] [INFO]   - OTP daily limits cleanup: Daily at 3:45 AM
[2026-04-30T11:05:19.515Z] [INFO] Initializing cron jobs...
[2026-04-30T11:05:19.516Z] [INFO] Instance ID: DESKTOP-I1JLQUS-4060-ab45310d
[2026-04-30T11:05:19.516Z] [INFO] Distributed locking: ENABLED
[2026-04-30T11:05:19.520Z] [INFO] [Email Cron] Email broadcast worker initialized (every 1 minute)
[2026-04-30T11:05:19.522Z] [INFO] [File Cleanup] Email attachment cleanup worker initialized (daily at 4:00 AM)
[2026-04-30T11:05:19.522Z] [INFO] Email broadcast worker: Every 1 minute
[2026-04-30T11:05:19.522Z] [INFO] Email file cleanup: Daily at 4:00 AM
[2026-04-30T11:05:19.524Z] [INFO] Plan transition job scheduled (daily at 2:00 AM)
[2026-04-30T11:05:19.527Z] [INFO] Subscription lifecycle job scheduled (every hour)
[2026-04-30T11:05:19.532Z] [INFO] Payment status sync job scheduled (daily at 1:00 AM)
[2026-04-30T11:05:19.536Z] [INFO] Reminder job scheduled (daily at 9:00 AM)
[2026-04-30T11:05:19.538Z] [INFO] Inventory expiry job scheduled (daily at 6:00 AM)
[2026-04-30T11:05:19.540Z] [INFO] Scheduled broadcasts job initialized (every 5 minutes)
[2026-04-30T11:05:19.547Z] [INFO]   - Session cleanup: Every hour
[2026-04-30T11:05:19.547Z] [INFO] All cron jobs initialized:
[2026-04-30T11:05:19.547Z] [INFO]   - Plan transition: Daily at 2:00 AM
[2026-04-30T11:05:19.547Z] [INFO]   - Subscription lifecycle + emails: Every hour
[2026-04-30T11:05:19.547Z] [INFO]   - Payment status sync: Daily at 1:00 AM
[2026-04-30T11:05:19.547Z] [INFO]   - Inventory expiry checks + alerts: Daily at 6:00 AM
[2026-04-30T11:05:19.547Z] [INFO]   - Incomplete users cleanup: Daily at 3:15 AM
[2026-04-30T11:05:19.547Z] [INFO]   - Reminder emails (7d/3d/final): Daily at 9:00 AM
[2026-04-30T11:05:19.547Z] [INFO]   - Pending users cleanup: Daily at 3:00 AM
[2026-04-30T11:05:19.547Z] [INFO]   - OTP daily limits cleanup: Daily at 3:45 AM
[2026-04-30T11:05:19.547Z] [INFO]   - Scheduled broadcasts: Every 5 minutes
[2026-04-30T11:05:19.547Z] [INFO]   - Deletion logs cleanup: Daily at 3:30 AM
[2026-04-30T11:05:33.521Z] [INFO] Instance ID: DESKTOP-I1JLQUS-25196-a3fbbcb4
[2026-04-30T11:05:33.521Z] [INFO] Distributed locking: ENABLED
[2026-04-30T11:05:33.526Z] [INFO] [Email Cron] Email broadcast worker initialized (every 1 minute)
[2026-04-30T11:05:33.528Z] [INFO] Email file cleanup: Daily at 4:00 AM
[2026-04-30T11:05:33.528Z] [INFO] Email broadcast worker: Every 1 minute
[2026-04-30T11:05:33.528Z] [INFO] [File Cleanup] Email attachment cleanup worker initialized (daily at 4:00 AM)
[2026-04-30T11:05:33.535Z] [INFO] Subscription lifecycle job scheduled (every hour)
[2026-04-30T11:05:33.521Z] [INFO] Initializing cron jobs...
[2026-04-30T11:05:33.531Z] [INFO] Plan transition job scheduled (daily at 2:00 AM)
[2026-04-30T11:05:33.538Z] [INFO] Payment status sync job scheduled (daily at 1:00 AM)
[2026-04-30T11:05:33.540Z] [INFO] Reminder job scheduled (daily at 9:00 AM)
[2026-04-30T11:05:33.542Z] [INFO] Inventory expiry job scheduled (daily at 6:00 AM)
[2026-04-30T11:05:33.545Z] [INFO] Scheduled broadcasts job initialized (every 5 minutes)
[2026-04-30T11:05:33.554Z] [INFO]   - Plan transition: Daily at 2:00 AM
[2026-04-30T11:05:33.553Z] [INFO] All cron jobs initialized:
[2026-04-30T11:05:33.554Z] [INFO]   - Subscription lifecycle + emails: Every hour
[2026-04-30T11:05:33.554Z] [INFO]   - Payment status sync: Daily at 1:00 AM
[2026-04-30T11:05:33.554Z] [INFO]   - Session cleanup: Every hour
[2026-04-30T11:05:33.554Z] [INFO]   - Incomplete users cleanup: Daily at 3:15 AM
[2026-04-30T11:05:33.554Z] [INFO]   - Reminder emails (7d/3d/final): Daily at 9:00 AM
[2026-04-30T11:05:33.554Z] [INFO]   - Scheduled broadcasts: Every 5 minutes
[2026-04-30T11:05:33.554Z] [INFO]   - Deletion logs cleanup: Daily at 3:30 AM
[2026-04-30T11:05:33.554Z] [INFO]   - Inventory expiry checks + alerts: Daily at 6:00 AM
[2026-04-30T11:05:33.554Z] [INFO]   - OTP daily limits cleanup: Daily at 3:45 AM
[2026-04-30T11:05:33.554Z] [INFO]   - Pending users cleanup: Daily at 3:00 AM
[2026-04-30T11:05:54.062Z] [INFO] Initializing cron jobs...
[2026-04-30T11:05:54.063Z] [INFO] Instance ID: DESKTOP-I1JLQUS-23920-1d3df6db
[2026-04-30T11:05:54.063Z] [INFO] Distributed locking: ENABLED
[2026-04-30T11:05:54.068Z] [INFO] [Email Cron] Email broadcast worker initialized (every 1 minute)
[2026-04-30T11:05:54.071Z] [INFO] Email broadcast worker: Every 1 minute
[2026-04-30T11:05:54.071Z] [INFO] Email file cleanup: Daily at 4:00 AM
[2026-04-30T11:05:54.073Z] [INFO] Plan transition job scheduled (daily at 2:00 AM)
[2026-04-30T11:05:54.071Z] [INFO] [File Cleanup] Email attachment cleanup worker initialized (daily at 4:00 AM)
[2026-04-30T11:05:54.075Z] [INFO] Subscription lifecycle job scheduled (every hour)
[2026-04-30T11:05:54.079Z] [INFO] Payment status sync job scheduled (daily at 1:00 AM)
[2026-04-30T11:05:54.082Z] [INFO] Reminder job scheduled (daily at 9:00 AM)
[2026-04-30T11:05:54.086Z] [INFO] Scheduled broadcasts job initialized (every 5 minutes)
[2026-04-30T11:05:54.097Z] [INFO]   - Session cleanup: Every hour
[2026-04-30T11:05:54.085Z] [INFO] Inventory expiry job scheduled (daily at 6:00 AM)
[2026-04-30T11:05:54.097Z] [INFO]   - Subscription lifecycle + emails: Every hour
[2026-04-30T11:05:54.097Z] [INFO] All cron jobs initialized:
[2026-04-30T11:05:54.097Z] [INFO]   - Plan transition: Daily at 2:00 AM
[2026-04-30T11:05:54.097Z] [INFO]   - Payment status sync: Daily at 1:00 AM
[2026-04-30T11:05:54.097Z] [INFO]   - Inventory expiry checks + alerts: Daily at 6:00 AM
[2026-04-30T11:05:54.097Z] [INFO]   - Reminder emails (7d/3d/final): Daily at 9:00 AM
[2026-04-30T11:05:54.097Z] [INFO]   - Pending users cleanup: Daily at 3:00 AM
[2026-04-30T11:05:54.097Z] [INFO]   - Incomplete users cleanup: Daily at 3:15 AM
[2026-04-30T11:05:54.097Z] [INFO]   - OTP daily limits cleanup: Daily at 3:45 AM
[2026-04-30T11:05:54.097Z] [INFO]   - Scheduled broadcasts: Every 5 minutes
[2026-04-30T11:05:54.097Z] [INFO]   - Deletion logs cleanup: Daily at 3:30 AM
[2026-04-30T11:06:06.553Z] [INFO] Instance ID: DESKTOP-I1JLQUS-18496-e39daee5
[2026-04-30T11:06:06.552Z] [INFO] Initializing cron jobs...
[2026-04-30T11:06:06.553Z] [INFO] Distributed locking: ENABLED
[2026-04-30T11:06:06.559Z] [INFO] [Email Cron] Email broadcast worker initialized (every 1 minute)
[2026-04-30T11:06:06.565Z] [INFO] Email broadcast worker: Every 1 minute
[2026-04-30T11:06:06.565Z] [INFO] [File Cleanup] Email attachment cleanup worker initialized (daily at 4:00 AM)
[2026-04-30T11:06:06.565Z] [INFO] Email file cleanup: Daily at 4:00 AM
[2026-04-30T11:06:06.568Z] [INFO] Plan transition job scheduled (daily at 2:00 AM)
[2026-04-30T11:06:06.571Z] [INFO] Subscription lifecycle job scheduled (every hour)
[2026-04-30T11:06:06.574Z] [INFO] Payment status sync job scheduled (daily at 1:00 AM)
[2026-04-30T11:06:06.578Z] [INFO] Inventory expiry job scheduled (daily at 6:00 AM)
[2026-04-30T11:06:06.577Z] [INFO] Reminder job scheduled (daily at 9:00 AM)
[2026-04-30T11:06:06.580Z] [INFO] Scheduled broadcasts job initialized (every 5 minutes)
[2026-04-30T11:06:06.588Z] [INFO] All cron jobs initialized:
[2026-04-30T11:06:06.588Z] [INFO]   - Session cleanup: Every hour
[2026-04-30T11:06:06.588Z] [INFO]   - Payment status sync: Daily at 1:00 AM
[2026-04-30T11:06:06.588Z] [INFO]   - Plan transition: Daily at 2:00 AM
[2026-04-30T11:06:06.588Z] [INFO]   - Inventory expiry checks + alerts: Daily at 6:00 AM
[2026-04-30T11:06:06.588Z] [INFO]   - Reminder emails (7d/3d/final): Daily at 9:00 AM
[2026-04-30T11:06:06.588Z] [INFO]   - Subscription lifecycle + emails: Every hour
[2026-04-30T11:06:06.588Z] [INFO]   - Pending users cleanup: Daily at 3:00 AM
[2026-04-30T11:06:06.588Z] [INFO]   - Deletion logs cleanup: Daily at 3:30 AM
[2026-04-30T11:06:06.588Z] [INFO]   - Incomplete users cleanup: Daily at 3:15 AM
[2026-04-30T11:06:06.588Z] [INFO]   - Scheduled broadcasts: Every 5 minutes
[2026-04-30T11:06:06.588Z] [INFO]   - OTP daily limits cleanup: Daily at 3:45 AM
[2026-04-30T11:06:14.009Z] [INFO] Initializing cron jobs...
[2026-04-30T11:06:14.009Z] [INFO] Distributed locking: ENABLED
[2026-04-30T11:06:14.009Z] [INFO] Instance ID: DESKTOP-I1JLQUS-22064-1de41ef1
[2026-04-30T11:06:14.017Z] [INFO] Email file cleanup: Daily at 4:00 AM
[2026-04-30T11:06:14.025Z] [INFO] Plan transition job scheduled (daily at 2:00 AM)
[2026-04-30T11:06:14.014Z] [INFO] [Email Cron] Email broadcast worker initialized (every 1 minute)
[2026-04-30T11:06:14.017Z] [INFO] Email broadcast worker: Every 1 minute
[2026-04-30T11:06:14.017Z] [INFO] [File Cleanup] Email attachment cleanup worker initialized (daily at 4:00 AM)
[2026-04-30T11:06:14.032Z] [INFO] Reminder job scheduled (daily at 9:00 AM)
[2026-04-30T11:06:14.027Z] [INFO] Subscription lifecycle job scheduled (every hour)
[2026-04-30T11:06:14.029Z] [INFO] Payment status sync job scheduled (daily at 1:00 AM)
[2026-04-30T11:06:14.035Z] [INFO] Scheduled broadcasts job initialized (every 5 minutes)
[2026-04-30T11:06:14.043Z] [INFO]   - Plan transition: Daily at 2:00 AM
[2026-04-30T11:06:14.033Z] [INFO] Inventory expiry job scheduled (daily at 6:00 AM)
[2026-04-30T11:06:14.043Z] [INFO] All cron jobs initialized:
[2026-04-30T11:06:14.043Z] [INFO]   - Session cleanup: Every hour
[2026-04-30T11:06:14.043Z] [INFO]   - Subscription lifecycle + emails: Every hour
[2026-04-30T11:06:14.043Z] [INFO]   - Inventory expiry checks + alerts: Daily at 6:00 AM
[2026-04-30T11:06:14.043Z] [INFO]   - Pending users cleanup: Daily at 3:00 AM
[2026-04-30T11:06:14.043Z] [INFO]   - Reminder emails (7d/3d/final): Daily at 9:00 AM
[2026-04-30T11:06:14.043Z] [INFO]   - Scheduled broadcasts: Every 5 minutes
[2026-04-30T11:06:14.043Z] [INFO]   - Incomplete users cleanup: Daily at 3:15 AM
[2026-04-30T11:06:14.043Z] [INFO]   - Payment status sync: Daily at 1:00 AM
[2026-04-30T11:06:14.043Z] [INFO]   - Deletion logs cleanup: Daily at 3:30 AM
[2026-04-30T11:06:14.043Z] [INFO]   - OTP daily limits cleanup: Daily at 3:45 AM
[2026-04-30T11:06:20.150Z] [INFO] Initializing cron jobs...
[2026-04-30T11:06:20.150Z] [INFO] Distributed locking: ENABLED
[2026-04-30T11:06:20.150Z] [INFO] Instance ID: DESKTOP-I1JLQUS-2724-4a83ed75
[2026-04-30T11:06:20.156Z] [INFO] [File Cleanup] Email attachment cleanup worker initialized (daily at 4:00 AM)
[2026-04-30T11:06:20.154Z] [INFO] [Email Cron] Email broadcast worker initialized (every 1 minute)
[2026-04-30T11:06:20.160Z] [INFO] Subscription lifecycle job scheduled (every hour)
[2026-04-30T11:06:20.162Z] [INFO] Payment status sync job scheduled (daily at 1:00 AM)
[2026-04-30T11:06:20.164Z] [INFO] Reminder job scheduled (daily at 9:00 AM)
[2026-04-30T11:06:20.166Z] [INFO] Inventory expiry job scheduled (daily at 6:00 AM)
[2026-04-30T11:06:20.167Z] [INFO] Scheduled broadcasts job initialized (every 5 minutes)
[2026-04-30T11:06:20.174Z] [INFO] All cron jobs initialized:
[2026-04-30T11:06:20.174Z] [INFO]   - Subscription lifecycle + emails: Every hour
[2026-04-30T11:06:20.174Z] [INFO]   - Plan transition: Daily at 2:00 AM
[2026-04-30T11:06:20.174Z] [INFO]   - Session cleanup: Every hour
[2026-04-30T11:06:20.174Z] [INFO]   - Inventory expiry checks + alerts: Daily at 6:00 AM
[2026-04-30T11:06:20.174Z] [INFO]   - Reminder emails (7d/3d/final): Daily at 9:00 AM
[2026-04-30T11:06:20.174Z] [INFO]   - Pending users cleanup: Daily at 3:00 AM
[2026-04-30T11:06:20.174Z] [INFO]   - Payment status sync: Daily at 1:00 AM
[2026-04-30T11:06:20.174Z] [INFO]   - Incomplete users cleanup: Daily at 3:15 AM
[2026-04-30T11:06:20.175Z] [INFO]   - Deletion logs cleanup: Daily at 3:30 AM
[2026-04-30T11:06:20.176Z] [INFO]   - OTP daily limits cleanup: Daily at 3:45 AM
[2026-04-30T11:06:20.176Z] [INFO]   - Scheduled broadcasts: Every 5 minutes
[2026-04-30T11:06:20.156Z] [INFO] Email file cleanup: Daily at 4:00 AM
[2026-04-30T11:06:20.156Z] [INFO] Email broadcast worker: Every 1 minute
[2026-04-30T11:06:20.158Z] [INFO] Plan transition job scheduled (daily at 2:00 AM)
[2026-04-30T11:06:24.675Z] [INFO] Initializing cron jobs...
[2026-04-30T11:06:24.676Z] [INFO] Distributed locking: ENABLED
[2026-04-30T11:06:24.681Z] [INFO] [Email Cron] Email broadcast worker initialized (every 1 minute)
[2026-04-30T11:06:24.683Z] [INFO] Email broadcast worker: Every 1 minute
[2026-04-30T11:06:24.676Z] [INFO] Instance ID: DESKTOP-I1JLQUS-10692-758a358a
[2026-04-30T11:06:24.683Z] [INFO] [File Cleanup] Email attachment cleanup worker initialized (daily at 4:00 AM)
[2026-04-30T11:06:24.683Z] [INFO] Email file cleanup: Daily at 4:00 AM
[2026-04-30T11:06:24.685Z] [INFO] Plan transition job scheduled (daily at 2:00 AM)
[2026-04-30T11:06:24.687Z] [INFO] Subscription lifecycle job scheduled (every hour)
[2026-04-30T11:06:24.696Z] [INFO] Payment status sync job scheduled (daily at 1:00 AM)
[2026-04-30T11:06:24.700Z] [INFO] Reminder job scheduled (daily at 9:00 AM)
[2026-04-30T11:06:24.707Z] [INFO] Inventory expiry job scheduled (daily at 6:00 AM)
[2026-04-30T11:06:24.709Z] [INFO] Scheduled broadcasts job initialized (every 5 minutes)
[2026-04-30T11:06:24.718Z] [INFO]   - Session cleanup: Every hour
[2026-04-30T11:06:24.718Z] [INFO] All cron jobs initialized:
[2026-04-30T11:06:24.718Z] [INFO]   - Subscription lifecycle + emails: Every hour
[2026-04-30T11:06:24.718Z] [INFO]   - Payment status sync: Daily at 1:00 AM
[2026-04-30T11:06:24.718Z] [INFO]   - Reminder emails (7d/3d/final): Daily at 9:00 AM
[2026-04-30T11:06:24.718Z] [INFO]   - Plan transition: Daily at 2:00 AM
[2026-04-30T11:06:24.718Z] [INFO]   - Inventory expiry checks + alerts: Daily at 6:00 AM
[2026-04-30T11:06:24.718Z] [INFO]   - Pending users cleanup: Daily at 3:00 AM
[2026-04-30T11:06:24.718Z] [INFO]   - Incomplete users cleanup: Daily at 3:15 AM
[2026-04-30T11:06:24.718Z] [INFO]   - OTP daily limits cleanup: Daily at 3:45 AM
[2026-04-30T11:06:24.718Z] [INFO]   - Deletion logs cleanup: Daily at 3:30 AM
[2026-04-30T11:06:24.718Z] [INFO]   - Scheduled broadcasts: Every 5 minutes
[2026-04-30T11:06:37.580Z] [INFO] Initializing cron jobs...
[2026-04-30T11:06:37.580Z] [INFO] Instance ID: DESKTOP-I1JLQUS-4628-9cf5fe3d
[2026-04-30T11:06:37.587Z] [INFO] [File Cleanup] Email attachment cleanup worker initialized (daily at 4:00 AM)
[2026-04-30T11:06:37.580Z] [INFO] Distributed locking: ENABLED
[2026-04-30T11:06:37.587Z] [INFO] Email file cleanup: Daily at 4:00 AM
[2026-04-30T11:06:37.587Z] [INFO] Email broadcast worker: Every 1 minute
[2026-04-30T11:06:37.591Z] [INFO] Subscription lifecycle job scheduled (every hour)
[2026-04-30T11:06:37.589Z] [INFO] Plan transition job scheduled (daily at 2:00 AM)
[2026-04-30T11:06:37.597Z] [INFO] Reminder job scheduled (daily at 9:00 AM)
[2026-04-30T11:06:37.594Z] [INFO] Payment status sync job scheduled (daily at 1:00 AM)
[2026-04-30T11:06:37.603Z] [INFO] Scheduled broadcasts job initialized (every 5 minutes)
[2026-04-30T11:06:37.601Z] [INFO] Inventory expiry job scheduled (daily at 6:00 AM)
[2026-04-30T11:06:37.618Z] [INFO]   - Session cleanup: Every hour
[2026-04-30T11:06:37.618Z] [INFO] All cron jobs initialized:
[2026-04-30T11:06:37.618Z] [INFO]   - Plan transition: Daily at 2:00 AM
[2026-04-30T11:06:37.618Z] [INFO]   - Subscription lifecycle + emails: Every hour
[2026-04-30T11:06:37.618Z] [INFO]   - Inventory expiry checks + alerts: Daily at 6:00 AM
[2026-04-30T11:06:37.618Z] [INFO]   - Reminder emails (7d/3d/final): Daily at 9:00 AM
[2026-04-30T11:06:37.618Z] [INFO]   - Pending users cleanup: Daily at 3:00 AM
[2026-04-30T11:06:37.618Z] [INFO]   - Deletion logs cleanup: Daily at 3:30 AM
[2026-04-30T11:06:37.618Z] [INFO]   - Incomplete users cleanup: Daily at 3:15 AM
[2026-04-30T11:06:37.618Z] [INFO]   - Scheduled broadcasts: Every 5 minutes
[2026-04-30T11:06:37.618Z] [INFO]   - OTP daily limits cleanup: Daily at 3:45 AM
[2026-04-30T11:06:37.585Z] [INFO] [Email Cron] Email broadcast worker initialized (every 1 minute)
[2026-04-30T11:06:37.618Z] [INFO]   - Payment status sync: Daily at 1:00 AM
[2026-04-30T11:06:47.445Z] [INFO] Distributed locking: ENABLED
[2026-04-30T11:06:47.445Z] [INFO] Instance ID: DESKTOP-I1JLQUS-7448-9fe3aceb
[2026-04-30T11:06:47.450Z] [INFO] [Email Cron] Email broadcast worker initialized (every 1 minute)
[2026-04-30T11:06:47.452Z] [INFO] Email broadcast worker: Every 1 minute
[2026-04-30T11:06:47.452Z] [INFO] [File Cleanup] Email attachment cleanup worker initialized (daily at 4:00 AM)
[2026-04-30T11:06:47.445Z] [INFO] Initializing cron jobs...
[2026-04-30T11:06:47.452Z] [INFO] Email file cleanup: Daily at 4:00 AM
[2026-04-30T11:06:47.456Z] [INFO] Subscription lifecycle job scheduled (every hour)
[2026-04-30T11:06:47.459Z] [INFO] Payment status sync job scheduled (daily at 1:00 AM)
[2026-04-30T11:06:47.462Z] [INFO] Inventory expiry job scheduled (daily at 6:00 AM)
[2026-04-30T11:06:47.473Z] [INFO] All cron jobs initialized:
[2026-04-30T11:06:47.473Z] [INFO]   - Plan transition: Daily at 2:00 AM
[2026-04-30T11:06:47.464Z] [INFO] Scheduled broadcasts job initialized (every 5 minutes)
[2026-04-30T11:06:47.454Z] [INFO] Plan transition job scheduled (daily at 2:00 AM)
[2026-04-30T11:06:47.473Z] [INFO]   - Session cleanup: Every hour
[2026-04-30T11:06:47.473Z] [INFO]   - Payment status sync: Daily at 1:00 AM
[2026-04-30T11:06:47.473Z] [INFO]   - Inventory expiry checks + alerts: Daily at 6:00 AM
[2026-04-30T11:06:47.473Z] [INFO]   - Reminder emails (7d/3d/final): Daily at 9:00 AM
[2026-04-30T11:06:47.473Z] [INFO]   - Incomplete users cleanup: Daily at 3:15 AM
[2026-04-30T11:06:47.473Z] [INFO]   - Subscription lifecycle + emails: Every hour
[2026-04-30T11:06:47.461Z] [INFO] Reminder job scheduled (daily at 9:00 AM)
[2026-04-30T11:06:47.473Z] [INFO]   - Deletion logs cleanup: Daily at 3:30 AM
[2026-04-30T11:06:47.473Z] [INFO]   - OTP daily limits cleanup: Daily at 3:45 AM
[2026-04-30T11:06:47.473Z] [INFO]   - Scheduled broadcasts: Every 5 minutes
[2026-04-30T11:06:47.473Z] [INFO]   - Pending users cleanup: Daily at 3:00 AM
[2026-04-30T11:06:53.695Z] [INFO] Instance ID: DESKTOP-I1JLQUS-4660-04d48515
[2026-04-30T11:06:53.694Z] [INFO] Initializing cron jobs...
[2026-04-30T11:06:53.695Z] [INFO] Distributed locking: ENABLED
[2026-04-30T11:06:53.703Z] [INFO] [Email Cron] Email broadcast worker initialized (every 1 minute)
[2026-04-30T11:06:53.705Z] [INFO] [File Cleanup] Email attachment cleanup worker initialized (daily at 4:00 AM)
[2026-04-30T11:06:53.705Z] [INFO] Email file cleanup: Daily at 4:00 AM
[2026-04-30T11:06:53.707Z] [INFO] Plan transition job scheduled (daily at 2:00 AM)
[2026-04-30T11:06:53.711Z] [INFO] Payment status sync job scheduled (daily at 1:00 AM)
[2026-04-30T11:06:53.710Z] [INFO] Subscription lifecycle job scheduled (every hour)
[2026-04-30T11:06:53.717Z] [INFO] Scheduled broadcasts job initialized (every 5 minutes)
[2026-04-30T11:06:53.724Z] [INFO] All cron jobs initialized:
[2026-04-30T11:06:53.715Z] [INFO] Inventory expiry job scheduled (daily at 6:00 AM)
[2026-04-30T11:06:53.724Z] [INFO]   - Session cleanup: Every hour
[2026-04-30T11:06:53.725Z] [INFO]   - Plan transition: Daily at 2:00 AM
[2026-04-30T11:06:53.725Z] [INFO]   - Reminder emails (7d/3d/final): Daily at 9:00 AM
[2026-04-30T11:06:53.725Z] [INFO]   - Subscription lifecycle + emails: Every hour
[2026-04-30T11:06:53.725Z] [INFO]   - Inventory expiry checks + alerts: Daily at 6:00 AM
[2026-04-30T11:06:53.725Z] [INFO]   - Pending users cleanup: Daily at 3:00 AM
[2026-04-30T11:06:53.725Z] [INFO]   - Payment status sync: Daily at 1:00 AM
[2026-04-30T11:06:53.725Z] [INFO]   - Deletion logs cleanup: Daily at 3:30 AM
[2026-04-30T11:06:53.725Z] [INFO]   - Incomplete users cleanup: Daily at 3:15 AM
[2026-04-30T11:06:53.713Z] [INFO] Reminder job scheduled (daily at 9:00 AM)
[2026-04-30T11:06:53.725Z] [INFO]   - OTP daily limits cleanup: Daily at 3:45 AM
[2026-04-30T11:06:53.725Z] [INFO]   - Scheduled broadcasts: Every 5 minutes
[2026-04-30T11:06:53.705Z] [INFO] Email broadcast worker: Every 1 minute
[2026-04-30T11:07:14.891Z] [INFO] Initializing cron jobs...
[2026-04-30T11:07:14.891Z] [INFO] Distributed locking: ENABLED
[2026-04-30T11:07:14.891Z] [INFO] Instance ID: DESKTOP-I1JLQUS-18944-20a3d752
[2026-04-30T11:07:14.902Z] [INFO] [File Cleanup] Email attachment cleanup worker initialized (daily at 4:00 AM)
[2026-04-30T11:07:14.902Z] [INFO] Email broadcast worker: Every 1 minute
[2026-04-30T11:07:14.898Z] [INFO] [Email Cron] Email broadcast worker initialized (every 1 minute)
[2026-04-30T11:07:14.906Z] [INFO] Plan transition job scheduled (daily at 2:00 AM)
[2026-04-30T11:07:14.909Z] [INFO] Subscription lifecycle job scheduled (every hour)
[2026-04-30T11:07:14.914Z] [INFO] Reminder job scheduled (daily at 9:00 AM)
[2026-04-30T11:07:14.912Z] [INFO] Payment status sync job scheduled (daily at 1:00 AM)
[2026-04-30T11:07:14.902Z] [INFO] Email file cleanup: Daily at 4:00 AM
[2026-04-30T11:07:14.918Z] [INFO] Inventory expiry job scheduled (daily at 6:00 AM)
[2026-04-30T11:07:14.921Z] [INFO] Scheduled broadcasts job initialized (every 5 minutes)
[2026-04-30T11:07:14.930Z] [INFO]   - Plan transition: Daily at 2:00 AM
[2026-04-30T11:07:14.930Z] [INFO]   - Session cleanup: Every hour
[2026-04-30T11:07:14.930Z] [INFO]   - Subscription lifecycle + emails: Every hour
[2026-04-30T11:07:14.930Z] [INFO] All cron jobs initialized:
[2026-04-30T11:07:14.930Z] [INFO]   - Payment status sync: Daily at 1:00 AM
[2026-04-30T11:07:14.930Z] [INFO]   - Inventory expiry checks + alerts: Daily at 6:00 AM
[2026-04-30T11:07:14.930Z] [INFO]   - Incomplete users cleanup: Daily at 3:15 AM
[2026-04-30T11:07:14.930Z] [INFO]   - Reminder emails (7d/3d/final): Daily at 9:00 AM
[2026-04-30T11:07:14.930Z] [INFO]   - Pending users cleanup: Daily at 3:00 AM
[2026-04-30T11:07:14.930Z] [INFO]   - Deletion logs cleanup: Daily at 3:30 AM
[2026-04-30T11:07:14.930Z] [INFO]   - OTP daily limits cleanup: Daily at 3:45 AM
[2026-04-30T11:07:14.930Z] [INFO]   - Scheduled broadcasts: Every 5 minutes
[2026-04-30T11:07:23.671Z] [INFO] Distributed locking: ENABLED
[2026-04-30T11:07:23.671Z] [INFO] Initializing cron jobs...
[2026-04-30T11:07:23.671Z] [INFO] Instance ID: DESKTOP-I1JLQUS-2948-d089374b
[2026-04-30T11:07:23.677Z] [INFO] [Email Cron] Email broadcast worker initialized (every 1 minute)
[2026-04-30T11:07:23.679Z] [INFO] Email file cleanup: Daily at 4:00 AM
[2026-04-30T11:07:23.679Z] [INFO] [File Cleanup] Email attachment cleanup worker initialized (daily at 4:00 AM)
[2026-04-30T11:07:23.679Z] [INFO] Email broadcast worker: Every 1 minute
[2026-04-30T11:07:23.685Z] [INFO] Plan transition job scheduled (daily at 2:00 AM)
[2026-04-30T11:07:23.688Z] [INFO] Subscription lifecycle job scheduled (every hour)
[2026-04-30T11:07:23.694Z] [INFO] Reminder job scheduled (daily at 9:00 AM)
[2026-04-30T11:07:23.691Z] [INFO] Payment status sync job scheduled (daily at 1:00 AM)
[2026-04-30T11:07:23.696Z] [INFO] Inventory expiry job scheduled (daily at 6:00 AM)
[2026-04-30T11:07:23.698Z] [INFO] Scheduled broadcasts job initialized (every 5 minutes)
[2026-04-30T11:07:23.706Z] [INFO]   - Subscription lifecycle + emails: Every hour
[2026-04-30T11:07:23.706Z] [INFO] All cron jobs initialized:
[2026-04-30T11:07:23.706Z] [INFO]   - Plan transition: Daily at 2:00 AM
[2026-04-30T11:07:23.707Z] [INFO]   - Inventory expiry checks + alerts: Daily at 6:00 AM
[2026-04-30T11:07:23.706Z] [INFO]   - Session cleanup: Every hour
[2026-04-30T11:07:23.706Z] [INFO]   - Payment status sync: Daily at 1:00 AM
[2026-04-30T11:07:23.707Z] [INFO]   - Reminder emails (7d/3d/final): Daily at 9:00 AM
[2026-04-30T11:07:23.707Z] [INFO]   - Incomplete users cleanup: Daily at 3:15 AM
[2026-04-30T11:07:23.707Z] [INFO]   - Pending users cleanup: Daily at 3:00 AM
[2026-04-30T11:07:23.707Z] [INFO]   - Deletion logs cleanup: Daily at 3:30 AM
[2026-04-30T11:07:23.707Z] [INFO]   - OTP daily limits cleanup: Daily at 3:45 AM
[2026-04-30T11:07:23.707Z] [INFO]   - Scheduled broadcasts: Every 5 minutes
[2026-04-30T11:07:34.486Z] [INFO] Distributed locking: ENABLED
[2026-04-30T11:07:34.486Z] [INFO] Instance ID: DESKTOP-I1JLQUS-27256-edd842fc
[2026-04-30T11:07:34.485Z] [INFO] Initializing cron jobs...
[2026-04-30T11:07:34.490Z] [INFO] [Email Cron] Email broadcast worker initialized (every 1 minute)
[2026-04-30T11:07:34.492Z] [INFO] [File Cleanup] Email attachment cleanup worker initialized (daily at 4:00 AM)
[2026-04-30T11:07:34.492Z] [INFO] Email broadcast worker: Every 1 minute
[2026-04-30T11:07:34.492Z] [INFO] Email file cleanup: Daily at 4:00 AM
[2026-04-30T11:07:34.494Z] [INFO] Plan transition job scheduled (daily at 2:00 AM)
[2026-04-30T11:07:34.495Z] [INFO] Subscription lifecycle job scheduled (every hour)
[2026-04-30T11:07:34.496Z] [INFO] Payment status sync job scheduled (daily at 1:00 AM)
[2026-04-30T11:07:34.500Z] [INFO] Inventory expiry job scheduled (daily at 6:00 AM)
[2026-04-30T11:07:34.498Z] [INFO] Reminder job scheduled (daily at 9:00 AM)
[2026-04-30T11:07:34.501Z] [INFO] Scheduled broadcasts job initialized (every 5 minutes)
[2026-04-30T11:07:34.509Z] [INFO]   - Session cleanup: Every hour
[2026-04-30T11:07:34.509Z] [INFO] All cron jobs initialized:
[2026-04-30T11:07:34.509Z] [INFO]   - Payment status sync: Daily at 1:00 AM
[2026-04-30T11:07:34.509Z] [INFO]   - Inventory expiry checks + alerts: Daily at 6:00 AM
[2026-04-30T11:07:34.509Z] [INFO]   - Plan transition: Daily at 2:00 AM
[2026-04-30T11:07:34.509Z] [INFO]   - Reminder emails (7d/3d/final): Daily at 9:00 AM
[2026-04-30T11:07:34.509Z] [INFO]   - Subscription lifecycle + emails: Every hour
[2026-04-30T11:07:34.509Z] [INFO]   - Pending users cleanup: Daily at 3:00 AM
[2026-04-30T11:07:34.509Z] [INFO]   - Scheduled broadcasts: Every 5 minutes
[2026-04-30T11:07:34.509Z] [INFO]   - OTP daily limits cleanup: Daily at 3:45 AM
[2026-04-30T11:07:34.509Z] [INFO]   - Deletion logs cleanup: Daily at 3:30 AM
[2026-04-30T11:07:34.509Z] [INFO]   - Incomplete users cleanup: Daily at 3:15 AM
[2026-04-30T11:07:38.276Z] [INFO] Instance ID: DESKTOP-I1JLQUS-11272-10c07c27
[2026-04-30T11:07:38.276Z] [INFO] Distributed locking: ENABLED
[2026-04-30T11:07:38.275Z] [INFO] Initializing cron jobs...
[2026-04-30T11:07:38.285Z] [INFO] [Email Cron] Email broadcast worker initialized (every 1 minute)
[2026-04-30T11:07:38.287Z] [INFO] Email broadcast worker: Every 1 minute
[2026-04-30T11:07:38.287Z] [INFO] [File Cleanup] Email attachment cleanup worker initialized (daily at 4:00 AM)
[2026-04-30T11:07:38.287Z] [INFO] Email file cleanup: Daily at 4:00 AM
[2026-04-30T11:07:38.290Z] [INFO] Plan transition job scheduled (daily at 2:00 AM)
[2026-04-30T11:07:38.293Z] [INFO] Subscription lifecycle job scheduled (every hour)
[2026-04-30T11:07:38.296Z] [INFO] Payment status sync job scheduled (daily at 1:00 AM)
[2026-04-30T11:07:38.298Z] [INFO] Reminder job scheduled (daily at 9:00 AM)
[2026-04-30T11:07:38.301Z] [INFO] Inventory expiry job scheduled (daily at 6:00 AM)
[2026-04-30T11:07:38.304Z] [INFO] Scheduled broadcasts job initialized (every 5 minutes)
[2026-04-30T11:07:38.313Z] [INFO]   - Plan transition: Daily at 2:00 AM
[2026-04-30T11:07:38.313Z] [INFO]   - Subscription lifecycle + emails: Every hour
[2026-04-30T11:07:38.313Z] [INFO] All cron jobs initialized:
[2026-04-30T11:07:38.313Z] [INFO]   - Session cleanup: Every hour
[2026-04-30T11:07:38.314Z] [INFO]   - Inventory expiry checks + alerts: Daily at 6:00 AM
[2026-04-30T11:07:38.314Z] [INFO]   - Reminder emails (7d/3d/final): Daily at 9:00 AM
[2026-04-30T11:07:38.313Z] [INFO]   - Payment status sync: Daily at 1:00 AM
[2026-04-30T11:07:38.314Z] [INFO]   - Pending users cleanup: Daily at 3:00 AM
[2026-04-30T11:07:38.314Z] [INFO]   - Incomplete users cleanup: Daily at 3:15 AM
[2026-04-30T11:07:38.314Z] [INFO]   - Scheduled broadcasts: Every 5 minutes
[2026-04-30T11:07:38.314Z] [INFO]   - Deletion logs cleanup: Daily at 3:30 AM
[2026-04-30T11:07:38.314Z] [INFO]   - OTP daily limits cleanup: Daily at 3:45 AM
[2026-04-30T11:07:41.383Z] [INFO] Initializing cron jobs...
[2026-04-30T11:07:41.384Z] [INFO] Distributed locking: ENABLED
[2026-04-30T11:07:41.384Z] [INFO] Instance ID: DESKTOP-I1JLQUS-15100-2dbd3c20
[2026-04-30T11:07:41.388Z] [INFO] [Email Cron] Email broadcast worker initialized (every 1 minute)
[2026-04-30T11:07:41.390Z] [INFO] [File Cleanup] Email attachment cleanup worker initialized (daily at 4:00 AM)
[2026-04-30T11:07:41.392Z] [INFO] Plan transition job scheduled (daily at 2:00 AM)
[2026-04-30T11:07:41.390Z] [INFO] Email file cleanup: Daily at 4:00 AM
[2026-04-30T11:07:41.390Z] [INFO] Email broadcast worker: Every 1 minute
[2026-04-30T11:07:41.395Z] [INFO] Subscription lifecycle job scheduled (every hour)
[2026-04-30T11:07:41.396Z] [INFO] Payment status sync job scheduled (daily at 1:00 AM)
[2026-04-30T11:07:41.398Z] [INFO] Reminder job scheduled (daily at 9:00 AM)
[2026-04-30T11:07:41.400Z] [INFO] Inventory expiry job scheduled (daily at 6:00 AM)
[2026-04-30T11:07:41.404Z] [INFO] Scheduled broadcasts job initialized (every 5 minutes)
[2026-04-30T11:07:41.412Z] [INFO] All cron jobs initialized:
[2026-04-30T11:07:41.412Z] [INFO]   - Session cleanup: Every hour
[2026-04-30T11:07:41.412Z] [INFO]   - Subscription lifecycle + emails: Every hour
[2026-04-30T11:07:41.412Z] [INFO]   - Plan transition: Daily at 2:00 AM
[2026-04-30T11:07:41.412Z] [INFO]   - Payment status sync: Daily at 1:00 AM
[2026-04-30T11:07:41.412Z] [INFO]   - Inventory expiry checks + alerts: Daily at 6:00 AM
[2026-04-30T11:07:41.412Z] [INFO]   - Pending users cleanup: Daily at 3:00 AM
[2026-04-30T11:07:41.412Z] [INFO]   - Deletion logs cleanup: Daily at 3:30 AM
[2026-04-30T11:07:41.412Z] [INFO]   - Scheduled broadcasts: Every 5 minutes
[2026-04-30T11:07:41.412Z] [INFO]   - Incomplete users cleanup: Daily at 3:15 AM
[2026-04-30T11:07:41.412Z] [INFO]   - Reminder emails (7d/3d/final): Daily at 9:00 AM
[2026-04-30T11:07:41.412Z] [INFO]   - OTP daily limits cleanup: Daily at 3:45 AM
[2026-04-30T11:07:42.983Z] [INFO] Instance ID: DESKTOP-I1JLQUS-25936-9ee8c0cb
[2026-04-30T11:07:42.983Z] [INFO] Initializing cron jobs...
[2026-04-30T11:07:42.984Z] [INFO] Distributed locking: ENABLED
[2026-04-30T11:07:42.988Z] [INFO] [Email Cron] Email broadcast worker initialized (every 1 minute)
[2026-04-30T11:07:42.991Z] [INFO] [File Cleanup] Email attachment cleanup worker initialized (daily at 4:00 AM)
[2026-04-30T11:07:42.991Z] [INFO] Email file cleanup: Daily at 4:00 AM
[2026-04-30T11:07:42.993Z] [INFO] Plan transition job scheduled (daily at 2:00 AM)
[2026-04-30T11:07:42.991Z] [INFO] Email broadcast worker: Every 1 minute
[2026-04-30T11:07:42.995Z] [INFO] Subscription lifecycle job scheduled (every hour)
[2026-04-30T11:07:42.997Z] [INFO] Payment status sync job scheduled (daily at 1:00 AM)
[2026-04-30T11:07:43.000Z] [INFO] Reminder job scheduled (daily at 9:00 AM)
[2026-04-30T11:07:43.002Z] [INFO] Inventory expiry job scheduled (daily at 6:00 AM)
[2026-04-30T11:07:43.003Z] [INFO] Scheduled broadcasts job initialized (every 5 minutes)
[2026-04-30T11:07:43.013Z] [INFO]   - Plan transition: Daily at 2:00 AM
[2026-04-30T11:07:43.013Z] [INFO] All cron jobs initialized:
[2026-04-30T11:07:43.014Z] [INFO]   - Subscription lifecycle + emails: Every hour
[2026-04-30T11:07:43.013Z] [INFO]   - Session cleanup: Every hour
[2026-04-30T11:07:43.014Z] [INFO]   - Inventory expiry checks + alerts: Daily at 6:00 AM
[2026-04-30T11:07:43.014Z] [INFO]   - Payment status sync: Daily at 1:00 AM
[2026-04-30T11:07:43.014Z] [INFO]   - Reminder emails (7d/3d/final): Daily at 9:00 AM
[2026-04-30T11:07:43.014Z] [INFO]   - Incomplete users cleanup: Daily at 3:15 AM
[2026-04-30T11:07:43.014Z] [INFO]   - Pending users cleanup: Daily at 3:00 AM
[2026-04-30T11:07:43.014Z] [INFO]   - Scheduled broadcasts: Every 5 minutes
[2026-04-30T11:07:43.014Z] [INFO]   - OTP daily limits cleanup: Daily at 3:45 AM
[2026-04-30T11:07:43.014Z] [INFO]   - Deletion logs cleanup: Daily at 3:30 AM
[2026-04-30T11:07:51.105Z] [INFO] Initializing cron jobs...
[2026-04-30T11:07:51.105Z] [INFO] Instance ID: DESKTOP-I1JLQUS-1860-993c20b9
[2026-04-30T11:07:51.111Z] [INFO] [Email Cron] Email broadcast worker initialized (every 1 minute)
[2026-04-30T11:07:51.112Z] [INFO] [File Cleanup] Email attachment cleanup worker initialized (daily at 4:00 AM)
[2026-04-30T11:07:51.113Z] [INFO] Email broadcast worker: Every 1 minute
[2026-04-30T11:07:51.115Z] [INFO] Plan transition job scheduled (daily at 2:00 AM)
[2026-04-30T11:07:51.116Z] [INFO] Subscription lifecycle job scheduled (every hour)
[2026-04-30T11:07:51.118Z] [INFO] Payment status sync job scheduled (daily at 1:00 AM)
[2026-04-30T11:07:51.120Z] [INFO] Reminder job scheduled (daily at 9:00 AM)
[2026-04-30T11:07:51.122Z] [INFO] Inventory expiry job scheduled (daily at 6:00 AM)
[2026-04-30T11:07:51.123Z] [INFO] Scheduled broadcasts job initialized (every 5 minutes)
[2026-04-30T11:07:51.132Z] [INFO]   - Session cleanup: Every hour
[2026-04-30T11:07:51.132Z] [INFO] All cron jobs initialized:
[2026-04-30T11:07:51.132Z] [INFO]   - Subscription lifecycle + emails: Every hour
[2026-04-30T11:07:51.132Z] [INFO]   - Payment status sync: Daily at 1:00 AM
[2026-04-30T11:07:51.132Z] [INFO]   - Pending users cleanup: Daily at 3:00 AM
[2026-04-30T11:07:51.132Z] [INFO]   - Inventory expiry checks + alerts: Daily at 6:00 AM
[2026-04-30T11:07:51.132Z] [INFO]   - Reminder emails (7d/3d/final): Daily at 9:00 AM
[2026-04-30T11:07:51.132Z] [INFO]   - Incomplete users cleanup: Daily at 3:15 AM
[2026-04-30T11:07:51.133Z] [INFO]   - Deletion logs cleanup: Daily at 3:30 AM
[2026-04-30T11:07:51.133Z] [INFO]   - Scheduled broadcasts: Every 5 minutes
[2026-04-30T11:07:51.133Z] [INFO]   - OTP daily limits cleanup: Daily at 3:45 AM
[2026-04-30T11:07:51.113Z] [INFO] Email file cleanup: Daily at 4:00 AM
[2026-04-30T11:07:51.106Z] [INFO] Distributed locking: ENABLED
[2026-04-30T11:07:51.132Z] [INFO]   - Plan transition: Daily at 2:00 AM
[2026-04-30T11:07:57.884Z] [INFO] Initializing cron jobs...
[2026-04-30T11:07:57.884Z] [INFO] Distributed locking: ENABLED
[2026-04-30T11:07:57.884Z] [INFO] Instance ID: DESKTOP-I1JLQUS-21480-d95e6275
[2026-04-30T11:07:57.890Z] [INFO] [Email Cron] Email broadcast worker initialized (every 1 minute)
[2026-04-30T11:07:57.892Z] [INFO] [File Cleanup] Email attachment cleanup worker initialized (daily at 4:00 AM)
[2026-04-30T11:07:57.893Z] [INFO] Email file cleanup: Daily at 4:00 AM
[2026-04-30T11:07:57.893Z] [INFO] Email broadcast worker: Every 1 minute
[2026-04-30T11:07:57.896Z] [INFO] Plan transition job scheduled (daily at 2:00 AM)
[2026-04-30T11:07:57.898Z] [INFO] Subscription lifecycle job scheduled (every hour)
[2026-04-30T11:07:57.900Z] [INFO] Payment status sync job scheduled (daily at 1:00 AM)
[2026-04-30T11:07:57.902Z] [INFO] Reminder job scheduled (daily at 9:00 AM)
[2026-04-30T11:07:57.903Z] [INFO] Inventory expiry job scheduled (daily at 6:00 AM)
[2026-04-30T11:07:57.905Z] [INFO] Scheduled broadcasts job initialized (every 5 minutes)
[2026-04-30T11:07:57.911Z] [INFO] All cron jobs initialized:
[2026-04-30T11:07:57.912Z] [INFO]   - Subscription lifecycle + emails: Every hour
[2026-04-30T11:07:57.912Z] [INFO]   - Plan transition: Daily at 2:00 AM
[2026-04-30T11:07:57.911Z] [INFO]   - Session cleanup: Every hour
[2026-04-30T11:07:57.912Z] [INFO]   - Payment status sync: Daily at 1:00 AM
[2026-04-30T11:07:57.912Z] [INFO]   - Inventory expiry checks + alerts: Daily at 6:00 AM
[2026-04-30T11:07:57.912Z] [INFO]   - Incomplete users cleanup: Daily at 3:15 AM
[2026-04-30T11:07:57.912Z] [INFO]   - Deletion logs cleanup: Daily at 3:30 AM
[2026-04-30T11:07:57.912Z] [INFO]   - Pending users cleanup: Daily at 3:00 AM
[2026-04-30T11:07:57.912Z] [INFO]   - Reminder emails (7d/3d/final): Daily at 9:00 AM
[2026-04-30T11:07:57.912Z] [INFO]   - Scheduled broadcasts: Every 5 minutes
[2026-04-30T11:07:57.912Z] [INFO]   - OTP daily limits cleanup: Daily at 3:45 AM
[2026-04-30T11:08:03.812Z] [INFO] Initializing cron jobs...
[2026-04-30T11:08:03.813Z] [INFO] Instance ID: DESKTOP-I1JLQUS-7904-4f6e3d0d
[2026-04-30T11:08:03.813Z] [INFO] Distributed locking: ENABLED
[2026-04-30T11:08:03.817Z] [INFO] [Email Cron] Email broadcast worker initialized (every 1 minute)
[2026-04-30T11:08:03.819Z] [INFO] [File Cleanup] Email attachment cleanup worker initialized (daily at 4:00 AM)
[2026-04-30T11:08:03.819Z] [INFO] Email file cleanup: Daily at 4:00 AM
[2026-04-30T11:08:03.819Z] [INFO] Email broadcast worker: Every 1 minute
[2026-04-30T11:08:03.821Z] [INFO] Plan transition job scheduled (daily at 2:00 AM)
[2026-04-30T11:08:03.823Z] [INFO] Subscription lifecycle job scheduled (every hour)
[2026-04-30T11:08:03.825Z] [INFO] Payment status sync job scheduled (daily at 1:00 AM)
[2026-04-30T11:08:03.827Z] [INFO] Reminder job scheduled (daily at 9:00 AM)
[2026-04-30T11:08:03.829Z] [INFO] Inventory expiry job scheduled (daily at 6:00 AM)
[2026-04-30T11:08:03.832Z] [INFO] Scheduled broadcasts job initialized (every 5 minutes)
[2026-04-30T11:08:03.840Z] [INFO] All cron jobs initialized:
[2026-04-30T11:08:03.840Z] [INFO]   - Session cleanup: Every hour
[2026-04-30T11:08:03.840Z] [INFO]   - Subscription lifecycle + emails: Every hour
[2026-04-30T11:08:03.840Z] [INFO]   - Plan transition: Daily at 2:00 AM
[2026-04-30T11:08:03.840Z] [INFO]   - Payment status sync: Daily at 1:00 AM
[2026-04-30T11:08:03.840Z] [INFO]   - Reminder emails (7d/3d/final): Daily at 9:00 AM
[2026-04-30T11:08:03.840Z] [INFO]   - Inventory expiry checks + alerts: Daily at 6:00 AM
[2026-04-30T11:08:03.841Z] [INFO]   - Pending users cleanup: Daily at 3:00 AM
[2026-04-30T11:08:03.841Z] [INFO]   - Incomplete users cleanup: Daily at 3:15 AM
[2026-04-30T11:08:03.841Z] [INFO]   - OTP daily limits cleanup: Daily at 3:45 AM
[2026-04-30T11:08:03.841Z] [INFO]   - Deletion logs cleanup: Daily at 3:30 AM
[2026-04-30T11:08:03.841Z] [INFO]   - Scheduled broadcasts: Every 5 minutes
[2026-04-30T11:08:26.060Z] [INFO] Initializing cron jobs...
[2026-04-30T11:08:26.060Z] [INFO] Instance ID: DESKTOP-I1JLQUS-23568-aa8ccfee
[2026-04-30T11:08:26.060Z] [INFO] Distributed locking: ENABLED
[2026-04-30T11:08:26.064Z] [INFO] [Email Cron] Email broadcast worker initialized (every 1 minute)
[2026-04-30T11:08:26.067Z] [INFO] Email broadcast worker: Every 1 minute
[2026-04-30T11:08:26.067Z] [INFO] [File Cleanup] Email attachment cleanup worker initialized (daily at 4:00 AM)
[2026-04-30T11:08:26.070Z] [INFO] Plan transition job scheduled (daily at 2:00 AM)
[2026-04-30T11:08:26.067Z] [INFO] Email file cleanup: Daily at 4:00 AM
[2026-04-30T11:08:26.071Z] [INFO] Subscription lifecycle job scheduled (every hour)
[2026-04-30T11:08:26.073Z] [INFO] Payment status sync job scheduled (daily at 1:00 AM)
[2026-04-30T11:08:26.076Z] [INFO] Reminder job scheduled (daily at 9:00 AM)
[2026-04-30T11:08:26.079Z] [INFO] Scheduled broadcasts job initialized (every 5 minutes)
[2026-04-30T11:08:26.088Z] [INFO]   - Subscription lifecycle + emails: Every hour
[2026-04-30T11:08:26.077Z] [INFO] Inventory expiry job scheduled (daily at 6:00 AM)
[2026-04-30T11:08:26.088Z] [INFO]   - Session cleanup: Every hour
[2026-04-30T11:08:26.088Z] [INFO]   - Plan transition: Daily at 2:00 AM
[2026-04-30T11:08:26.088Z] [INFO]   - Payment status sync: Daily at 1:00 AM
[2026-04-30T11:08:26.088Z] [INFO]   - Inventory expiry checks + alerts: Daily at 6:00 AM
[2026-04-30T11:08:26.088Z] [INFO]   - Pending users cleanup: Daily at 3:00 AM
[2026-04-30T11:08:26.088Z] [INFO]   - Incomplete users cleanup: Daily at 3:15 AM
[2026-04-30T11:08:26.088Z] [INFO]   - Reminder emails (7d/3d/final): Daily at 9:00 AM
[2026-04-30T11:08:26.088Z] [INFO]   - OTP daily limits cleanup: Daily at 3:45 AM
[2026-04-30T11:08:26.088Z] [INFO]   - Deletion logs cleanup: Daily at 3:30 AM
[2026-04-30T11:08:26.088Z] [INFO]   - Scheduled broadcasts: Every 5 minutes
[2026-04-30T11:08:26.088Z] [INFO] All cron jobs initialized:
[2026-04-30T11:08:29.705Z] [INFO] Initializing cron jobs...
[2026-04-30T11:08:29.705Z] [INFO] Instance ID: DESKTOP-I1JLQUS-11268-20251af2
[2026-04-30T11:08:29.705Z] [INFO] Distributed locking: ENABLED
[2026-04-30T11:08:29.710Z] [INFO] [Email Cron] Email broadcast worker initialized (every 1 minute)
[2026-04-30T11:08:29.713Z] [INFO] [File Cleanup] Email attachment cleanup worker initialized (daily at 4:00 AM)
[2026-04-30T11:08:29.713Z] [INFO] Email file cleanup: Daily at 4:00 AM
[2026-04-30T11:08:29.713Z] [INFO] Email broadcast worker: Every 1 minute
[2026-04-30T11:08:29.715Z] [INFO] Plan transition job scheduled (daily at 2:00 AM)
[2026-04-30T11:08:29.717Z] [INFO] Subscription lifecycle job scheduled (every hour)
[2026-04-30T11:08:29.719Z] [INFO] Payment status sync job scheduled (daily at 1:00 AM)
[2026-04-30T11:08:29.722Z] [INFO] Reminder job scheduled (daily at 9:00 AM)
[2026-04-30T11:08:29.723Z] [INFO] Inventory expiry job scheduled (daily at 6:00 AM)
[2026-04-30T11:08:29.732Z] [INFO] All cron jobs initialized:
[2026-04-30T11:08:29.725Z] [INFO] Scheduled broadcasts job initialized (every 5 minutes)
[2026-04-30T11:08:29.732Z] [INFO]   - Session cleanup: Every hour
[2026-04-30T11:08:29.732Z] [INFO]   - Subscription lifecycle + emails: Every hour
[2026-04-30T11:08:29.732Z] [INFO]   - Plan transition: Daily at 2:00 AM
[2026-04-30T11:08:29.732Z] [INFO]   - Payment status sync: Daily at 1:00 AM
[2026-04-30T11:08:29.732Z] [INFO]   - Reminder emails (7d/3d/final): Daily at 9:00 AM
[2026-04-30T11:08:29.732Z] [INFO]   - Pending users cleanup: Daily at 3:00 AM
[2026-04-30T11:08:29.732Z] [INFO]   - Incomplete users cleanup: Daily at 3:15 AM
[2026-04-30T11:08:29.732Z] [INFO]   - Inventory expiry checks + alerts: Daily at 6:00 AM
[2026-04-30T11:08:29.732Z] [INFO]   - Deletion logs cleanup: Daily at 3:30 AM
[2026-04-30T11:08:29.732Z] [INFO]   - OTP daily limits cleanup: Daily at 3:45 AM
[2026-04-30T11:08:29.732Z] [INFO]   - Scheduled broadcasts: Every 5 minutes
[2026-04-30T11:08:35.635Z] [INFO] Initializing cron jobs...
[2026-04-30T11:08:35.635Z] [INFO] Instance ID: DESKTOP-I1JLQUS-13256-e951c765
[2026-04-30T11:08:35.635Z] [INFO] Distributed locking: ENABLED
[2026-04-30T11:08:35.640Z] [INFO] [Email Cron] Email broadcast worker initialized (every 1 minute)
[2026-04-30T11:08:35.643Z] [INFO] [File Cleanup] Email attachment cleanup worker initialized (daily at 4:00 AM)
[2026-04-30T11:08:35.643Z] [INFO] Email file cleanup: Daily at 4:00 AM
[2026-04-30T11:08:35.643Z] [INFO] Email broadcast worker: Every 1 minute
[2026-04-30T11:08:35.646Z] [INFO] Plan transition job scheduled (daily at 2:00 AM)
[2026-04-30T11:08:35.647Z] [INFO] Subscription lifecycle job scheduled (every hour)
[2026-04-30T11:08:35.652Z] [INFO] Payment status sync job scheduled (daily at 1:00 AM)
[2026-04-30T11:08:35.654Z] [INFO] Reminder job scheduled (daily at 9:00 AM)
[2026-04-30T11:08:35.656Z] [INFO] Inventory expiry job scheduled (daily at 6:00 AM)
[2026-04-30T11:08:35.659Z] [INFO] Scheduled broadcasts job initialized (every 5 minutes)
[2026-04-30T11:08:35.667Z] [INFO]   - Session cleanup: Every hour
[2026-04-30T11:08:35.667Z] [INFO] All cron jobs initialized:
[2026-04-30T11:08:35.667Z] [INFO]   - Plan transition: Daily at 2:00 AM
[2026-04-30T11:08:35.667Z] [INFO]   - Subscription lifecycle + emails: Every hour
[2026-04-30T11:08:35.667Z] [INFO]   - Inventory expiry checks + alerts: Daily at 6:00 AM
[2026-04-30T11:08:35.667Z] [INFO]   - Payment status sync: Daily at 1:00 AM
[2026-04-30T11:08:35.667Z] [INFO]   - Reminder emails (7d/3d/final): Daily at 9:00 AM
[2026-04-30T11:08:35.667Z] [INFO]   - Pending users cleanup: Daily at 3:00 AM
[2026-04-30T11:08:35.667Z] [INFO]   - Incomplete users cleanup: Daily at 3:15 AM
[2026-04-30T11:08:35.667Z] [INFO]   - Deletion logs cleanup: Daily at 3:30 AM
[2026-04-30T11:08:35.667Z] [INFO]   - OTP daily limits cleanup: Daily at 3:45 AM
[2026-04-30T11:08:35.667Z] [INFO]   - Scheduled broadcasts: Every 5 minutes
[2026-04-30T11:08:38.806Z] [INFO] Initializing cron jobs...
[2026-04-30T11:08:38.806Z] [INFO] Instance ID: DESKTOP-I1JLQUS-8156-4d8459fc
[2026-04-30T11:08:38.806Z] [INFO] Distributed locking: ENABLED
[2026-04-30T11:08:38.812Z] [INFO] [Email Cron] Email broadcast worker initialized (every 1 minute)
[2026-04-30T11:08:38.816Z] [INFO] Email file cleanup: Daily at 4:00 AM
[2026-04-30T11:08:38.816Z] [INFO] Email broadcast worker: Every 1 minute
[2026-04-30T11:08:38.815Z] [INFO] [File Cleanup] Email attachment cleanup worker initialized (daily at 4:00 AM)
[2026-04-30T11:08:38.818Z] [INFO] Plan transition job scheduled (daily at 2:00 AM)
[2026-04-30T11:08:38.820Z] [INFO] Subscription lifecycle job scheduled (every hour)
[2026-04-30T11:08:38.823Z] [INFO] Payment status sync job scheduled (daily at 1:00 AM)
[2026-04-30T11:08:38.825Z] [INFO] Reminder job scheduled (daily at 9:00 AM)
[2026-04-30T11:08:38.827Z] [INFO] Inventory expiry job scheduled (daily at 6:00 AM)
[2026-04-30T11:08:38.829Z] [INFO] Scheduled broadcasts job initialized (every 5 minutes)
[2026-04-30T11:08:38.842Z] [INFO]   - Session cleanup: Every hour
[2026-04-30T11:08:38.842Z] [INFO] All cron jobs initialized:
[2026-04-30T11:08:38.842Z] [INFO]   - Subscription lifecycle + emails: Every hour
[2026-04-30T11:08:38.842Z] [INFO]   - Payment status sync: Daily at 1:00 AM
[2026-04-30T11:08:38.842Z] [INFO]   - Plan transition: Daily at 2:00 AM
[2026-04-30T11:08:38.842Z] [INFO]   - Inventory expiry checks + alerts: Daily at 6:00 AM
[2026-04-30T11:08:38.842Z] [INFO]   - Pending users cleanup: Daily at 3:00 AM
[2026-04-30T11:08:38.842Z] [INFO]   - Reminder emails (7d/3d/final): Daily at 9:00 AM
[2026-04-30T11:08:38.842Z] [INFO]   - Incomplete users cleanup: Daily at 3:15 AM
[2026-04-30T11:08:38.842Z] [INFO]   - Deletion logs cleanup: Daily at 3:30 AM
[2026-04-30T11:08:38.842Z] [INFO]   - Scheduled broadcasts: Every 5 minutes
[2026-04-30T11:08:38.842Z] [INFO]   - OTP daily limits cleanup: Daily at 3:45 AM
[2026-04-30T11:08:46.041Z] [INFO] Initializing cron jobs...
[2026-04-30T11:08:46.041Z] [INFO] Instance ID: DESKTOP-I1JLQUS-21088-e32d6ffa
[2026-04-30T11:08:46.046Z] [INFO] [Email Cron] Email broadcast worker initialized (every 1 minute)
[2026-04-30T11:08:46.048Z] [INFO] Email broadcast worker: Every 1 minute
[2026-04-30T11:08:46.048Z] [INFO] Email file cleanup: Daily at 4:00 AM
[2026-04-30T11:08:46.050Z] [INFO] Plan transition job scheduled (daily at 2:00 AM)
[2026-04-30T11:08:46.051Z] [INFO] Subscription lifecycle job scheduled (every hour)
[2026-04-30T11:08:46.048Z] [INFO] [File Cleanup] Email attachment cleanup worker initialized (daily at 4:00 AM)
[2026-04-30T11:08:46.055Z] [INFO] Reminder job scheduled (daily at 9:00 AM)
[2026-04-30T11:08:46.057Z] [INFO] Inventory expiry job scheduled (daily at 6:00 AM)
[2026-04-30T11:08:46.058Z] [INFO] Scheduled broadcasts job initialized (every 5 minutes)
[2026-04-30T11:08:46.068Z] [INFO] All cron jobs initialized:
[2026-04-30T11:08:46.068Z] [INFO]   - Session cleanup: Every hour
[2026-04-30T11:08:46.068Z] [INFO]   - Plan transition: Daily at 2:00 AM
[2026-04-30T11:08:46.068Z] [INFO]   - Subscription lifecycle + emails: Every hour
[2026-04-30T11:08:46.068Z] [INFO]   - Payment status sync: Daily at 1:00 AM
[2026-04-30T11:08:46.068Z] [INFO]   - Inventory expiry checks + alerts: Daily at 6:00 AM
[2026-04-30T11:08:46.068Z] [INFO]   - Reminder emails (7d/3d/final): Daily at 9:00 AM
[2026-04-30T11:08:46.068Z] [INFO]   - Pending users cleanup: Daily at 3:00 AM
[2026-04-30T11:08:46.041Z] [INFO] Distributed locking: ENABLED
[2026-04-30T11:08:46.053Z] [INFO] Payment status sync job scheduled (daily at 1:00 AM)
[2026-04-30T11:08:46.068Z] [INFO]   - Scheduled broadcasts: Every 5 minutes
[2026-04-30T11:08:46.068Z] [INFO]   - Deletion logs cleanup: Daily at 3:30 AM
[2026-04-30T11:08:46.068Z] [INFO]   - OTP daily limits cleanup: Daily at 3:45 AM
[2026-04-30T11:08:46.068Z] [INFO]   - Incomplete users cleanup: Daily at 3:15 AM
[2026-04-30T11:08:51.848Z] [INFO] Initializing cron jobs...
[2026-04-30T11:08:51.848Z] [INFO] Instance ID: DESKTOP-I1JLQUS-17924-b955f99a
[2026-04-30T11:08:51.848Z] [INFO] Distributed locking: ENABLED
[2026-04-30T11:08:51.855Z] [INFO] [File Cleanup] Email attachment cleanup worker initialized (daily at 4:00 AM)
[2026-04-30T11:08:51.853Z] [INFO] [Email Cron] Email broadcast worker initialized (every 1 minute)
[2026-04-30T11:08:51.855Z] [INFO] Email broadcast worker: Every 1 minute
[2026-04-30T11:08:51.858Z] [INFO] Plan transition job scheduled (daily at 2:00 AM)
[2026-04-30T11:08:51.861Z] [INFO] Subscription lifecycle job scheduled (every hour)
[2026-04-30T11:08:51.866Z] [INFO] Payment status sync job scheduled (daily at 1:00 AM)
[2026-04-30T11:08:51.868Z] [INFO] Reminder job scheduled (daily at 9:00 AM)
[2026-04-30T11:08:51.855Z] [INFO] Email file cleanup: Daily at 4:00 AM
[2026-04-30T11:08:51.871Z] [INFO] Scheduled broadcasts job initialized (every 5 minutes)
[2026-04-30T11:08:51.878Z] [INFO]   - Session cleanup: Every hour
[2026-04-30T11:08:51.869Z] [INFO] Inventory expiry job scheduled (daily at 6:00 AM)
[2026-04-30T11:08:51.878Z] [INFO]   - Plan transition: Daily at 2:00 AM
[2026-04-30T11:08:51.878Z] [INFO]   - Subscription lifecycle + emails: Every hour
[2026-04-30T11:08:51.878Z] [INFO] All cron jobs initialized:
[2026-04-30T11:08:51.878Z] [INFO]   - Payment status sync: Daily at 1:00 AM
[2026-04-30T11:08:51.878Z] [INFO]   - Reminder emails (7d/3d/final): Daily at 9:00 AM
[2026-04-30T11:08:51.878Z] [INFO]   - Inventory expiry checks + alerts: Daily at 6:00 AM
[2026-04-30T11:08:51.879Z] [INFO]   - Deletion logs cleanup: Daily at 3:30 AM
[2026-04-30T11:08:51.879Z] [INFO]   - Scheduled broadcasts: Every 5 minutes
[2026-04-30T11:08:51.878Z] [INFO]   - Pending users cleanup: Daily at 3:00 AM
[2026-04-30T11:08:51.878Z] [INFO]   - Incomplete users cleanup: Daily at 3:15 AM
[2026-04-30T11:08:51.879Z] [INFO]   - OTP daily limits cleanup: Daily at 3:45 AM
[2026-04-30T11:08:54.622Z] [INFO] Initializing cron jobs...
[2026-04-30T11:08:54.622Z] [INFO] Instance ID: DESKTOP-I1JLQUS-24328-968fffff
[2026-04-30T11:08:54.623Z] [INFO] Distributed locking: ENABLED
[2026-04-30T11:08:54.630Z] [INFO] Email broadcast worker: Every 1 minute
[2026-04-30T11:08:54.627Z] [INFO] [Email Cron] Email broadcast worker initialized (every 1 minute)
[2026-04-30T11:08:54.630Z] [INFO] [File Cleanup] Email attachment cleanup worker initialized (daily at 4:00 AM)
[2026-04-30T11:08:54.630Z] [INFO] Email file cleanup: Daily at 4:00 AM
[2026-04-30T11:08:54.635Z] [INFO] Subscription lifecycle job scheduled (every hour)
[2026-04-30T11:08:54.632Z] [INFO] Plan transition job scheduled (daily at 2:00 AM)
[2026-04-30T11:08:54.638Z] [INFO] Payment status sync job scheduled (daily at 1:00 AM)
[2026-04-30T11:08:54.640Z] [INFO] Reminder job scheduled (daily at 9:00 AM)
[2026-04-30T11:08:54.643Z] [INFO] Inventory expiry job scheduled (daily at 6:00 AM)
[2026-04-30T11:08:54.645Z] [INFO] Scheduled broadcasts job initialized (every 5 minutes)
[2026-04-30T11:08:54.653Z] [INFO] All cron jobs initialized:
[2026-04-30T11:08:54.653Z] [INFO]   - Plan transition: Daily at 2:00 AM
[2026-04-30T11:08:54.653Z] [INFO]   - Subscription lifecycle + emails: Every hour
[2026-04-30T11:08:54.653Z] [INFO]   - Reminder emails (7d/3d/final): Daily at 9:00 AM
[2026-04-30T11:08:54.653Z] [INFO]   - Session cleanup: Every hour
[2026-04-30T11:08:54.653Z] [INFO]   - Pending users cleanup: Daily at 3:00 AM
[2026-04-30T11:08:54.653Z] [INFO]   - Deletion logs cleanup: Daily at 3:30 AM
[2026-04-30T11:08:54.653Z] [INFO]   - Inventory expiry checks + alerts: Daily at 6:00 AM
[2026-04-30T11:08:54.653Z] [INFO]   - Payment status sync: Daily at 1:00 AM
[2026-04-30T11:08:54.653Z] [INFO]   - OTP daily limits cleanup: Daily at 3:45 AM
[2026-04-30T11:08:54.653Z] [INFO]   - Incomplete users cleanup: Daily at 3:15 AM
[2026-04-30T11:08:54.653Z] [INFO]   - Scheduled broadcasts: Every 5 minutes
[2026-04-30T11:09:00.467Z] [INFO] Initializing cron jobs...
[2026-04-30T11:09:00.467Z] [INFO] Instance ID: DESKTOP-I1JLQUS-9932-8ddfad2e
[2026-04-30T11:09:00.467Z] [INFO] Distributed locking: ENABLED
[2026-04-30T11:09:00.472Z] [INFO] [Email Cron] Email broadcast worker initialized (every 1 minute)
[2026-04-30T11:09:00.474Z] [INFO] Email broadcast worker: Every 1 minute
[2026-04-30T11:09:00.474Z] [INFO] [File Cleanup] Email attachment cleanup worker initialized (daily at 4:00 AM)
[2026-04-30T11:09:00.474Z] [INFO] Email file cleanup: Daily at 4:00 AM
[2026-04-30T11:09:00.477Z] [INFO] Plan transition job scheduled (daily at 2:00 AM)
[2026-04-30T11:09:00.479Z] [INFO] Subscription lifecycle job scheduled (every hour)
[2026-04-30T11:09:00.481Z] [INFO] Payment status sync job scheduled (daily at 1:00 AM)
[2026-04-30T11:09:00.483Z] [INFO] Reminder job scheduled (daily at 9:00 AM)
[2026-04-30T11:09:00.484Z] [INFO] Inventory expiry job scheduled (daily at 6:00 AM)
[2026-04-30T11:09:00.486Z] [INFO] Scheduled broadcasts job initialized (every 5 minutes)
[2026-04-30T11:09:00.495Z] [INFO] All cron jobs initialized:
[2026-04-30T11:09:00.495Z] [INFO]   - Session cleanup: Every hour
[2026-04-30T11:09:00.495Z] [INFO]   - Plan transition: Daily at 2:00 AM
[2026-04-30T11:09:00.495Z] [INFO]   - Inventory expiry checks + alerts: Daily at 6:00 AM
[2026-04-30T11:09:00.495Z] [INFO]   - Payment status sync: Daily at 1:00 AM
[2026-04-30T11:09:00.495Z] [INFO]   - Subscription lifecycle + emails: Every hour
[2026-04-30T11:09:00.495Z] [INFO]   - Pending users cleanup: Daily at 3:00 AM
[2026-04-30T11:09:00.495Z] [INFO]   - Reminder emails (7d/3d/final): Daily at 9:00 AM
[2026-04-30T11:09:00.495Z] [INFO]   - Incomplete users cleanup: Daily at 3:15 AM
[2026-04-30T11:09:00.495Z] [INFO]   - Deletion logs cleanup: Daily at 3:30 AM
[2026-04-30T11:09:00.495Z] [INFO]   - Scheduled broadcasts: Every 5 minutes
[2026-04-30T11:09:00.495Z] [INFO]   - OTP daily limits cleanup: Daily at 3:45 AM
[2026-04-30T11:09:02.473Z] [INFO] Initializing cron jobs...
[2026-04-30T11:09:02.474Z] [INFO] Distributed locking: ENABLED
[2026-04-30T11:09:02.489Z] [INFO] Email broadcast worker: Every 1 minute
[2026-04-30T11:09:02.489Z] [INFO] [File Cleanup] Email attachment cleanup worker initialized (daily at 4:00 AM)
[2026-04-30T11:09:02.474Z] [INFO] Instance ID: DESKTOP-I1JLQUS-20560-d1c2e402
[2026-04-30T11:09:02.484Z] [INFO] [Email Cron] Email broadcast worker initialized (every 1 minute)
[2026-04-30T11:09:02.489Z] [INFO] Email file cleanup: Daily at 4:00 AM
[2026-04-30T11:09:02.493Z] [INFO] Plan transition job scheduled (daily at 2:00 AM)
[2026-04-30T11:09:02.499Z] [INFO] Subscription lifecycle job scheduled (every hour)
[2026-04-30T11:09:02.504Z] [INFO] Payment status sync job scheduled (daily at 1:00 AM)
[2026-04-30T11:09:02.507Z] [INFO] Reminder job scheduled (daily at 9:00 AM)
[2026-04-30T11:09:02.511Z] [INFO] Inventory expiry job scheduled (daily at 6:00 AM)
[2026-04-30T11:09:02.514Z] [INFO] Scheduled broadcasts job initialized (every 5 minutes)
[2026-04-30T11:09:02.526Z] [INFO] All cron jobs initialized:
[2026-04-30T11:09:02.526Z] [INFO]   - Session cleanup: Every hour
[2026-04-30T11:09:02.526Z] [INFO]   - Plan transition: Daily at 2:00 AM
[2026-04-30T11:09:02.526Z] [INFO]   - Payment status sync: Daily at 1:00 AM
[2026-04-30T11:09:02.526Z] [INFO]   - Inventory expiry checks + alerts: Daily at 6:00 AM
[2026-04-30T11:09:02.526Z] [INFO]   - Reminder emails (7d/3d/final): Daily at 9:00 AM
[2026-04-30T11:09:02.526Z] [INFO]   - Pending users cleanup: Daily at 3:00 AM
[2026-04-30T11:09:02.526Z] [INFO]   - Incomplete users cleanup: Daily at 3:15 AM
[2026-04-30T11:09:02.526Z] [INFO]   - Deletion logs cleanup: Daily at 3:30 AM
[2026-04-30T11:09:02.526Z] [INFO]   - Scheduled broadcasts: Every 5 minutes
[2026-04-30T11:09:02.526Z] [INFO]   - Subscription lifecycle + emails: Every hour
[2026-04-30T11:09:02.526Z] [INFO]   - OTP daily limits cleanup: Daily at 3:45 AM
[2026-04-30T11:09:14.026Z] [INFO] Initializing cron jobs...
[2026-04-30T11:09:14.026Z] [INFO] Instance ID: DESKTOP-I1JLQUS-25944-cc135450
[2026-04-30T11:09:14.026Z] [INFO] Distributed locking: ENABLED
[2026-04-30T11:09:14.032Z] [INFO] [Email Cron] Email broadcast worker initialized (every 1 minute)
[2026-04-30T11:09:14.037Z] [INFO] Email file cleanup: Daily at 4:00 AM
[2026-04-30T11:09:14.037Z] [INFO] [File Cleanup] Email attachment cleanup worker initialized (daily at 4:00 AM)
[2026-04-30T11:09:14.037Z] [INFO] Email broadcast worker: Every 1 minute
[2026-04-30T11:09:14.042Z] [INFO] Plan transition job scheduled (daily at 2:00 AM)
[2026-04-30T11:09:14.048Z] [INFO] Subscription lifecycle job scheduled (every hour)
[2026-04-30T11:09:14.054Z] [INFO] Payment status sync job scheduled (daily at 1:00 AM)
[2026-04-30T11:09:14.058Z] [INFO] Reminder job scheduled (daily at 9:00 AM)
[2026-04-30T11:09:14.062Z] [INFO] Inventory expiry job scheduled (daily at 6:00 AM)
[2026-04-30T11:09:14.065Z] [INFO] Scheduled broadcasts job initialized (every 5 minutes)
[2026-04-30T11:09:14.076Z] [INFO] All cron jobs initialized:
[2026-04-30T11:09:14.077Z] [INFO]   - Subscription lifecycle + emails: Every hour
[2026-04-30T11:09:14.077Z] [INFO]   - Inventory expiry checks + alerts: Daily at 6:00 AM
[2026-04-30T11:09:14.076Z] [INFO]   - Session cleanup: Every hour
[2026-04-30T11:09:14.077Z] [INFO]   - Payment status sync: Daily at 1:00 AM
[2026-04-30T11:09:14.077Z] [INFO]   - Reminder emails (7d/3d/final): Daily at 9:00 AM
[2026-04-30T11:09:14.077Z] [INFO]   - Incomplete users cleanup: Daily at 3:15 AM
[2026-04-30T11:09:14.077Z] [INFO]   - Deletion logs cleanup: Daily at 3:30 AM
[2026-04-30T11:09:14.076Z] [INFO]   - Plan transition: Daily at 2:00 AM
[2026-04-30T11:09:14.077Z] [INFO]   - Pending users cleanup: Daily at 3:00 AM
[2026-04-30T11:09:14.077Z] [INFO]   - Scheduled broadcasts: Every 5 minutes
[2026-04-30T11:09:14.077Z] [INFO]   - OTP daily limits cleanup: Daily at 3:45 AM
[2026-04-30T11:09:19.861Z] [INFO] Instance ID: DESKTOP-I1JLQUS-22544-451d178f
[2026-04-30T11:09:19.866Z] [INFO] [Email Cron] Email broadcast worker initialized (every 1 minute)
[2026-04-30T11:09:19.861Z] [INFO] Initializing cron jobs...
[2026-04-30T11:09:19.868Z] [INFO] [File Cleanup] Email attachment cleanup worker initialized (daily at 4:00 AM)
[2026-04-30T11:09:19.868Z] [INFO] Email file cleanup: Daily at 4:00 AM
[2026-04-30T11:09:19.873Z] [INFO] Plan transition job scheduled (daily at 2:00 AM)
[2026-04-30T11:09:19.875Z] [INFO] Subscription lifecycle job scheduled (every hour)
[2026-04-30T11:09:19.868Z] [INFO] Email broadcast worker: Every 1 minute
[2026-04-30T11:09:19.861Z] [INFO] Distributed locking: ENABLED
[2026-04-30T11:09:19.878Z] [INFO] Payment status sync job scheduled (daily at 1:00 AM)
[2026-04-30T11:09:19.881Z] [INFO] Reminder job scheduled (daily at 9:00 AM)
[2026-04-30T11:09:19.883Z] [INFO] Inventory expiry job scheduled (daily at 6:00 AM)
[2026-04-30T11:09:19.894Z] [INFO] All cron jobs initialized:
[2026-04-30T11:09:19.885Z] [INFO] Scheduled broadcasts job initialized (every 5 minutes)
[2026-04-30T11:09:19.894Z] [INFO]   - Session cleanup: Every hour
[2026-04-30T11:09:19.894Z] [INFO]   - Plan transition: Daily at 2:00 AM
[2026-04-30T11:09:19.894Z] [INFO]   - Subscription lifecycle + emails: Every hour
[2026-04-30T11:09:19.894Z] [INFO]   - Inventory expiry checks + alerts: Daily at 6:00 AM
[2026-04-30T11:09:19.894Z] [INFO]   - Reminder emails (7d/3d/final): Daily at 9:00 AM
[2026-04-30T11:09:19.894Z] [INFO]   - Payment status sync: Daily at 1:00 AM
[2026-04-30T11:09:19.894Z] [INFO]   - Pending users cleanup: Daily at 3:00 AM
[2026-04-30T11:09:19.894Z] [INFO]   - Deletion logs cleanup: Daily at 3:30 AM
[2026-04-30T11:09:19.894Z] [INFO]   - Incomplete users cleanup: Daily at 3:15 AM
[2026-04-30T11:09:19.894Z] [INFO]   - OTP daily limits cleanup: Daily at 3:45 AM
[2026-04-30T11:09:19.894Z] [INFO]   - Scheduled broadcasts: Every 5 minutes
[2026-04-30T11:09:26.837Z] [INFO] Initializing cron jobs...
[2026-04-30T11:09:26.838Z] [INFO] Distributed locking: ENABLED
[2026-04-30T11:09:26.838Z] [INFO] Instance ID: DESKTOP-I1JLQUS-10636-aa5e747f
[2026-04-30T11:09:26.848Z] [INFO] [File Cleanup] Email attachment cleanup worker initialized (daily at 4:00 AM)
[2026-04-30T11:09:26.848Z] [INFO] Email broadcast worker: Every 1 minute
[2026-04-30T11:09:26.845Z] [INFO] [Email Cron] Email broadcast worker initialized (every 1 minute)
[2026-04-30T11:09:26.855Z] [INFO] Subscription lifecycle job scheduled (every hour)
[2026-04-30T11:09:26.852Z] [INFO] Plan transition job scheduled (daily at 2:00 AM)
[2026-04-30T11:09:26.848Z] [INFO] Email file cleanup: Daily at 4:00 AM
[2026-04-30T11:09:26.858Z] [INFO] Payment status sync job scheduled (daily at 1:00 AM)
[2026-04-30T11:09:26.867Z] [INFO] Scheduled broadcasts job initialized (every 5 minutes)
[2026-04-30T11:09:26.865Z] [INFO] Inventory expiry job scheduled (daily at 6:00 AM)
[2026-04-30T11:09:26.876Z] [INFO]   - Session cleanup: Every hour
[2026-04-30T11:09:26.876Z] [INFO] All cron jobs initialized:
[2026-04-30T11:09:26.861Z] [INFO] Reminder job scheduled (daily at 9:00 AM)
[2026-04-30T11:09:26.876Z] [INFO]   - Subscription lifecycle + emails: Every hour
[2026-04-30T11:09:26.876Z] [INFO]   - Plan transition: Daily at 2:00 AM
[2026-04-30T11:09:26.876Z] [INFO]   - Pending users cleanup: Daily at 3:00 AM
[2026-04-30T11:09:26.876Z] [INFO]   - Incomplete users cleanup: Daily at 3:15 AM
[2026-04-30T11:09:26.876Z] [INFO]   - Inventory expiry checks + alerts: Daily at 6:00 AM
[2026-04-30T11:09:26.876Z] [INFO]   - Deletion logs cleanup: Daily at 3:30 AM
[2026-04-30T11:09:26.876Z] [INFO]   - Reminder emails (7d/3d/final): Daily at 9:00 AM
[2026-04-30T11:09:26.876Z] [INFO]   - Payment status sync: Daily at 1:00 AM
[2026-04-30T11:09:26.876Z] [INFO]   - OTP daily limits cleanup: Daily at 3:45 AM
[2026-04-30T11:09:26.876Z] [INFO]   - Scheduled broadcasts: Every 5 minutes
[2026-04-30T11:09:32.605Z] [INFO] Initializing cron jobs...
[2026-04-30T11:09:32.606Z] [INFO] Instance ID: DESKTOP-I1JLQUS-1396-23828fde
[2026-04-30T11:09:32.606Z] [INFO] Distributed locking: ENABLED
[2026-04-30T11:09:32.612Z] [INFO] [Email Cron] Email broadcast worker initialized (every 1 minute)
[2026-04-30T11:09:32.615Z] [INFO] [File Cleanup] Email attachment cleanup worker initialized (daily at 4:00 AM)
[2026-04-30T11:09:32.615Z] [INFO] Email broadcast worker: Every 1 minute
[2026-04-30T11:09:32.615Z] [INFO] Email file cleanup: Daily at 4:00 AM
[2026-04-30T11:09:32.618Z] [INFO] Plan transition job scheduled (daily at 2:00 AM)
[2026-04-30T11:09:32.620Z] [INFO] Subscription lifecycle job scheduled (every hour)
[2026-04-30T11:09:32.625Z] [INFO] Payment status sync job scheduled (daily at 1:00 AM)
[2026-04-30T11:09:32.630Z] [INFO] Reminder job scheduled (daily at 9:00 AM)
[2026-04-30T11:09:32.632Z] [INFO] Inventory expiry job scheduled (daily at 6:00 AM)
[2026-04-30T11:09:32.637Z] [INFO] Scheduled broadcasts job initialized (every 5 minutes)
[2026-04-30T11:09:32.646Z] [INFO]   - Session cleanup: Every hour
[2026-04-30T11:09:32.646Z] [INFO] All cron jobs initialized:
[2026-04-30T11:09:32.646Z] [INFO]   - Plan transition: Daily at 2:00 AM
[2026-04-30T11:09:32.646Z] [INFO]   - Subscription lifecycle + emails: Every hour
[2026-04-30T11:09:32.646Z] [INFO]   - Reminder emails (7d/3d/final): Daily at 9:00 AM
[2026-04-30T11:09:32.646Z] [INFO]   - Inventory expiry checks + alerts: Daily at 6:00 AM
[2026-04-30T11:09:32.646Z] [INFO]   - Payment status sync: Daily at 1:00 AM
[2026-04-30T11:09:32.646Z] [INFO]   - Pending users cleanup: Daily at 3:00 AM
[2026-04-30T11:09:32.646Z] [INFO]   - Deletion logs cleanup: Daily at 3:30 AM
[2026-04-30T11:09:32.646Z] [INFO]   - Incomplete users cleanup: Daily at 3:15 AM
[2026-04-30T11:09:32.646Z] [INFO]   - OTP daily limits cleanup: Daily at 3:45 AM
[2026-04-30T11:09:32.646Z] [INFO]   - Scheduled broadcasts: Every 5 minutes
[2026-04-30T11:10:00.127Z] [INFO] Checking for scheduled broadcasts...
[2026-04-30T11:10:00.131Z] [INFO] No scheduled broadcasts due for sending
[2026-04-30T11:10:05.245Z] [INFO] Initializing cron jobs...
[2026-04-30T11:10:05.245Z] [INFO] Instance ID: DESKTOP-I1JLQUS-17552-577bd811
[2026-04-30T11:10:05.249Z] [INFO] [Email Cron] Email broadcast worker initialized (every 1 minute)
[2026-04-30T11:10:05.251Z] [INFO] [File Cleanup] Email attachment cleanup worker initialized (daily at 4:00 AM)
[2026-04-30T11:10:05.251Z] [INFO] Email file cleanup: Daily at 4:00 AM
[2026-04-30T11:10:05.251Z] [INFO] Email broadcast worker: Every 1 minute
[2026-04-30T11:10:05.253Z] [INFO] Plan transition job scheduled (daily at 2:00 AM)
[2026-04-30T11:10:05.254Z] [INFO] Subscription lifecycle job scheduled (every hour)
[2026-04-30T11:10:05.256Z] [INFO] Payment status sync job scheduled (daily at 1:00 AM)
[2026-04-30T11:10:05.245Z] [INFO] Distributed locking: ENABLED
[2026-04-30T11:10:05.257Z] [INFO] Reminder job scheduled (daily at 9:00 AM)
[2026-04-30T11:10:05.259Z] [INFO] Inventory expiry job scheduled (daily at 6:00 AM)
[2026-04-30T11:10:05.267Z] [INFO] Scheduled broadcasts job initialized (every 5 minutes)
[2026-04-30T11:10:05.279Z] [INFO] All cron jobs initialized:
[2026-04-30T11:10:05.279Z] [INFO]   - Session cleanup: Every hour
[2026-04-30T11:10:05.280Z] [INFO]   - Plan transition: Daily at 2:00 AM
[2026-04-30T11:10:05.280Z] [INFO]   - Subscription lifecycle + emails: Every hour
[2026-04-30T11:10:05.280Z] [INFO]   - Inventory expiry checks + alerts: Daily at 6:00 AM
[2026-04-30T11:10:05.280Z] [INFO]   - Reminder emails (7d/3d/final): Daily at 9:00 AM
[2026-04-30T11:10:05.280Z] [INFO]   - Payment status sync: Daily at 1:00 AM
[2026-04-30T11:10:05.280Z] [INFO]   - Incomplete users cleanup: Daily at 3:15 AM
[2026-04-30T11:10:05.280Z] [INFO]   - Deletion logs cleanup: Daily at 3:30 AM
[2026-04-30T11:10:05.280Z] [INFO]   - Scheduled broadcasts: Every 5 minutes
[2026-04-30T11:10:05.280Z] [INFO]   - OTP daily limits cleanup: Daily at 3:45 AM
[2026-04-30T11:10:05.280Z] [INFO]   - Pending users cleanup: Daily at 3:00 AM
[2026-04-30T11:10:10.427Z] [INFO] Initializing cron jobs...
[2026-04-30T11:10:10.428Z] [INFO] Distributed locking: ENABLED
[2026-04-30T11:10:10.428Z] [INFO] Instance ID: DESKTOP-I1JLQUS-23896-0c742e5d
[2026-04-30T11:10:10.440Z] [INFO] [Email Cron] Email broadcast worker initialized (every 1 minute)
[2026-04-30T11:10:10.443Z] [INFO] Email broadcast worker: Every 1 minute
[2026-04-30T11:10:10.443Z] [INFO] [File Cleanup] Email attachment cleanup worker initialized (daily at 4:00 AM)
[2026-04-30T11:10:10.443Z] [INFO] Email file cleanup: Daily at 4:00 AM
[2026-04-30T11:10:10.450Z] [INFO] Plan transition job scheduled (daily at 2:00 AM)
[2026-04-30T11:10:10.454Z] [INFO] Subscription lifecycle job scheduled (every hour)
[2026-04-30T11:10:10.459Z] [INFO] Payment status sync job scheduled (daily at 1:00 AM)
[2026-04-30T11:10:10.466Z] [INFO] Reminder job scheduled (daily at 9:00 AM)
[2026-04-30T11:10:10.473Z] [INFO] Inventory expiry job scheduled (daily at 6:00 AM)
[2026-04-30T11:10:10.477Z] [INFO] Scheduled broadcasts job initialized (every 5 minutes)
[2026-04-30T11:10:10.504Z] [INFO] All cron jobs initialized:
[2026-04-30T11:10:10.504Z] [INFO]   - Session cleanup: Every hour
[2026-04-30T11:10:10.504Z] [INFO]   - Subscription lifecycle + emails: Every hour
[2026-04-30T11:10:10.504Z] [INFO]   - Payment status sync: Daily at 1:00 AM
[2026-04-30T11:10:10.504Z] [INFO]   - Plan transition: Daily at 2:00 AM
[2026-04-30T11:10:10.504Z] [INFO]   - Inventory expiry checks + alerts: Daily at 6:00 AM
[2026-04-30T11:10:10.504Z] [INFO]   - Reminder emails (7d/3d/final): Daily at 9:00 AM
[2026-04-30T11:10:10.504Z] [INFO]   - Pending users cleanup: Daily at 3:00 AM
[2026-04-30T11:10:10.505Z] [INFO]   - Incomplete users cleanup: Daily at 3:15 AM
[2026-04-30T11:10:10.505Z] [INFO]   - Deletion logs cleanup: Daily at 3:30 AM
[2026-04-30T11:10:10.505Z] [INFO]   - Scheduled broadcasts: Every 5 minutes
[2026-04-30T11:10:10.505Z] [INFO]   - OTP daily limits cleanup: Daily at 3:45 AM
[2026-04-30T11:10:14.090Z] [INFO] Initializing cron jobs...
[2026-04-30T11:10:14.090Z] [INFO] Instance ID: DESKTOP-I1JLQUS-26212-36675ed2
[2026-04-30T11:10:14.090Z] [INFO] Distributed locking: ENABLED
[2026-04-30T11:10:14.096Z] [INFO] [Email Cron] Email broadcast worker initialized (every 1 minute)
[2026-04-30T11:10:14.098Z] [INFO] [File Cleanup] Email attachment cleanup worker initialized (daily at 4:00 AM)
[2026-04-30T11:10:14.098Z] [INFO] Email broadcast worker: Every 1 minute
[2026-04-30T11:10:14.108Z] [INFO] Subscription lifecycle job scheduled (every hour)
[2026-04-30T11:10:14.098Z] [INFO] Email file cleanup: Daily at 4:00 AM
[2026-04-30T11:10:14.103Z] [INFO] Plan transition job scheduled (daily at 2:00 AM)
[2026-04-30T11:10:14.113Z] [INFO] Reminder job scheduled (daily at 9:00 AM)
[2026-04-30T11:10:14.111Z] [INFO] Payment status sync job scheduled (daily at 1:00 AM)
[2026-04-30T11:10:14.117Z] [INFO] Inventory expiry job scheduled (daily at 6:00 AM)
[2026-04-30T11:10:14.119Z] [INFO] Scheduled broadcasts job initialized (every 5 minutes)
[2026-04-30T11:10:14.128Z] [INFO] All cron jobs initialized:
[2026-04-30T11:10:14.128Z] [INFO]   - Session cleanup: Every hour
[2026-04-30T11:10:14.128Z] [INFO]   - Plan transition: Daily at 2:00 AM
[2026-04-30T11:10:14.128Z] [INFO]   - Subscription lifecycle + emails: Every hour
[2026-04-30T11:10:14.128Z] [INFO]   - Payment status sync: Daily at 1:00 AM
[2026-04-30T11:10:14.128Z] [INFO]   - Inventory expiry checks + alerts: Daily at 6:00 AM
[2026-04-30T11:10:14.128Z] [INFO]   - Pending users cleanup: Daily at 3:00 AM
[2026-04-30T11:10:14.128Z] [INFO]   - Reminder emails (7d/3d/final): Daily at 9:00 AM
[2026-04-30T11:10:14.128Z] [INFO]   - Incomplete users cleanup: Daily at 3:15 AM
[2026-04-30T11:10:14.128Z] [INFO]   - Scheduled broadcasts: Every 5 minutes
[2026-04-30T11:10:14.128Z] [INFO]   - OTP daily limits cleanup: Daily at 3:45 AM
[2026-04-30T11:10:14.128Z] [INFO]   - Deletion logs cleanup: Daily at 3:30 AM
[2026-04-30T11:10:18.528Z] [INFO] Initializing cron jobs...
[2026-04-30T11:10:18.529Z] [INFO] Instance ID: DESKTOP-I1JLQUS-11880-459f1cfb
[2026-04-30T11:10:18.529Z] [INFO] Distributed locking: ENABLED
[2026-04-30T11:10:18.533Z] [INFO] [Email Cron] Email broadcast worker initialized (every 1 minute)
[2026-04-30T11:10:18.535Z] [INFO] [File Cleanup] Email attachment cleanup worker initialized (daily at 4:00 AM)
[2026-04-30T11:10:18.538Z] [INFO] Plan transition job scheduled (daily at 2:00 AM)
[2026-04-30T11:10:18.535Z] [INFO] Email broadcast worker: Every 1 minute
[2026-04-30T11:10:18.539Z] [INFO] Subscription lifecycle job scheduled (every hour)
[2026-04-30T11:10:18.535Z] [INFO] Email file cleanup: Daily at 4:00 AM
[2026-04-30T11:10:18.542Z] [INFO] Payment status sync job scheduled (daily at 1:00 AM)
[2026-04-30T11:10:18.544Z] [INFO] Reminder job scheduled (daily at 9:00 AM)
[2026-04-30T11:10:18.546Z] [INFO] Inventory expiry job scheduled (daily at 6:00 AM)
[2026-04-30T11:10:18.548Z] [INFO] Scheduled broadcasts job initialized (every 5 minutes)
[2026-04-30T11:10:18.560Z] [INFO]   - Plan transition: Daily at 2:00 AM
[2026-04-30T11:10:18.560Z] [INFO]   - Session cleanup: Every hour
[2026-04-30T11:10:18.560Z] [INFO]   - Subscription lifecycle + emails: Every hour
[2026-04-30T11:10:18.560Z] [INFO] All cron jobs initialized:
[2026-04-30T11:10:18.560Z] [INFO]   - Payment status sync: Daily at 1:00 AM
[2026-04-30T11:10:18.560Z] [INFO]   - Inventory expiry checks + alerts: Daily at 6:00 AM
[2026-04-30T11:10:18.560Z] [INFO]   - Pending users cleanup: Daily at 3:00 AM
[2026-04-30T11:10:18.560Z] [INFO]   - Reminder emails (7d/3d/final): Daily at 9:00 AM
[2026-04-30T11:10:18.560Z] [INFO]   - Incomplete users cleanup: Daily at 3:15 AM
[2026-04-30T11:10:18.560Z] [INFO]   - Deletion logs cleanup: Daily at 3:30 AM
[2026-04-30T11:10:18.560Z] [INFO]   - Scheduled broadcasts: Every 5 minutes
[2026-04-30T11:10:18.560Z] [INFO]   - OTP daily limits cleanup: Daily at 3:45 AM
[2026-04-30T11:10:23.037Z] [INFO] Initializing cron jobs...
[2026-04-30T11:10:23.038Z] [INFO] Instance ID: DESKTOP-I1JLQUS-16140-9e259ce3
[2026-04-30T11:10:23.038Z] [INFO] Distributed locking: ENABLED
[2026-04-30T11:10:23.049Z] [INFO] Email broadcast worker: Every 1 minute
[2026-04-30T11:10:23.047Z] [INFO] [Email Cron] Email broadcast worker initialized (every 1 minute)
[2026-04-30T11:10:23.048Z] [INFO] [File Cleanup] Email attachment cleanup worker initialized (daily at 4:00 AM)
[2026-04-30T11:10:23.052Z] [INFO] Plan transition job scheduled (daily at 2:00 AM)
[2026-04-30T11:10:23.049Z] [INFO] Email file cleanup: Daily at 4:00 AM
[2026-04-30T11:10:23.053Z] [INFO] Subscription lifecycle job scheduled (every hour)
[2026-04-30T11:10:23.055Z] [INFO] Payment status sync job scheduled (daily at 1:00 AM)
[2026-04-30T11:10:23.059Z] [INFO] Reminder job scheduled (daily at 9:00 AM)
[2026-04-30T11:10:23.062Z] [INFO] Inventory expiry job scheduled (daily at 6:00 AM)
[2026-04-30T11:10:23.065Z] [INFO] Scheduled broadcasts job initialized (every 5 minutes)
[2026-04-30T11:10:23.079Z] [INFO] All cron jobs initialized:
[2026-04-30T11:10:23.079Z] [INFO]   - Session cleanup: Every hour
[2026-04-30T11:10:23.079Z] [INFO]   - Plan transition: Daily at 2:00 AM
[2026-04-30T11:10:23.079Z] [INFO]   - Subscription lifecycle + emails: Every hour
[2026-04-30T11:10:23.079Z] [INFO]   - Inventory expiry checks + alerts: Daily at 6:00 AM
[2026-04-30T11:10:23.079Z] [INFO]   - Payment status sync: Daily at 1:00 AM
[2026-04-30T11:10:23.079Z] [INFO]   - Pending users cleanup: Daily at 3:00 AM
[2026-04-30T11:10:23.079Z] [INFO]   - Reminder emails (7d/3d/final): Daily at 9:00 AM
[2026-04-30T11:10:23.079Z] [INFO]   - Incomplete users cleanup: Daily at 3:15 AM
[2026-04-30T11:10:23.079Z] [INFO]   - Deletion logs cleanup: Daily at 3:30 AM
[2026-04-30T11:10:23.079Z] [INFO]   - Scheduled broadcasts: Every 5 minutes
[2026-04-30T11:10:23.079Z] [INFO]   - OTP daily limits cleanup: Daily at 3:45 AM
[2026-04-30T11:10:27.030Z] [INFO] Initializing cron jobs...
[2026-04-30T11:10:27.031Z] [INFO] Distributed locking: ENABLED
[2026-04-30T11:10:27.031Z] [INFO] Instance ID: DESKTOP-I1JLQUS-5920-2dcdaf35
[2026-04-30T11:10:27.037Z] [INFO] Email file cleanup: Daily at 4:00 AM
[2026-04-30T11:10:27.037Z] [INFO] Email broadcast worker: Every 1 minute
[2026-04-30T11:10:27.035Z] [INFO] [Email Cron] Email broadcast worker initialized (every 1 minute)
[2026-04-30T11:10:27.037Z] [INFO] [File Cleanup] Email attachment cleanup worker initialized (daily at 4:00 AM)
[2026-04-30T11:10:27.041Z] [INFO] Subscription lifecycle job scheduled (every hour)
[2026-04-30T11:10:27.043Z] [INFO] Payment status sync job scheduled (daily at 1:00 AM)
[2026-04-30T11:10:27.047Z] [INFO] Inventory expiry job scheduled (daily at 6:00 AM)
[2026-04-30T11:10:27.045Z] [INFO] Reminder job scheduled (daily at 9:00 AM)
[2026-04-30T11:10:27.049Z] [INFO] Scheduled broadcasts job initialized (every 5 minutes)
[2026-04-30T11:10:27.058Z] [INFO] All cron jobs initialized:
[2026-04-30T11:10:27.039Z] [INFO] Plan transition job scheduled (daily at 2:00 AM)
[2026-04-30T11:10:27.058Z] [INFO]   - Plan transition: Daily at 2:00 AM
[2026-04-30T11:10:27.058Z] [INFO]   - Subscription lifecycle + emails: Every hour
[2026-04-30T11:10:27.058Z] [INFO]   - Inventory expiry checks + alerts: Daily at 6:00 AM
[2026-04-30T11:10:27.058Z] [INFO]   - Reminder emails (7d/3d/final): Daily at 9:00 AM
[2026-04-30T11:10:27.058Z] [INFO]   - Payment status sync: Daily at 1:00 AM
[2026-04-30T11:10:27.058Z] [INFO]   - Deletion logs cleanup: Daily at 3:30 AM
[2026-04-30T11:10:27.058Z] [INFO]   - Incomplete users cleanup: Daily at 3:15 AM
[2026-04-30T11:10:27.058Z] [INFO]   - OTP daily limits cleanup: Daily at 3:45 AM
[2026-04-30T11:10:27.058Z] [INFO]   - Pending users cleanup: Daily at 3:00 AM
[2026-04-30T11:10:27.058Z] [INFO]   - Session cleanup: Every hour
[2026-04-30T11:10:27.058Z] [INFO]   - Scheduled broadcasts: Every 5 minutes
[2026-04-30T11:10:47.990Z] [INFO] Initializing cron jobs...
[2026-04-30T11:10:47.991Z] [INFO] Instance ID: DESKTOP-I1JLQUS-13580-f05c4f48
[2026-04-30T11:10:47.991Z] [INFO] Distributed locking: ENABLED
[2026-04-30T11:10:47.999Z] [INFO] Email broadcast worker: Every 1 minute
[2026-04-30T11:10:47.997Z] [INFO] [Email Cron] Email broadcast worker initialized (every 1 minute)
[2026-04-30T11:10:47.999Z] [INFO] Email file cleanup: Daily at 4:00 AM
[2026-04-30T11:10:47.999Z] [INFO] [File Cleanup] Email attachment cleanup worker initialized (daily at 4:00 AM)
[2026-04-30T11:10:48.002Z] [INFO] Plan transition job scheduled (daily at 2:00 AM)
[2026-04-30T11:10:48.005Z] [INFO] Subscription lifecycle job scheduled (every hour)
[2026-04-30T11:10:48.008Z] [INFO] Payment status sync job scheduled (daily at 1:00 AM)
[2026-04-30T11:10:48.012Z] [INFO] Reminder job scheduled (daily at 9:00 AM)
[2026-04-30T11:10:48.019Z] [INFO] Inventory expiry job scheduled (daily at 6:00 AM)
[2026-04-30T11:10:48.024Z] [INFO] Scheduled broadcasts job initialized (every 5 minutes)
[2026-04-30T11:10:48.038Z] [INFO] All cron jobs initialized:
[2026-04-30T11:10:48.038Z] [INFO]   - Session cleanup: Every hour
[2026-04-30T11:10:48.038Z] [INFO]   - Plan transition: Daily at 2:00 AM
[2026-04-30T11:10:48.038Z] [INFO]   - Subscription lifecycle + emails: Every hour
[2026-04-30T11:10:48.038Z] [INFO]   - Payment status sync: Daily at 1:00 AM
[2026-04-30T11:10:48.038Z] [INFO]   - Inventory expiry checks + alerts: Daily at 6:00 AM
[2026-04-30T11:10:48.038Z] [INFO]   - Pending users cleanup: Daily at 3:00 AM
[2026-04-30T11:10:48.038Z] [INFO]   - Reminder emails (7d/3d/final): Daily at 9:00 AM
[2026-04-30T11:10:48.038Z] [INFO]   - Incomplete users cleanup: Daily at 3:15 AM
[2026-04-30T11:10:48.038Z] [INFO]   - Deletion logs cleanup: Daily at 3:30 AM
[2026-04-30T11:10:48.038Z] [INFO]   - Scheduled broadcasts: Every 5 minutes
[2026-04-30T11:10:48.038Z] [INFO]   - OTP daily limits cleanup: Daily at 3:45 AM
[2026-04-30T11:10:58.741Z] [INFO] Instance ID: DESKTOP-I1JLQUS-17496-e131d79a
[2026-04-30T11:10:58.741Z] [INFO] Initializing cron jobs...
[2026-04-30T11:10:58.741Z] [INFO] Distributed locking: ENABLED
[2026-04-30T11:10:58.754Z] [INFO] Email file cleanup: Daily at 4:00 AM
[2026-04-30T11:10:58.753Z] [INFO] [File Cleanup] Email attachment cleanup worker initialized (daily at 4:00 AM)
[2026-04-30T11:10:58.748Z] [INFO] [Email Cron] Email broadcast worker initialized (every 1 minute)
[2026-04-30T11:10:58.754Z] [INFO] Email broadcast worker: Every 1 minute
[2026-04-30T11:10:58.762Z] [INFO] Payment status sync job scheduled (daily at 1:00 AM)
[2026-04-30T11:10:58.764Z] [INFO] Reminder job scheduled (daily at 9:00 AM)
[2026-04-30T11:10:58.767Z] [INFO] Inventory expiry job scheduled (daily at 6:00 AM)
[2026-04-30T11:10:58.769Z] [INFO] Scheduled broadcasts job initialized (every 5 minutes)
[2026-04-30T11:10:58.779Z] [INFO]   - Plan transition: Daily at 2:00 AM
[2026-04-30T11:10:58.779Z] [INFO]   - Subscription lifecycle + emails: Every hour
[2026-04-30T11:10:58.779Z] [INFO]   - Session cleanup: Every hour
[2026-04-30T11:10:58.779Z] [INFO] All cron jobs initialized:
[2026-04-30T11:10:58.779Z] [INFO]   - Inventory expiry checks + alerts: Daily at 6:00 AM
[2026-04-30T11:10:58.779Z] [INFO]   - Payment status sync: Daily at 1:00 AM
[2026-04-30T11:10:58.779Z] [INFO]   - Reminder emails (7d/3d/final): Daily at 9:00 AM
[2026-04-30T11:10:58.779Z] [INFO]   - Pending users cleanup: Daily at 3:00 AM
[2026-04-30T11:10:58.779Z] [INFO]   - Incomplete users cleanup: Daily at 3:15 AM
[2026-04-30T11:10:58.779Z] [INFO]   - Scheduled broadcasts: Every 5 minutes
[2026-04-30T11:10:58.779Z] [INFO]   - Deletion logs cleanup: Daily at 3:30 AM
[2026-04-30T11:10:58.779Z] [INFO]   - OTP daily limits cleanup: Daily at 3:45 AM
[2026-04-30T11:10:58.758Z] [INFO] Plan transition job scheduled (daily at 2:00 AM)
[2026-04-30T11:10:58.760Z] [INFO] Subscription lifecycle job scheduled (every hour)
[2026-04-30T11:12:42.194Z] [INFO] Initializing cron jobs...
[2026-04-30T11:12:42.194Z] [INFO] Instance ID: DESKTOP-I1JLQUS-14288-362b9ab6
[2026-04-30T11:12:42.194Z] [INFO] Distributed locking: ENABLED
[2026-04-30T11:12:42.198Z] [INFO] [Email Cron] Email broadcast worker initialized (every 1 minute)
[2026-04-30T11:12:42.200Z] [INFO] Email broadcast worker: Every 1 minute
[2026-04-30T11:12:42.200Z] [INFO] [File Cleanup] Email attachment cleanup worker initialized (daily at 4:00 AM)
[2026-04-30T11:12:42.204Z] [INFO] Subscription lifecycle job scheduled (every hour)
[2026-04-30T11:12:42.202Z] [INFO] Plan transition job scheduled (daily at 2:00 AM)
[2026-04-30T11:12:42.200Z] [INFO] Email file cleanup: Daily at 4:00 AM
[2026-04-30T11:12:42.207Z] [INFO] Payment status sync job scheduled (daily at 1:00 AM)
[2026-04-30T11:12:42.209Z] [INFO] Reminder job scheduled (daily at 9:00 AM)
[2026-04-30T11:12:42.210Z] [INFO] Inventory expiry job scheduled (daily at 6:00 AM)
[2026-04-30T11:12:42.212Z] [INFO] Scheduled broadcasts job initialized (every 5 minutes)
[2026-04-30T11:12:42.219Z] [INFO] All cron jobs initialized:
[2026-04-30T11:12:42.219Z] [INFO]   - Session cleanup: Every hour
[2026-04-30T11:12:42.219Z] [INFO]   - Plan transition: Daily at 2:00 AM
[2026-04-30T11:12:42.219Z] [INFO]   - Subscription lifecycle + emails: Every hour
[2026-04-30T11:12:42.219Z] [INFO]   - Reminder emails (7d/3d/final): Daily at 9:00 AM
[2026-04-30T11:12:42.219Z] [INFO]   - Payment status sync: Daily at 1:00 AM
[2026-04-30T11:12:42.219Z] [INFO]   - Inventory expiry checks + alerts: Daily at 6:00 AM
[2026-04-30T11:12:42.219Z] [INFO]   - Pending users cleanup: Daily at 3:00 AM
[2026-04-30T11:12:42.219Z] [INFO]   - Incomplete users cleanup: Daily at 3:15 AM
[2026-04-30T11:12:42.219Z] [INFO]   - Scheduled broadcasts: Every 5 minutes
[2026-04-30T11:12:42.219Z] [INFO]   - Deletion logs cleanup: Daily at 3:30 AM
[2026-04-30T11:12:42.219Z] [INFO]   - OTP daily limits cleanup: Daily at 3:45 AM
[2026-04-30T11:13:09.190Z] [INFO] Initializing cron jobs...
[2026-04-30T11:13:09.191Z] [INFO] Instance ID: DESKTOP-I1JLQUS-1408-6cd81500
[2026-04-30T11:13:09.191Z] [INFO] Distributed locking: ENABLED
[2026-04-30T11:13:09.198Z] [INFO] [Email Cron] Email broadcast worker initialized (every 1 minute)
[2026-04-30T11:13:09.201Z] [INFO] [File Cleanup] Email attachment cleanup worker initialized (daily at 4:00 AM)
[2026-04-30T11:13:09.201Z] [INFO] Email file cleanup: Daily at 4:00 AM
[2026-04-30T11:13:09.208Z] [INFO] Plan transition job scheduled (daily at 2:00 AM)
[2026-04-30T11:13:09.210Z] [INFO] Subscription lifecycle job scheduled (every hour)
[2026-04-30T11:13:09.201Z] [INFO] Email broadcast worker: Every 1 minute
[2026-04-30T11:13:09.218Z] [INFO] Reminder job scheduled (daily at 9:00 AM)
[2026-04-30T11:13:09.214Z] [INFO] Payment status sync job scheduled (daily at 1:00 AM)
[2026-04-30T11:13:09.234Z] [INFO] All cron jobs initialized:
[2026-04-30T11:13:09.220Z] [INFO] Inventory expiry job scheduled (daily at 6:00 AM)
[2026-04-30T11:13:09.234Z] [INFO]   - Session cleanup: Every hour
[2026-04-30T11:13:09.222Z] [INFO] Scheduled broadcasts job initialized (every 5 minutes)
[2026-04-30T11:13:09.234Z] [INFO]   - Payment status sync: Daily at 1:00 AM
[2026-04-30T11:13:09.234Z] [INFO]   - Subscription lifecycle + emails: Every hour
[2026-04-30T11:13:09.234Z] [INFO]   - Plan transition: Daily at 2:00 AM
[2026-04-30T11:13:09.234Z] [INFO]   - Pending users cleanup: Daily at 3:00 AM
[2026-04-30T11:13:09.234Z] [INFO]   - Inventory expiry checks + alerts: Daily at 6:00 AM
[2026-04-30T11:13:09.234Z] [INFO]   - Deletion logs cleanup: Daily at 3:30 AM
[2026-04-30T11:13:09.234Z] [INFO]   - OTP daily limits cleanup: Daily at 3:45 AM
[2026-04-30T11:13:09.234Z] [INFO]   - Reminder emails (7d/3d/final): Daily at 9:00 AM
[2026-04-30T11:13:09.234Z] [INFO]   - Incomplete users cleanup: Daily at 3:15 AM
[2026-04-30T11:13:09.234Z] [INFO]   - Scheduled broadcasts: Every 5 minutes
[2026-04-30T11:13:17.110Z] [INFO] Initializing cron jobs...
[2026-04-30T11:13:17.111Z] [INFO] Distributed locking: ENABLED
[2026-04-30T11:13:17.111Z] [INFO] Instance ID: DESKTOP-I1JLQUS-16908-3cb2a29f
[2026-04-30T11:13:17.115Z] [INFO] [Email Cron] Email broadcast worker initialized (every 1 minute)
[2026-04-30T11:13:17.117Z] [INFO] [File Cleanup] Email attachment cleanup worker initialized (daily at 4:00 AM)
[2026-04-30T11:13:17.117Z] [INFO] Email file cleanup: Daily at 4:00 AM
[2026-04-30T11:13:17.117Z] [INFO] Email broadcast worker: Every 1 minute
[2026-04-30T11:13:17.121Z] [INFO] Subscription lifecycle job scheduled (every hour)
[2026-04-30T11:13:17.124Z] [INFO] Payment status sync job scheduled (daily at 1:00 AM)
[2026-04-30T11:13:17.127Z] [INFO] Reminder job scheduled (daily at 9:00 AM)
[2026-04-30T11:13:17.120Z] [INFO] Plan transition job scheduled (daily at 2:00 AM)
[2026-04-30T11:13:17.130Z] [INFO] Inventory expiry job scheduled (daily at 6:00 AM)
[2026-04-30T11:13:17.145Z] [INFO] All cron jobs initialized:
[2026-04-30T11:13:17.132Z] [INFO] Scheduled broadcasts job initialized (every 5 minutes)
[2026-04-30T11:13:17.145Z] [INFO]   - Plan transition: Daily at 2:00 AM
[2026-04-30T11:13:17.145Z] [INFO]   - Payment status sync: Daily at 1:00 AM
[2026-04-30T11:13:17.145Z] [INFO]   - Session cleanup: Every hour
[2026-04-30T11:13:17.145Z] [INFO]   - Inventory expiry checks + alerts: Daily at 6:00 AM
[2026-04-30T11:13:17.145Z] [INFO]   - Pending users cleanup: Daily at 3:00 AM
[2026-04-30T11:13:17.145Z] [INFO]   - Reminder emails (7d/3d/final): Daily at 9:00 AM
[2026-04-30T11:13:17.146Z] [INFO]   - Deletion logs cleanup: Daily at 3:30 AM
[2026-04-30T11:13:17.145Z] [INFO]   - Subscription lifecycle + emails: Every hour
[2026-04-30T11:13:17.145Z] [INFO]   - Incomplete users cleanup: Daily at 3:15 AM
[2026-04-30T11:13:17.146Z] [INFO]   - OTP daily limits cleanup: Daily at 3:45 AM
[2026-04-30T11:13:17.146Z] [INFO]   - Scheduled broadcasts: Every 5 minutes
[2026-04-30T11:13:23.317Z] [INFO] Instance ID: DESKTOP-I1JLQUS-27544-a90ff2ad
[2026-04-30T11:13:23.317Z] [INFO] Initializing cron jobs...
[2026-04-30T11:13:23.317Z] [INFO] Distributed locking: ENABLED
[2026-04-30T11:13:23.326Z] [INFO] [File Cleanup] Email attachment cleanup worker initialized (daily at 4:00 AM)
[2026-04-30T11:13:23.325Z] [INFO] [Email Cron] Email broadcast worker initialized (every 1 minute)
[2026-04-30T11:13:23.327Z] [INFO] Email file cleanup: Daily at 4:00 AM
[2026-04-30T11:13:23.332Z] [INFO] Plan transition job scheduled (daily at 2:00 AM)
[2026-04-30T11:13:23.327Z] [INFO] Email broadcast worker: Every 1 minute
[2026-04-30T11:13:23.334Z] [INFO] Subscription lifecycle job scheduled (every hour)
[2026-04-30T11:13:23.338Z] [INFO] Payment status sync job scheduled (daily at 1:00 AM)
[2026-04-30T11:13:23.340Z] [INFO] Reminder job scheduled (daily at 9:00 AM)
[2026-04-30T11:13:23.345Z] [INFO] Inventory expiry job scheduled (daily at 6:00 AM)
[2026-04-30T11:13:23.347Z] [INFO] Scheduled broadcasts job initialized (every 5 minutes)
[2026-04-30T11:13:23.360Z] [INFO] All cron jobs initialized:
[2026-04-30T11:13:23.360Z] [INFO]   - Plan transition: Daily at 2:00 AM
[2026-04-30T11:13:23.360Z] [INFO]   - Session cleanup: Every hour
[2026-04-30T11:13:23.360Z] [INFO]   - Subscription lifecycle + emails: Every hour
[2026-04-30T11:13:23.360Z] [INFO]   - Payment status sync: Daily at 1:00 AM
[2026-04-30T11:13:23.360Z] [INFO]   - Pending users cleanup: Daily at 3:00 AM
[2026-04-30T11:13:23.360Z] [INFO]   - Inventory expiry checks + alerts: Daily at 6:00 AM
[2026-04-30T11:13:23.360Z] [INFO]   - Incomplete users cleanup: Daily at 3:15 AM
[2026-04-30T11:13:23.360Z] [INFO]   - Deletion logs cleanup: Daily at 3:30 AM
[2026-04-30T11:13:23.360Z] [INFO]   - Scheduled broadcasts: Every 5 minutes
[2026-04-30T11:13:23.360Z] [INFO]   - OTP daily limits cleanup: Daily at 3:45 AM
[2026-04-30T11:13:23.360Z] [INFO]   - Reminder emails (7d/3d/final): Daily at 9:00 AM
[2026-04-30T11:14:25.922Z] [INFO] Initializing cron jobs...
[2026-04-30T11:14:25.922Z] [INFO] Instance ID: DESKTOP-I1JLQUS-8168-4b5a0610
[2026-04-30T11:14:25.922Z] [INFO] Distributed locking: ENABLED
[2026-04-30T11:14:25.929Z] [INFO] Email broadcast worker: Every 1 minute
[2026-04-30T11:14:25.929Z] [INFO] [File Cleanup] Email attachment cleanup worker initialized (daily at 4:00 AM)
[2026-04-30T11:14:25.929Z] [INFO] Email file cleanup: Daily at 4:00 AM
[2026-04-30T11:14:25.927Z] [INFO] [Email Cron] Email broadcast worker initialized (every 1 minute)
[2026-04-30T11:14:25.931Z] [INFO] Plan transition job scheduled (daily at 2:00 AM)
[2026-04-30T11:14:25.933Z] [INFO] Subscription lifecycle job scheduled (every hour)
[2026-04-30T11:14:25.935Z] [INFO] Payment status sync job scheduled (daily at 1:00 AM)
[2026-04-30T11:14:25.938Z] [INFO] Inventory expiry job scheduled (daily at 6:00 AM)
[2026-04-30T11:14:25.936Z] [INFO] Reminder job scheduled (daily at 9:00 AM)
[2026-04-30T11:14:25.941Z] [INFO] Scheduled broadcasts job initialized (every 5 minutes)
[2026-04-30T11:14:25.955Z] [INFO] All cron jobs initialized:
[2026-04-30T11:14:25.955Z] [INFO]   - Session cleanup: Every hour
[2026-04-30T11:14:25.955Z] [INFO]   - Plan transition: Daily at 2:00 AM
[2026-04-30T11:14:25.955Z] [INFO]   - Payment status sync: Daily at 1:00 AM
[2026-04-30T11:14:25.955Z] [INFO]   - Subscription lifecycle + emails: Every hour
[2026-04-30T11:14:25.955Z] [INFO]   - Inventory expiry checks + alerts: Daily at 6:00 AM
[2026-04-30T11:14:25.955Z] [INFO]   - Reminder emails (7d/3d/final): Daily at 9:00 AM
[2026-04-30T11:14:25.955Z] [INFO]   - Pending users cleanup: Daily at 3:00 AM
[2026-04-30T11:14:25.955Z] [INFO]   - Incomplete users cleanup: Daily at 3:15 AM
[2026-04-30T11:14:25.955Z] [INFO]   - Deletion logs cleanup: Daily at 3:30 AM
[2026-04-30T11:14:25.955Z] [INFO]   - Scheduled broadcasts: Every 5 minutes
[2026-04-30T11:14:25.955Z] [INFO]   - OTP daily limits cleanup: Daily at 3:45 AM
[2026-04-30T11:14:41.735Z] [INFO] Initializing cron jobs...
[2026-04-30T11:14:41.736Z] [INFO] Instance ID: DESKTOP-I1JLQUS-6892-60ad2b90
[2026-04-30T11:14:41.745Z] [INFO] [File Cleanup] Email attachment cleanup worker initialized (daily at 4:00 AM)
[2026-04-30T11:14:41.745Z] [INFO] Email broadcast worker: Every 1 minute
[2026-04-30T11:14:41.736Z] [INFO] Distributed locking: ENABLED
[2026-04-30T11:14:41.748Z] [INFO] Plan transition job scheduled (daily at 2:00 AM)
[2026-04-30T11:14:41.749Z] [INFO] Subscription lifecycle job scheduled (every hour)
[2026-04-30T11:14:41.741Z] [INFO] [Email Cron] Email broadcast worker initialized (every 1 minute)
[2026-04-30T11:14:41.745Z] [INFO] Email file cleanup: Daily at 4:00 AM
[2026-04-30T11:14:41.752Z] [INFO] Payment status sync job scheduled (daily at 1:00 AM)
[2026-04-30T11:14:41.762Z] [INFO] Inventory expiry job scheduled (daily at 6:00 AM)
[2026-04-30T11:14:41.758Z] [INFO] Reminder job scheduled (daily at 9:00 AM)
[2026-04-30T11:14:41.764Z] [INFO] Scheduled broadcasts job initialized (every 5 minutes)
[2026-04-30T11:14:41.776Z] [INFO]   - Session cleanup: Every hour
[2026-04-30T11:14:41.776Z] [INFO] All cron jobs initialized:
[2026-04-30T11:14:41.776Z] [INFO]   - Plan transition: Daily at 2:00 AM
[2026-04-30T11:14:41.776Z] [INFO]   - Subscription lifecycle + emails: Every hour
[2026-04-30T11:14:41.776Z] [INFO]   - Payment status sync: Daily at 1:00 AM
[2026-04-30T11:14:41.776Z] [INFO]   - Inventory expiry checks + alerts: Daily at 6:00 AM
[2026-04-30T11:14:41.776Z] [INFO]   - Reminder emails (7d/3d/final): Daily at 9:00 AM
[2026-04-30T11:14:41.776Z] [INFO]   - Pending users cleanup: Daily at 3:00 AM
[2026-04-30T11:14:41.776Z] [INFO]   - Incomplete users cleanup: Daily at 3:15 AM
[2026-04-30T11:14:41.776Z] [INFO]   - Deletion logs cleanup: Daily at 3:30 AM
[2026-04-30T11:14:41.776Z] [INFO]   - Scheduled broadcasts: Every 5 minutes
[2026-04-30T11:14:41.776Z] [INFO]   - OTP daily limits cleanup: Daily at 3:45 AM
[2026-04-30T11:14:48.498Z] [INFO] Initializing cron jobs...
[2026-04-30T11:14:48.498Z] [INFO] Distributed locking: ENABLED
[2026-04-30T11:14:48.498Z] [INFO] Instance ID: DESKTOP-I1JLQUS-12368-b57f98eb
[2026-04-30T11:14:48.502Z] [INFO] [Email Cron] Email broadcast worker initialized (every 1 minute)
[2026-04-30T11:14:48.504Z] [INFO] Email broadcast worker: Every 1 minute
[2026-04-30T11:14:48.504Z] [INFO] Email file cleanup: Daily at 4:00 AM
[2026-04-30T11:14:48.504Z] [INFO] [File Cleanup] Email attachment cleanup worker initialized (daily at 4:00 AM)
[2026-04-30T11:14:48.510Z] [INFO] Plan transition job scheduled (daily at 2:00 AM)
[2026-04-30T11:14:48.512Z] [INFO] Subscription lifecycle job scheduled (every hour)
[2026-04-30T11:14:48.515Z] [INFO] Payment status sync job scheduled (daily at 1:00 AM)
[2026-04-30T11:14:48.516Z] [INFO] Reminder job scheduled (daily at 9:00 AM)
[2026-04-30T11:14:48.518Z] [INFO] Inventory expiry job scheduled (daily at 6:00 AM)
[2026-04-30T11:14:48.524Z] [INFO] Scheduled broadcasts job initialized (every 5 minutes)
[2026-04-30T11:14:48.534Z] [INFO] All cron jobs initialized:
[2026-04-30T11:14:48.534Z] [INFO]   - Plan transition: Daily at 2:00 AM
[2026-04-30T11:14:48.534Z] [INFO]   - Session cleanup: Every hour
[2026-04-30T11:14:48.534Z] [INFO]   - Payment status sync: Daily at 1:00 AM
[2026-04-30T11:14:48.534Z] [INFO]   - Subscription lifecycle + emails: Every hour
[2026-04-30T11:14:48.534Z] [INFO]   - Inventory expiry checks + alerts: Daily at 6:00 AM
[2026-04-30T11:14:48.534Z] [INFO]   - Reminder emails (7d/3d/final): Daily at 9:00 AM
[2026-04-30T11:14:48.534Z] [INFO]   - Incomplete users cleanup: Daily at 3:15 AM
[2026-04-30T11:14:48.534Z] [INFO]   - Pending users cleanup: Daily at 3:00 AM
[2026-04-30T11:14:48.534Z] [INFO]   - Deletion logs cleanup: Daily at 3:30 AM
[2026-04-30T11:14:48.534Z] [INFO]   - OTP daily limits cleanup: Daily at 3:45 AM
[2026-04-30T11:14:48.534Z] [INFO]   - Scheduled broadcasts: Every 5 minutes
[2026-04-30T11:14:52.717Z] [INFO] Initializing cron jobs...
[2026-04-30T11:14:52.718Z] [INFO] Instance ID: DESKTOP-I1JLQUS-7372-97b53728
[2026-04-30T11:14:52.732Z] [INFO] [File Cleanup] Email attachment cleanup worker initialized (daily at 4:00 AM)
[2026-04-30T11:14:52.718Z] [INFO] Distributed locking: ENABLED
[2026-04-30T11:14:52.732Z] [INFO] Email broadcast worker: Every 1 minute
[2026-04-30T11:14:52.724Z] [INFO] [Email Cron] Email broadcast worker initialized (every 1 minute)
[2026-04-30T11:14:52.735Z] [INFO] Plan transition job scheduled (daily at 2:00 AM)
[2026-04-30T11:14:52.738Z] [INFO] Subscription lifecycle job scheduled (every hour)
[2026-04-30T11:14:52.740Z] [INFO] Payment status sync job scheduled (daily at 1:00 AM)
[2026-04-30T11:14:52.743Z] [INFO] Inventory expiry job scheduled (daily at 6:00 AM)
[2026-04-30T11:14:52.745Z] [INFO] Scheduled broadcasts job initialized (every 5 minutes)
[2026-04-30T11:14:52.741Z] [INFO] Reminder job scheduled (daily at 9:00 AM)
[2026-04-30T11:14:52.732Z] [INFO] Email file cleanup: Daily at 4:00 AM
[2026-04-30T11:14:52.753Z] [INFO]   - Plan transition: Daily at 2:00 AM
[2026-04-30T11:14:52.753Z] [INFO]   - Session cleanup: Every hour
[2026-04-30T11:14:52.753Z] [INFO]   - Subscription lifecycle + emails: Every hour
[2026-04-30T11:14:52.753Z] [INFO]   - Reminder emails (7d/3d/final): Daily at 9:00 AM
[2026-04-30T11:14:52.753Z] [INFO]   - Payment status sync: Daily at 1:00 AM
[2026-04-30T11:14:52.753Z] [INFO]   - Inventory expiry checks + alerts: Daily at 6:00 AM
[2026-04-30T11:14:52.753Z] [INFO]   - Incomplete users cleanup: Daily at 3:15 AM
[2026-04-30T11:14:52.753Z] [INFO] All cron jobs initialized:
[2026-04-30T11:14:52.753Z] [INFO]   - Pending users cleanup: Daily at 3:00 AM
[2026-04-30T11:14:52.753Z] [INFO]   - Deletion logs cleanup: Daily at 3:30 AM
[2026-04-30T11:14:52.753Z] [INFO]   - OTP daily limits cleanup: Daily at 3:45 AM
[2026-04-30T11:14:52.753Z] [INFO]   - Scheduled broadcasts: Every 5 minutes
[2026-04-30T11:14:57.386Z] [INFO] Initializing cron jobs...
[2026-04-30T11:14:57.386Z] [INFO] Distributed locking: ENABLED
[2026-04-30T11:14:57.386Z] [INFO] Instance ID: DESKTOP-I1JLQUS-26160-9d75a368
[2026-04-30T11:14:57.391Z] [INFO] [Email Cron] Email broadcast worker initialized (every 1 minute)
[2026-04-30T11:14:57.394Z] [INFO] Email broadcast worker: Every 1 minute
[2026-04-30T11:14:57.394Z] [INFO] [File Cleanup] Email attachment cleanup worker initialized (daily at 4:00 AM)
[2026-04-30T11:14:57.394Z] [INFO] Email file cleanup: Daily at 4:00 AM
[2026-04-30T11:14:57.396Z] [INFO] Plan transition job scheduled (daily at 2:00 AM)
[2026-04-30T11:14:57.399Z] [INFO] Subscription lifecycle job scheduled (every hour)
[2026-04-30T11:14:57.401Z] [INFO] Payment status sync job scheduled (daily at 1:00 AM)
[2026-04-30T11:14:57.404Z] [INFO] Reminder job scheduled (daily at 9:00 AM)
[2026-04-30T11:14:57.406Z] [INFO] Inventory expiry job scheduled (daily at 6:00 AM)
[2026-04-30T11:14:57.408Z] [INFO] Scheduled broadcasts job initialized (every 5 minutes)
[2026-04-30T11:14:57.418Z] [INFO]   - Session cleanup: Every hour
[2026-04-30T11:14:57.418Z] [INFO]   - Plan transition: Daily at 2:00 AM
[2026-04-30T11:14:57.418Z] [INFO]   - Inventory expiry checks + alerts: Daily at 6:00 AM
[2026-04-30T11:14:57.418Z] [INFO] All cron jobs initialized:
[2026-04-30T11:14:57.418Z] [INFO]   - Subscription lifecycle + emails: Every hour
[2026-04-30T11:14:57.418Z] [INFO]   - Payment status sync: Daily at 1:00 AM
[2026-04-30T11:14:57.418Z] [INFO]   - Reminder emails (7d/3d/final): Daily at 9:00 AM
[2026-04-30T11:14:57.418Z] [INFO]   - Incomplete users cleanup: Daily at 3:15 AM
[2026-04-30T11:14:57.418Z] [INFO]   - Deletion logs cleanup: Daily at 3:30 AM
[2026-04-30T11:14:57.418Z] [INFO]   - Pending users cleanup: Daily at 3:00 AM
[2026-04-30T11:14:57.418Z] [INFO]   - OTP daily limits cleanup: Daily at 3:45 AM
[2026-04-30T11:14:57.418Z] [INFO]   - Scheduled broadcasts: Every 5 minutes
[2026-04-30T11:15:00.034Z] [INFO] Checking for scheduled broadcasts...
[2026-04-30T11:15:00.083Z] [INFO] No scheduled broadcasts due for sending
[2026-04-30T11:15:05.029Z] [INFO] Instance ID: DESKTOP-I1JLQUS-8800-4832291d
[2026-04-30T11:15:05.029Z] [INFO] Initializing cron jobs...
[2026-04-30T11:15:05.029Z] [INFO] Distributed locking: ENABLED
[2026-04-30T11:15:05.036Z] [INFO] Email broadcast worker: Every 1 minute
[2026-04-30T11:15:05.036Z] [INFO] [File Cleanup] Email attachment cleanup worker initialized (daily at 4:00 AM)
[2026-04-30T11:15:05.038Z] [INFO] Plan transition job scheduled (daily at 2:00 AM)
[2026-04-30T11:15:05.036Z] [INFO] Email file cleanup: Daily at 4:00 AM
[2026-04-30T11:15:05.034Z] [INFO] [Email Cron] Email broadcast worker initialized (every 1 minute)
[2026-04-30T11:15:05.040Z] [INFO] Subscription lifecycle job scheduled (every hour)
[2026-04-30T11:15:05.045Z] [INFO] Reminder job scheduled (daily at 9:00 AM)
[2026-04-30T11:15:05.043Z] [INFO] Payment status sync job scheduled (daily at 1:00 AM)
[2026-04-30T11:15:05.048Z] [INFO] Scheduled broadcasts job initialized (every 5 minutes)
[2026-04-30T11:15:05.055Z] [INFO] All cron jobs initialized:
[2026-04-30T11:15:05.055Z] [INFO]   - Plan transition: Daily at 2:00 AM
[2026-04-30T11:15:05.047Z] [INFO] Inventory expiry job scheduled (daily at 6:00 AM)
[2026-04-30T11:15:05.055Z] [INFO]   - Subscription lifecycle + emails: Every hour
[2026-04-30T11:15:05.055Z] [INFO]   - Session cleanup: Every hour
[2026-04-30T11:15:05.055Z] [INFO]   - Inventory expiry checks + alerts: Daily at 6:00 AM
[2026-04-30T11:15:05.055Z] [INFO]   - Payment status sync: Daily at 1:00 AM
[2026-04-30T11:15:05.055Z] [INFO]   - Incomplete users cleanup: Daily at 3:15 AM
[2026-04-30T11:15:05.055Z] [INFO]   - Reminder emails (7d/3d/final): Daily at 9:00 AM
[2026-04-30T11:15:05.055Z] [INFO]   - OTP daily limits cleanup: Daily at 3:45 AM
[2026-04-30T11:15:05.055Z] [INFO]   - Pending users cleanup: Daily at 3:00 AM
[2026-04-30T11:15:05.055Z] [INFO]   - Scheduled broadcasts: Every 5 minutes
[2026-04-30T11:15:05.055Z] [INFO]   - Deletion logs cleanup: Daily at 3:30 AM
[2026-04-30T11:15:09.841Z] [INFO] Initializing cron jobs...
[2026-04-30T11:15:09.841Z] [INFO] Instance ID: DESKTOP-I1JLQUS-3444-6e86d43a
[2026-04-30T11:15:09.841Z] [INFO] Distributed locking: ENABLED
[2026-04-30T11:15:09.846Z] [INFO] [Email Cron] Email broadcast worker initialized (every 1 minute)
[2026-04-30T11:15:09.848Z] [INFO] [File Cleanup] Email attachment cleanup worker initialized (daily at 4:00 AM)
[2026-04-30T11:15:09.848Z] [INFO] Email file cleanup: Daily at 4:00 AM
[2026-04-30T11:15:09.848Z] [INFO] Email broadcast worker: Every 1 minute
[2026-04-30T11:15:09.852Z] [INFO] Plan transition job scheduled (daily at 2:00 AM)
[2026-04-30T11:15:09.853Z] [INFO] Subscription lifecycle job scheduled (every hour)
[2026-04-30T11:15:09.855Z] [INFO] Payment status sync job scheduled (daily at 1:00 AM)
[2026-04-30T11:15:09.857Z] [INFO] Reminder job scheduled (daily at 9:00 AM)
[2026-04-30T11:15:09.859Z] [INFO] Inventory expiry job scheduled (daily at 6:00 AM)
[2026-04-30T11:15:09.862Z] [INFO] Scheduled broadcasts job initialized (every 5 minutes)
[2026-04-30T11:15:09.871Z] [INFO] All cron jobs initialized:
[2026-04-30T11:15:09.871Z] [INFO]   - Plan transition: Daily at 2:00 AM
[2026-04-30T11:15:09.871Z] [INFO]   - Payment status sync: Daily at 1:00 AM
[2026-04-30T11:15:09.871Z] [INFO]   - Inventory expiry checks + alerts: Daily at 6:00 AM
[2026-04-30T11:15:09.871Z] [INFO]   - Session cleanup: Every hour
[2026-04-30T11:15:09.871Z] [INFO]   - Subscription lifecycle + emails: Every hour
[2026-04-30T11:15:09.871Z] [INFO]   - Reminder emails (7d/3d/final): Daily at 9:00 AM
[2026-04-30T11:15:09.871Z] [INFO]   - Pending users cleanup: Daily at 3:00 AM
[2026-04-30T11:15:09.871Z] [INFO]   - Incomplete users cleanup: Daily at 3:15 AM
[2026-04-30T11:15:09.871Z] [INFO]   - Scheduled broadcasts: Every 5 minutes
[2026-04-30T11:15:09.871Z] [INFO]   - Deletion logs cleanup: Daily at 3:30 AM
[2026-04-30T11:15:09.871Z] [INFO]   - OTP daily limits cleanup: Daily at 3:45 AM
[2026-04-30T11:15:13.440Z] [INFO] Initializing cron jobs...
[2026-04-30T11:15:13.440Z] [INFO] Instance ID: DESKTOP-I1JLQUS-13564-b555a037
[2026-04-30T11:15:13.440Z] [INFO] Distributed locking: ENABLED
[2026-04-30T11:15:13.444Z] [INFO] [Email Cron] Email broadcast worker initialized (every 1 minute)
[2026-04-30T11:15:13.446Z] [INFO] [File Cleanup] Email attachment cleanup worker initialized (daily at 4:00 AM)
[2026-04-30T11:15:13.446Z] [INFO] Email broadcast worker: Every 1 minute
[2026-04-30T11:15:13.446Z] [INFO] Email file cleanup: Daily at 4:00 AM
[2026-04-30T11:15:13.450Z] [INFO] Subscription lifecycle job scheduled (every hour)
[2026-04-30T11:15:13.455Z] [INFO] Inventory expiry job scheduled (daily at 6:00 AM)
[2026-04-30T11:15:13.454Z] [INFO] Reminder job scheduled (daily at 9:00 AM)
[2026-04-30T11:15:13.452Z] [INFO] Payment status sync job scheduled (daily at 1:00 AM)
[2026-04-30T11:15:13.457Z] [INFO] Scheduled broadcasts job initialized (every 5 minutes)
[2026-04-30T11:15:13.448Z] [INFO] Plan transition job scheduled (daily at 2:00 AM)
[2026-04-30T11:15:13.466Z] [INFO] All cron jobs initialized:
[2026-04-30T11:15:13.466Z] [INFO]   - Subscription lifecycle + emails: Every hour
[2026-04-30T11:15:13.466Z] [INFO]   - Payment status sync: Daily at 1:00 AM
[2026-04-30T11:15:13.466Z] [INFO]   - Inventory expiry checks + alerts: Daily at 6:00 AM
[2026-04-30T11:15:13.466Z] [INFO]   - Plan transition: Daily at 2:00 AM
[2026-04-30T11:15:13.466Z] [INFO]   - Reminder emails (7d/3d/final): Daily at 9:00 AM
[2026-04-30T11:15:13.466Z] [INFO]   - Session cleanup: Every hour
[2026-04-30T11:15:13.466Z] [INFO]   - Scheduled broadcasts: Every 5 minutes
[2026-04-30T11:15:13.466Z] [INFO]   - Incomplete users cleanup: Daily at 3:15 AM
[2026-04-30T11:15:13.466Z] [INFO]   - Pending users cleanup: Daily at 3:00 AM
[2026-04-30T11:15:13.466Z] [INFO]   - Deletion logs cleanup: Daily at 3:30 AM
[2026-04-30T11:15:13.466Z] [INFO]   - OTP daily limits cleanup: Daily at 3:45 AM
[2026-04-30T11:15:19.818Z] [INFO] Initializing cron jobs...
[2026-04-30T11:15:19.818Z] [INFO] Distributed locking: ENABLED
[2026-04-30T11:15:19.818Z] [INFO] Instance ID: DESKTOP-I1JLQUS-2356-32ffd8bb
[2026-04-30T11:15:19.823Z] [INFO] [Email Cron] Email broadcast worker initialized (every 1 minute)
[2026-04-30T11:15:19.825Z] [INFO] [File Cleanup] Email attachment cleanup worker initialized (daily at 4:00 AM)
[2026-04-30T11:15:19.825Z] [INFO] Email broadcast worker: Every 1 minute
[2026-04-30T11:15:19.825Z] [INFO] Email file cleanup: Daily at 4:00 AM
[2026-04-30T11:15:19.828Z] [INFO] Plan transition job scheduled (daily at 2:00 AM)
[2026-04-30T11:15:19.830Z] [INFO] Subscription lifecycle job scheduled (every hour)
[2026-04-30T11:15:19.831Z] [INFO] Payment status sync job scheduled (daily at 1:00 AM)
[2026-04-30T11:15:19.833Z] [INFO] Reminder job scheduled (daily at 9:00 AM)
[2026-04-30T11:15:19.836Z] [INFO] Inventory expiry job scheduled (daily at 6:00 AM)
[2026-04-30T11:15:19.842Z] [INFO] Scheduled broadcasts job initialized (every 5 minutes)
[2026-04-30T11:15:19.857Z] [INFO] All cron jobs initialized:
[2026-04-30T11:15:19.857Z] [INFO]   - Session cleanup: Every hour
[2026-04-30T11:15:19.857Z] [INFO]   - Plan transition: Daily at 2:00 AM
[2026-04-30T11:15:19.857Z] [INFO]   - Subscription lifecycle + emails: Every hour
[2026-04-30T11:15:19.857Z] [INFO]   - Inventory expiry checks + alerts: Daily at 6:00 AM
[2026-04-30T11:15:19.857Z] [INFO]   - Payment status sync: Daily at 1:00 AM
[2026-04-30T11:15:19.857Z] [INFO]   - Pending users cleanup: Daily at 3:00 AM
[2026-04-30T11:15:19.857Z] [INFO]   - Scheduled broadcasts: Every 5 minutes
[2026-04-30T11:15:19.857Z] [INFO]   - Reminder emails (7d/3d/final): Daily at 9:00 AM
[2026-04-30T11:15:19.857Z] [INFO]   - Incomplete users cleanup: Daily at 3:15 AM
[2026-04-30T11:15:19.857Z] [INFO]   - OTP daily limits cleanup: Daily at 3:45 AM
[2026-04-30T11:15:19.857Z] [INFO]   - Deletion logs cleanup: Daily at 3:30 AM
[2026-04-30T11:15:24.480Z] [INFO] Initializing cron jobs...
[2026-04-30T11:15:24.481Z] [INFO] Instance ID: DESKTOP-I1JLQUS-5456-9fad3aa0
[2026-04-30T11:15:24.493Z] [INFO] [Email Cron] Email broadcast worker initialized (every 1 minute)
[2026-04-30T11:15:24.500Z] [INFO] [File Cleanup] Email attachment cleanup worker initialized (daily at 4:00 AM)
[2026-04-30T11:15:24.481Z] [INFO] Distributed locking: ENABLED
[2026-04-30T11:15:24.501Z] [INFO] Email broadcast worker: Every 1 minute
[2026-04-30T11:15:24.508Z] [INFO] Subscription lifecycle job scheduled (every hour)
[2026-04-30T11:15:24.501Z] [INFO] Email file cleanup: Daily at 4:00 AM
[2026-04-30T11:15:24.504Z] [INFO] Plan transition job scheduled (daily at 2:00 AM)
[2026-04-30T11:15:24.511Z] [INFO] Payment status sync job scheduled (daily at 1:00 AM)
[2026-04-30T11:15:24.516Z] [INFO] Reminder job scheduled (daily at 9:00 AM)
[2026-04-30T11:15:24.519Z] [INFO] Inventory expiry job scheduled (daily at 6:00 AM)
[2026-04-30T11:15:24.522Z] [INFO] Scheduled broadcasts job initialized (every 5 minutes)
[2026-04-30T11:15:24.535Z] [INFO] All cron jobs initialized:
[2026-04-30T11:15:24.535Z] [INFO]   - Session cleanup: Every hour
[2026-04-30T11:15:24.535Z] [INFO]   - Plan transition: Daily at 2:00 AM
[2026-04-30T11:15:24.536Z] [INFO]   - Payment status sync: Daily at 1:00 AM
[2026-04-30T11:15:24.535Z] [INFO]   - Subscription lifecycle + emails: Every hour
[2026-04-30T11:15:24.536Z] [INFO]   - Pending users cleanup: Daily at 3:00 AM
[2026-04-30T11:15:24.536Z] [INFO]   - Inventory expiry checks + alerts: Daily at 6:00 AM
[2026-04-30T11:15:24.536Z] [INFO]   - Reminder emails (7d/3d/final): Daily at 9:00 AM
[2026-04-30T11:15:24.536Z] [INFO]   - Incomplete users cleanup: Daily at 3:15 AM
[2026-04-30T11:15:24.536Z] [INFO]   - Scheduled broadcasts: Every 5 minutes
[2026-04-30T11:15:24.536Z] [INFO]   - OTP daily limits cleanup: Daily at 3:45 AM
[2026-04-30T11:15:24.536Z] [INFO]   - Deletion logs cleanup: Daily at 3:30 AM
[2026-04-30T11:15:25.975Z] [INFO] Initializing cron jobs...
[2026-04-30T11:15:25.975Z] [INFO] Instance ID: DESKTOP-I1JLQUS-10276-663d5340
[2026-04-30T11:15:25.975Z] [INFO] Distributed locking: ENABLED
[2026-04-30T11:15:25.982Z] [INFO] [Email Cron] Email broadcast worker initialized (every 1 minute)
[2026-04-30T11:15:25.986Z] [INFO] [File Cleanup] Email attachment cleanup worker initialized (daily at 4:00 AM)
[2026-04-30T11:15:25.986Z] [INFO] Email broadcast worker: Every 1 minute
[2026-04-30T11:15:25.986Z] [INFO] Email file cleanup: Daily at 4:00 AM
[2026-04-30T11:15:25.990Z] [INFO] Plan transition job scheduled (daily at 2:00 AM)
[2026-04-30T11:15:25.994Z] [INFO] Subscription lifecycle job scheduled (every hour)
[2026-04-30T11:15:25.997Z] [INFO] Payment status sync job scheduled (daily at 1:00 AM)
[2026-04-30T11:15:26.000Z] [INFO] Reminder job scheduled (daily at 9:00 AM)
[2026-04-30T11:15:26.006Z] [INFO] Inventory expiry job scheduled (daily at 6:00 AM)
[2026-04-30T11:15:26.013Z] [INFO] Scheduled broadcasts job initialized (every 5 minutes)
[2026-04-30T11:15:26.030Z] [INFO] All cron jobs initialized:
[2026-04-30T11:15:26.030Z] [INFO]   - Session cleanup: Every hour
[2026-04-30T11:15:26.030Z] [INFO]   - Plan transition: Daily at 2:00 AM
[2026-04-30T11:15:26.030Z] [INFO]   - Subscription lifecycle + emails: Every hour
[2026-04-30T11:15:26.030Z] [INFO]   - Payment status sync: Daily at 1:00 AM
[2026-04-30T11:15:26.030Z] [INFO]   - Inventory expiry checks + alerts: Daily at 6:00 AM
[2026-04-30T11:15:26.030Z] [INFO]   - Pending users cleanup: Daily at 3:00 AM
[2026-04-30T11:15:26.030Z] [INFO]   - Reminder emails (7d/3d/final): Daily at 9:00 AM
[2026-04-30T11:15:26.030Z] [INFO]   - Incomplete users cleanup: Daily at 3:15 AM
[2026-04-30T11:15:26.030Z] [INFO]   - Scheduled broadcasts: Every 5 minutes
[2026-04-30T11:15:26.030Z] [INFO]   - Deletion logs cleanup: Daily at 3:30 AM
[2026-04-30T11:15:26.030Z] [INFO]   - OTP daily limits cleanup: Daily at 3:45 AM
[2026-04-30T11:15:28.280Z] [INFO] Initializing cron jobs...
[2026-04-30T11:15:28.281Z] [INFO] Instance ID: DESKTOP-I1JLQUS-22908-0eaf0702
[2026-04-30T11:15:28.281Z] [INFO] Distributed locking: ENABLED
[2026-04-30T11:15:28.287Z] [INFO] [File Cleanup] Email attachment cleanup worker initialized (daily at 4:00 AM)
[2026-04-30T11:15:28.287Z] [INFO] Email file cleanup: Daily at 4:00 AM
[2026-04-30T11:15:28.285Z] [INFO] [Email Cron] Email broadcast worker initialized (every 1 minute)
[2026-04-30T11:15:28.287Z] [INFO] Email broadcast worker: Every 1 minute
[2026-04-30T11:15:28.290Z] [INFO] Subscription lifecycle job scheduled (every hour)
[2026-04-30T11:15:28.289Z] [INFO] Plan transition job scheduled (daily at 2:00 AM)
[2026-04-30T11:15:28.292Z] [INFO] Payment status sync job scheduled (daily at 1:00 AM)
[2026-04-30T11:15:28.294Z] [INFO] Reminder job scheduled (daily at 9:00 AM)
[2026-04-30T11:15:28.295Z] [INFO] Inventory expiry job scheduled (daily at 6:00 AM)
[2026-04-30T11:15:28.297Z] [INFO] Scheduled broadcasts job initialized (every 5 minutes)
[2026-04-30T11:15:28.311Z] [INFO]   - Subscription lifecycle + emails: Every hour
[2026-04-30T11:15:28.311Z] [INFO] All cron jobs initialized:
[2026-04-30T11:15:28.311Z] [INFO]   - Plan transition: Daily at 2:00 AM
[2026-04-30T11:15:28.311Z] [INFO]   - Session cleanup: Every hour
[2026-04-30T11:15:28.311Z] [INFO]   - Payment status sync: Daily at 1:00 AM
[2026-04-30T11:15:28.311Z] [INFO]   - Inventory expiry checks + alerts: Daily at 6:00 AM
[2026-04-30T11:15:28.311Z] [INFO]   - Pending users cleanup: Daily at 3:00 AM
[2026-04-30T11:15:28.311Z] [INFO]   - Reminder emails (7d/3d/final): Daily at 9:00 AM
[2026-04-30T11:15:28.311Z] [INFO]   - Deletion logs cleanup: Daily at 3:30 AM
[2026-04-30T11:15:28.311Z] [INFO]   - Incomplete users cleanup: Daily at 3:15 AM
[2026-04-30T11:15:28.311Z] [INFO]   - Scheduled broadcasts: Every 5 minutes
[2026-04-30T11:15:28.311Z] [INFO]   - OTP daily limits cleanup: Daily at 3:45 AM
[2026-04-30T11:15:31.961Z] [INFO] Initializing cron jobs...
[2026-04-30T11:15:31.962Z] [INFO] Instance ID: DESKTOP-I1JLQUS-3348-caead145
[2026-04-30T11:15:31.962Z] [INFO] Distributed locking: ENABLED
[2026-04-30T11:15:31.969Z] [INFO] [Email Cron] Email broadcast worker initialized (every 1 minute)
[2026-04-30T11:15:31.971Z] [INFO] Email broadcast worker: Every 1 minute
[2026-04-30T11:15:31.971Z] [INFO] [File Cleanup] Email attachment cleanup worker initialized (daily at 4:00 AM)
[2026-04-30T11:15:31.971Z] [INFO] Email file cleanup: Daily at 4:00 AM
[2026-04-30T11:15:31.974Z] [INFO] Plan transition job scheduled (daily at 2:00 AM)
[2026-04-30T11:15:31.976Z] [INFO] Subscription lifecycle job scheduled (every hour)
[2026-04-30T11:15:31.978Z] [INFO] Payment status sync job scheduled (daily at 1:00 AM)
[2026-04-30T11:15:31.981Z] [INFO] Reminder job scheduled (daily at 9:00 AM)
[2026-04-30T11:15:31.986Z] [INFO] Inventory expiry job scheduled (daily at 6:00 AM)
[2026-04-30T11:15:31.988Z] [INFO] Scheduled broadcasts job initialized (every 5 minutes)
[2026-04-30T11:15:31.997Z] [INFO] All cron jobs initialized:
[2026-04-30T11:15:31.997Z] [INFO]   - Session cleanup: Every hour
[2026-04-30T11:15:31.997Z] [INFO]   - Plan transition: Daily at 2:00 AM
[2026-04-30T11:15:31.997Z] [INFO]   - Subscription lifecycle + emails: Every hour
[2026-04-30T11:15:31.997Z] [INFO]   - Payment status sync: Daily at 1:00 AM
[2026-04-30T11:15:31.997Z] [INFO]   - Pending users cleanup: Daily at 3:00 AM
[2026-04-30T11:15:31.997Z] [INFO]   - Inventory expiry checks + alerts: Daily at 6:00 AM
[2026-04-30T11:15:31.997Z] [INFO]   - Reminder emails (7d/3d/final): Daily at 9:00 AM
[2026-04-30T11:15:31.997Z] [INFO]   - Incomplete users cleanup: Daily at 3:15 AM
[2026-04-30T11:15:31.997Z] [INFO]   - Deletion logs cleanup: Daily at 3:30 AM
[2026-04-30T11:15:31.997Z] [INFO]   - OTP daily limits cleanup: Daily at 3:45 AM
[2026-04-30T11:15:31.997Z] [INFO]   - Scheduled broadcasts: Every 5 minutes
[2026-04-30T11:15:37.776Z] [INFO] Initializing cron jobs...
[2026-04-30T11:15:37.776Z] [INFO] Distributed locking: ENABLED
[2026-04-30T11:15:37.783Z] [INFO] [File Cleanup] Email attachment cleanup worker initialized (daily at 4:00 AM)
[2026-04-30T11:15:37.776Z] [INFO] Instance ID: DESKTOP-I1JLQUS-21140-65d46aa2
[2026-04-30T11:15:37.784Z] [INFO] Email broadcast worker: Every 1 minute
[2026-04-30T11:15:37.786Z] [INFO] Plan transition job scheduled (daily at 2:00 AM)
[2026-04-30T11:15:37.781Z] [INFO] [Email Cron] Email broadcast worker initialized (every 1 minute)
[2026-04-30T11:15:37.784Z] [INFO] Email file cleanup: Daily at 4:00 AM
[2026-04-30T11:15:37.787Z] [INFO] Subscription lifecycle job scheduled (every hour)
[2026-04-30T11:15:37.794Z] [INFO] Inventory expiry job scheduled (daily at 6:00 AM)
[2026-04-30T11:15:37.792Z] [INFO] Reminder job scheduled (daily at 9:00 AM)
[2026-04-30T11:15:37.789Z] [INFO] Payment status sync job scheduled (daily at 1:00 AM)
[2026-04-30T11:15:37.795Z] [INFO] Scheduled broadcasts job initialized (every 5 minutes)
[2026-04-30T11:15:37.804Z] [INFO] All cron jobs initialized:
[2026-04-30T11:15:37.804Z] [INFO]   - Session cleanup: Every hour
[2026-04-30T11:15:37.804Z] [INFO]   - Inventory expiry checks + alerts: Daily at 6:00 AM
[2026-04-30T11:15:37.804Z] [INFO]   - Plan transition: Daily at 2:00 AM
[2026-04-30T11:15:37.804Z] [INFO]   - Subscription lifecycle + emails: Every hour
[2026-04-30T11:15:37.804Z] [INFO]   - Payment status sync: Daily at 1:00 AM
[2026-04-30T11:15:37.804Z] [INFO]   - Reminder emails (7d/3d/final): Daily at 9:00 AM
[2026-04-30T11:15:37.804Z] [INFO]   - Deletion logs cleanup: Daily at 3:30 AM
[2026-04-30T11:15:37.804Z] [INFO]   - Pending users cleanup: Daily at 3:00 AM
[2026-04-30T11:15:37.804Z] [INFO]   - Scheduled broadcasts: Every 5 minutes
[2026-04-30T11:15:37.804Z] [INFO]   - Incomplete users cleanup: Daily at 3:15 AM
[2026-04-30T11:15:37.804Z] [INFO]   - OTP daily limits cleanup: Daily at 3:45 AM
[2026-04-30T11:15:45.410Z] [INFO] Initializing cron jobs...
[2026-04-30T11:15:45.411Z] [INFO] Distributed locking: ENABLED
[2026-04-30T11:15:45.411Z] [INFO] Instance ID: DESKTOP-I1JLQUS-14756-3cef3dd7
[2026-04-30T11:15:45.420Z] [INFO] [File Cleanup] Email attachment cleanup worker initialized (daily at 4:00 AM)
[2026-04-30T11:15:45.418Z] [INFO] [Email Cron] Email broadcast worker initialized (every 1 minute)
[2026-04-30T11:15:45.420Z] [INFO] Email broadcast worker: Every 1 minute
[2026-04-30T11:15:45.424Z] [INFO] Plan transition job scheduled (daily at 2:00 AM)
[2026-04-30T11:15:45.427Z] [INFO] Subscription lifecycle job scheduled (every hour)
[2026-04-30T11:15:45.431Z] [INFO] Reminder job scheduled (daily at 9:00 AM)
[2026-04-30T11:15:45.433Z] [INFO] Inventory expiry job scheduled (daily at 6:00 AM)
[2026-04-30T11:15:45.429Z] [INFO] Payment status sync job scheduled (daily at 1:00 AM)
[2026-04-30T11:15:45.434Z] [INFO] Scheduled broadcasts job initialized (every 5 minutes)
[2026-04-30T11:15:45.441Z] [INFO] All cron jobs initialized:
[2026-04-30T11:15:45.420Z] [INFO] Email file cleanup: Daily at 4:00 AM
[2026-04-30T11:15:45.441Z] [INFO]   - Plan transition: Daily at 2:00 AM
[2026-04-30T11:15:45.441Z] [INFO]   - Payment status sync: Daily at 1:00 AM
[2026-04-30T11:15:45.441Z] [INFO]   - Subscription lifecycle + emails: Every hour
[2026-04-30T11:15:45.441Z] [INFO]   - Reminder emails (7d/3d/final): Daily at 9:00 AM
[2026-04-30T11:15:45.441Z] [INFO]   - Session cleanup: Every hour
[2026-04-30T11:15:45.441Z] [INFO]   - Inventory expiry checks + alerts: Daily at 6:00 AM
[2026-04-30T11:15:45.441Z] [INFO]   - Deletion logs cleanup: Daily at 3:30 AM
[2026-04-30T11:15:45.441Z] [INFO]   - Pending users cleanup: Daily at 3:00 AM
[2026-04-30T11:15:45.441Z] [INFO]   - Incomplete users cleanup: Daily at 3:15 AM
[2026-04-30T11:15:45.441Z] [INFO]   - OTP daily limits cleanup: Daily at 3:45 AM
[2026-04-30T11:15:45.441Z] [INFO]   - Scheduled broadcasts: Every 5 minutes
[2026-04-30T11:15:49.419Z] [INFO] Initializing cron jobs...
[2026-04-30T11:15:49.419Z] [INFO] Distributed locking: ENABLED
[2026-04-30T11:15:49.419Z] [INFO] Instance ID: DESKTOP-I1JLQUS-20556-482c4af6
[2026-04-30T11:15:49.426Z] [INFO] Email file cleanup: Daily at 4:00 AM
[2026-04-30T11:15:49.426Z] [INFO] [File Cleanup] Email attachment cleanup worker initialized (daily at 4:00 AM)
[2026-04-30T11:15:49.425Z] [INFO] [Email Cron] Email broadcast worker initialized (every 1 minute)
[2026-04-30T11:15:49.428Z] [INFO] Plan transition job scheduled (daily at 2:00 AM)
[2026-04-30T11:15:49.430Z] [INFO] Subscription lifecycle job scheduled (every hour)
[2026-04-30T11:15:49.426Z] [INFO] Email broadcast worker: Every 1 minute
[2026-04-30T11:15:49.436Z] [INFO] Reminder job scheduled (daily at 9:00 AM)
[2026-04-30T11:15:49.433Z] [INFO] Payment status sync job scheduled (daily at 1:00 AM)
[2026-04-30T11:15:49.440Z] [INFO] Scheduled broadcasts job initialized (every 5 minutes)
[2026-04-30T11:15:49.451Z] [INFO]   - Session cleanup: Every hour
[2026-04-30T11:15:49.439Z] [INFO] Inventory expiry job scheduled (daily at 6:00 AM)
[2026-04-30T11:15:49.451Z] [INFO] All cron jobs initialized:
[2026-04-30T11:15:49.451Z] [INFO]   - Payment status sync: Daily at 1:00 AM
[2026-04-30T11:15:49.451Z] [INFO]   - Subscription lifecycle + emails: Every hour
[2026-04-30T11:15:49.451Z] [INFO]   - Reminder emails (7d/3d/final): Daily at 9:00 AM
[2026-04-30T11:15:49.451Z] [INFO]   - Plan transition: Daily at 2:00 AM
[2026-04-30T11:15:49.451Z] [INFO]   - Inventory expiry checks + alerts: Daily at 6:00 AM
[2026-04-30T11:15:49.451Z] [INFO]   - Incomplete users cleanup: Daily at 3:15 AM
[2026-04-30T11:15:49.451Z] [INFO]   - Deletion logs cleanup: Daily at 3:30 AM
[2026-04-30T11:15:49.451Z] [INFO]   - Pending users cleanup: Daily at 3:00 AM
[2026-04-30T11:15:49.451Z] [INFO]   - OTP daily limits cleanup: Daily at 3:45 AM
[2026-04-30T11:15:49.451Z] [INFO]   - Scheduled broadcasts: Every 5 minutes
[2026-04-30T11:15:54.027Z] [INFO] Initializing cron jobs...
[2026-04-30T11:15:54.028Z] [INFO] Instance ID: DESKTOP-I1JLQUS-6508-607b5258
[2026-04-30T11:15:54.028Z] [INFO] Distributed locking: ENABLED
[2026-04-30T11:15:54.036Z] [INFO] [File Cleanup] Email attachment cleanup worker initialized (daily at 4:00 AM)
[2026-04-30T11:15:54.033Z] [INFO] [Email Cron] Email broadcast worker initialized (every 1 minute)
[2026-04-30T11:15:54.036Z] [INFO] Email file cleanup: Daily at 4:00 AM
[2026-04-30T11:15:54.036Z] [INFO] Email broadcast worker: Every 1 minute
[2026-04-30T11:15:54.038Z] [INFO] Plan transition job scheduled (daily at 2:00 AM)
[2026-04-30T11:15:54.043Z] [INFO] Payment status sync job scheduled (daily at 1:00 AM)
[2026-04-30T11:15:54.045Z] [INFO] Reminder job scheduled (daily at 9:00 AM)
[2026-04-30T11:15:54.040Z] [INFO] Subscription lifecycle job scheduled (every hour)
[2026-04-30T11:15:54.049Z] [INFO] Scheduled broadcasts job initialized (every 5 minutes)
[2026-04-30T11:15:54.057Z] [INFO]   - Session cleanup: Every hour
[2026-04-30T11:15:54.057Z] [INFO]   - Plan transition: Daily at 2:00 AM
[2026-04-30T11:15:54.057Z] [INFO]   - Subscription lifecycle + emails: Every hour
[2026-04-30T11:15:54.057Z] [INFO]   - Payment status sync: Daily at 1:00 AM
[2026-04-30T11:15:54.057Z] [INFO]   - Inventory expiry checks + alerts: Daily at 6:00 AM
[2026-04-30T11:15:54.056Z] [INFO] All cron jobs initialized:
[2026-04-30T11:15:54.057Z] [INFO]   - Reminder emails (7d/3d/final): Daily at 9:00 AM
[2026-04-30T11:15:54.047Z] [INFO] Inventory expiry job scheduled (daily at 6:00 AM)
[2026-04-30T11:15:54.057Z] [INFO]   - Deletion logs cleanup: Daily at 3:30 AM
[2026-04-30T11:15:54.057Z] [INFO]   - Incomplete users cleanup: Daily at 3:15 AM
[2026-04-30T11:15:54.057Z] [INFO]   - OTP daily limits cleanup: Daily at 3:45 AM
[2026-04-30T11:15:54.057Z] [INFO]   - Pending users cleanup: Daily at 3:00 AM
[2026-04-30T11:15:54.057Z] [INFO]   - Scheduled broadcasts: Every 5 minutes
[2026-04-30T11:15:57.493Z] [INFO] Initializing cron jobs...
[2026-04-30T11:15:57.494Z] [INFO] Distributed locking: ENABLED
[2026-04-30T11:15:57.494Z] [INFO] Instance ID: DESKTOP-I1JLQUS-1720-178a376f
[2026-04-30T11:15:57.503Z] [INFO] [File Cleanup] Email attachment cleanup worker initialized (daily at 4:00 AM)
[2026-04-30T11:15:57.503Z] [INFO] Email file cleanup: Daily at 4:00 AM
[2026-04-30T11:15:57.501Z] [INFO] [Email Cron] Email broadcast worker initialized (every 1 minute)
[2026-04-30T11:15:57.506Z] [INFO] Plan transition job scheduled (daily at 2:00 AM)
[2026-04-30T11:15:57.503Z] [INFO] Email broadcast worker: Every 1 minute
[2026-04-30T11:15:57.508Z] [INFO] Subscription lifecycle job scheduled (every hour)
[2026-04-30T11:15:57.511Z] [INFO] Payment status sync job scheduled (daily at 1:00 AM)
[2026-04-30T11:15:57.513Z] [INFO] Reminder job scheduled (daily at 9:00 AM)
[2026-04-30T11:15:57.515Z] [INFO] Inventory expiry job scheduled (daily at 6:00 AM)
[2026-04-30T11:15:57.517Z] [INFO] Scheduled broadcasts job initialized (every 5 minutes)
[2026-04-30T11:15:57.524Z] [INFO] All cron jobs initialized:
[2026-04-30T11:15:57.524Z] [INFO]   - Subscription lifecycle + emails: Every hour
[2026-04-30T11:15:57.524Z] [INFO]   - Session cleanup: Every hour
[2026-04-30T11:15:57.524Z] [INFO]   - Plan transition: Daily at 2:00 AM
[2026-04-30T11:15:57.524Z] [INFO]   - Inventory expiry checks + alerts: Daily at 6:00 AM
[2026-04-30T11:15:57.524Z] [INFO]   - Reminder emails (7d/3d/final): Daily at 9:00 AM
[2026-04-30T11:15:57.524Z] [INFO]   - Payment status sync: Daily at 1:00 AM
[2026-04-30T11:15:57.524Z] [INFO]   - Incomplete users cleanup: Daily at 3:15 AM
[2026-04-30T11:15:57.524Z] [INFO]   - Deletion logs cleanup: Daily at 3:30 AM
[2026-04-30T11:15:57.524Z] [INFO]   - OTP daily limits cleanup: Daily at 3:45 AM
[2026-04-30T11:15:57.524Z] [INFO]   - Pending users cleanup: Daily at 3:00 AM
[2026-04-30T11:15:57.524Z] [INFO]   - Scheduled broadcasts: Every 5 minutes
[2026-04-30T11:15:59.317Z] [INFO] Instance ID: DESKTOP-I1JLQUS-17804-296204ab
[2026-04-30T11:15:59.317Z] [INFO] Initializing cron jobs...
[2026-04-30T11:15:59.321Z] [INFO] [Email Cron] Email broadcast worker initialized (every 1 minute)
[2026-04-30T11:15:59.317Z] [INFO] Distributed locking: ENABLED
[2026-04-30T11:15:59.323Z] [INFO] [File Cleanup] Email attachment cleanup worker initialized (daily at 4:00 AM)
[2026-04-30T11:15:59.323Z] [INFO] Email file cleanup: Daily at 4:00 AM
[2026-04-30T11:15:59.326Z] [INFO] Plan transition job scheduled (daily at 2:00 AM)
[2026-04-30T11:15:59.327Z] [INFO] Subscription lifecycle job scheduled (every hour)
[2026-04-30T11:15:59.330Z] [INFO] Reminder job scheduled (daily at 9:00 AM)
[2026-04-30T11:15:59.329Z] [INFO] Payment status sync job scheduled (daily at 1:00 AM)
[2026-04-30T11:15:59.334Z] [INFO] Scheduled broadcasts job initialized (every 5 minutes)
[2026-04-30T11:15:59.323Z] [INFO] Email broadcast worker: Every 1 minute
[2026-04-30T11:15:59.342Z] [INFO] All cron jobs initialized:
[2026-04-30T11:15:59.342Z] [INFO]   - Session cleanup: Every hour
[2026-04-30T11:15:59.332Z] [INFO] Inventory expiry job scheduled (daily at 6:00 AM)
[2026-04-30T11:15:59.342Z] [INFO]   - Payment status sync: Daily at 1:00 AM
[2026-04-30T11:15:59.342Z] [INFO]   - Reminder emails (7d/3d/final): Daily at 9:00 AM
[2026-04-30T11:15:59.342Z] [INFO]   - Subscription lifecycle + emails: Every hour
[2026-04-30T11:15:59.342Z] [INFO]   - Plan transition: Daily at 2:00 AM
[2026-04-30T11:15:59.342Z] [INFO]   - Pending users cleanup: Daily at 3:00 AM
[2026-04-30T11:15:59.342Z] [INFO]   - Inventory expiry checks + alerts: Daily at 6:00 AM
[2026-04-30T11:15:59.342Z] [INFO]   - Scheduled broadcasts: Every 5 minutes
[2026-04-30T11:15:59.342Z] [INFO]   - Deletion logs cleanup: Daily at 3:30 AM
[2026-04-30T11:15:59.342Z] [INFO]   - OTP daily limits cleanup: Daily at 3:45 AM
[2026-04-30T11:15:59.342Z] [INFO]   - Incomplete users cleanup: Daily at 3:15 AM
[2026-04-30T11:16:05.157Z] [INFO] Initializing cron jobs...
[2026-04-30T11:16:05.157Z] [INFO] Instance ID: DESKTOP-I1JLQUS-16820-3744c2d3
[2026-04-30T11:16:05.157Z] [INFO] Distributed locking: ENABLED
[2026-04-30T11:16:05.164Z] [INFO] [Email Cron] Email broadcast worker initialized (every 1 minute)
[2026-04-30T11:16:05.168Z] [INFO] Email broadcast worker: Every 1 minute
[2026-04-30T11:16:05.168Z] [INFO] Email file cleanup: Daily at 4:00 AM
[2026-04-30T11:16:05.168Z] [INFO] [File Cleanup] Email attachment cleanup worker initialized (daily at 4:00 AM)
[2026-04-30T11:16:05.180Z] [INFO] Plan transition job scheduled (daily at 2:00 AM)
[2026-04-30T11:16:05.183Z] [INFO] Subscription lifecycle job scheduled (every hour)
[2026-04-30T11:16:05.190Z] [INFO] Payment status sync job scheduled (daily at 1:00 AM)
[2026-04-30T11:16:05.193Z] [INFO] Reminder job scheduled (daily at 9:00 AM)
[2026-04-30T11:16:05.196Z] [INFO] Inventory expiry job scheduled (daily at 6:00 AM)
[2026-04-30T11:16:05.198Z] [INFO] Scheduled broadcasts job initialized (every 5 minutes)
[2026-04-30T11:16:05.207Z] [INFO]   - Session cleanup: Every hour
[2026-04-30T11:16:05.207Z] [INFO] All cron jobs initialized:
[2026-04-30T11:16:05.207Z] [INFO]   - Subscription lifecycle + emails: Every hour
[2026-04-30T11:16:05.207Z] [INFO]   - Plan transition: Daily at 2:00 AM
[2026-04-30T11:16:05.207Z] [INFO]   - Payment status sync: Daily at 1:00 AM
[2026-04-30T11:16:05.207Z] [INFO]   - Inventory expiry checks + alerts: Daily at 6:00 AM
[2026-04-30T11:16:05.207Z] [INFO]   - Incomplete users cleanup: Daily at 3:15 AM
[2026-04-30T11:16:05.207Z] [INFO]   - Deletion logs cleanup: Daily at 3:30 AM
[2026-04-30T11:16:05.207Z] [INFO]   - Scheduled broadcasts: Every 5 minutes
[2026-04-30T11:16:05.207Z] [INFO]   - OTP daily limits cleanup: Daily at 3:45 AM
[2026-04-30T11:16:05.207Z] [INFO]   - Reminder emails (7d/3d/final): Daily at 9:00 AM
[2026-04-30T11:16:05.207Z] [INFO]   - Pending users cleanup: Daily at 3:00 AM
[2026-04-30T11:16:19.955Z] [INFO] Initializing cron jobs...
[2026-04-30T11:16:19.956Z] [INFO] Instance ID: DESKTOP-I1JLQUS-18712-8ebd6b41
[2026-04-30T11:16:19.956Z] [INFO] Distributed locking: ENABLED
[2026-04-30T11:16:19.963Z] [INFO] [Email Cron] Email broadcast worker initialized (every 1 minute)
[2026-04-30T11:16:19.966Z] [INFO] [File Cleanup] Email attachment cleanup worker initialized (daily at 4:00 AM)
[2026-04-30T11:16:19.966Z] [INFO] Email file cleanup: Daily at 4:00 AM
[2026-04-30T11:16:19.971Z] [INFO] Plan transition job scheduled (daily at 2:00 AM)
[2026-04-30T11:16:19.975Z] [INFO] Subscription lifecycle job scheduled (every hour)
[2026-04-30T11:16:19.966Z] [INFO] Email broadcast worker: Every 1 minute
[2026-04-30T11:16:19.979Z] [INFO] Payment status sync job scheduled (daily at 1:00 AM)
[2026-04-30T11:16:19.981Z] [INFO] Reminder job scheduled (daily at 9:00 AM)
[2026-04-30T11:16:19.983Z] [INFO] Inventory expiry job scheduled (daily at 6:00 AM)
[2026-04-30T11:16:19.986Z] [INFO] Scheduled broadcasts job initialized (every 5 minutes)
[2026-04-30T11:16:19.993Z] [INFO] All cron jobs initialized:
[2026-04-30T11:16:19.994Z] [INFO]   - Plan transition: Daily at 2:00 AM
[2026-04-30T11:16:19.994Z] [INFO]   - Session cleanup: Every hour
[2026-04-30T11:16:19.994Z] [INFO]   - Subscription lifecycle + emails: Every hour
[2026-04-30T11:16:19.994Z] [INFO]   - Reminder emails (7d/3d/final): Daily at 9:00 AM
[2026-04-30T11:16:19.994Z] [INFO]   - Payment status sync: Daily at 1:00 AM
[2026-04-30T11:16:19.994Z] [INFO]   - Inventory expiry checks + alerts: Daily at 6:00 AM
[2026-04-30T11:16:19.994Z] [INFO]   - Incomplete users cleanup: Daily at 3:15 AM
[2026-04-30T11:16:19.994Z] [INFO]   - Pending users cleanup: Daily at 3:00 AM
[2026-04-30T11:16:19.994Z] [INFO]   - Deletion logs cleanup: Daily at 3:30 AM
[2026-04-30T11:16:19.994Z] [INFO]   - Scheduled broadcasts: Every 5 minutes
[2026-04-30T11:16:19.994Z] [INFO]   - OTP daily limits cleanup: Daily at 3:45 AM
[2026-04-30T11:16:30.118Z] [INFO] Distributed locking: ENABLED
[2026-04-30T11:16:30.117Z] [INFO] Initializing cron jobs...
[2026-04-30T11:16:30.118Z] [INFO] Instance ID: DESKTOP-I1JLQUS-19928-ff103b2d
[2026-04-30T11:16:30.127Z] [INFO] [Email Cron] Email broadcast worker initialized (every 1 minute)
[2026-04-30T11:16:30.131Z] [INFO] Email broadcast worker: Every 1 minute
[2026-04-30T11:16:30.131Z] [INFO] [File Cleanup] Email attachment cleanup worker initialized (daily at 4:00 AM)
[2026-04-30T11:16:30.131Z] [INFO] Email file cleanup: Daily at 4:00 AM
[2026-04-30T11:16:30.135Z] [INFO] Plan transition job scheduled (daily at 2:00 AM)
[2026-04-30T11:16:30.138Z] [INFO] Subscription lifecycle job scheduled (every hour)
[2026-04-30T11:16:30.147Z] [INFO] Reminder job scheduled (daily at 9:00 AM)
[2026-04-30T11:16:30.143Z] [INFO] Payment status sync job scheduled (daily at 1:00 AM)
[2026-04-30T11:16:30.150Z] [INFO] Inventory expiry job scheduled (daily at 6:00 AM)
[2026-04-30T11:16:30.153Z] [INFO] Scheduled broadcasts job initialized (every 5 minutes)
[2026-04-30T11:16:30.162Z] [INFO] All cron jobs initialized:
[2026-04-30T11:16:30.162Z] [INFO]   - Subscription lifecycle + emails: Every hour
[2026-04-30T11:16:30.162Z] [INFO]   - Plan transition: Daily at 2:00 AM
[2026-04-30T11:16:30.162Z] [INFO]   - Payment status sync: Daily at 1:00 AM
[2026-04-30T11:16:30.162Z] [INFO]   - Reminder emails (7d/3d/final): Daily at 9:00 AM
[2026-04-30T11:16:30.162Z] [INFO]   - Inventory expiry checks + alerts: Daily at 6:00 AM
[2026-04-30T11:16:30.162Z] [INFO]   - Deletion logs cleanup: Daily at 3:30 AM
[2026-04-30T11:16:30.162Z] [INFO]   - Pending users cleanup: Daily at 3:00 AM
[2026-04-30T11:16:30.162Z] [INFO]   - Session cleanup: Every hour
[2026-04-30T11:16:30.162Z] [INFO]   - Incomplete users cleanup: Daily at 3:15 AM
[2026-04-30T11:16:30.162Z] [INFO]   - Scheduled broadcasts: Every 5 minutes
[2026-04-30T11:16:30.162Z] [INFO]   - OTP daily limits cleanup: Daily at 3:45 AM
[2026-04-30T11:16:35.363Z] [INFO] Initializing cron jobs...
[2026-04-30T11:16:35.363Z] [INFO] Instance ID: DESKTOP-I1JLQUS-6572-8a653c35
[2026-04-30T11:16:35.363Z] [INFO] Distributed locking: ENABLED
[2026-04-30T11:16:35.370Z] [INFO] Email file cleanup: Daily at 4:00 AM
[2026-04-30T11:16:35.368Z] [INFO] [Email Cron] Email broadcast worker initialized (every 1 minute)
[2026-04-30T11:16:35.372Z] [INFO] Plan transition job scheduled (daily at 2:00 AM)
[2026-04-30T11:16:35.370Z] [INFO] [File Cleanup] Email attachment cleanup worker initialized (daily at 4:00 AM)
[2026-04-30T11:16:35.370Z] [INFO] Email broadcast worker: Every 1 minute
[2026-04-30T11:16:35.374Z] [INFO] Subscription lifecycle job scheduled (every hour)
[2026-04-30T11:16:35.375Z] [INFO] Payment status sync job scheduled (daily at 1:00 AM)
[2026-04-30T11:16:35.377Z] [INFO] Reminder job scheduled (daily at 9:00 AM)
[2026-04-30T11:16:35.378Z] [INFO] Inventory expiry job scheduled (daily at 6:00 AM)
[2026-04-30T11:16:35.380Z] [INFO] Scheduled broadcasts job initialized (every 5 minutes)
[2026-04-30T11:16:35.392Z] [INFO] All cron jobs initialized:
[2026-04-30T11:16:35.393Z] [INFO]   - Session cleanup: Every hour
[2026-04-30T11:16:35.393Z] [INFO]   - Subscription lifecycle + emails: Every hour
[2026-04-30T11:16:35.393Z] [INFO]   - Plan transition: Daily at 2:00 AM
[2026-04-30T11:16:35.394Z] [INFO]   - Payment status sync: Daily at 1:00 AM
[2026-04-30T11:16:35.394Z] [INFO]   - Reminder emails (7d/3d/final): Daily at 9:00 AM
[2026-04-30T11:16:35.395Z] [INFO]   - Incomplete users cleanup: Daily at 3:15 AM
[2026-04-30T11:16:35.394Z] [INFO]   - Inventory expiry checks + alerts: Daily at 6:00 AM
[2026-04-30T11:16:35.395Z] [INFO]   - Pending users cleanup: Daily at 3:00 AM
[2026-04-30T11:16:35.395Z] [INFO]   - Scheduled broadcasts: Every 5 minutes
[2026-04-30T11:16:35.395Z] [INFO]   - Deletion logs cleanup: Daily at 3:30 AM
[2026-04-30T11:16:35.395Z] [INFO]   - OTP daily limits cleanup: Daily at 3:45 AM
[2026-04-30T11:16:45.912Z] [INFO] Initializing cron jobs...
[2026-04-30T11:16:45.912Z] [INFO] Instance ID: DESKTOP-I1JLQUS-12408-6d17625b
[2026-04-30T11:16:45.912Z] [INFO] Distributed locking: ENABLED
[2026-04-30T11:16:45.919Z] [INFO] [Email Cron] Email broadcast worker initialized (every 1 minute)
[2026-04-30T11:16:45.921Z] [INFO] Email broadcast worker: Every 1 minute
[2026-04-30T11:16:45.921Z] [INFO] Email file cleanup: Daily at 4:00 AM
[2026-04-30T11:16:45.921Z] [INFO] [File Cleanup] Email attachment cleanup worker initialized (daily at 4:00 AM)
[2026-04-30T11:16:45.923Z] [INFO] Plan transition job scheduled (daily at 2:00 AM)
[2026-04-30T11:16:45.925Z] [INFO] Subscription lifecycle job scheduled (every hour)
[2026-04-30T11:16:45.926Z] [INFO] Payment status sync job scheduled (daily at 1:00 AM)
[2026-04-30T11:16:45.928Z] [INFO] Reminder job scheduled (daily at 9:00 AM)
[2026-04-30T11:16:45.931Z] [INFO] Inventory expiry job scheduled (daily at 6:00 AM)
[2026-04-30T11:16:45.933Z] [INFO] Scheduled broadcasts job initialized (every 5 minutes)
[2026-04-30T11:16:45.940Z] [INFO] All cron jobs initialized:
[2026-04-30T11:16:45.940Z] [INFO]   - Session cleanup: Every hour
[2026-04-30T11:16:45.940Z] [INFO]   - Subscription lifecycle + emails: Every hour
[2026-04-30T11:16:45.940Z] [INFO]   - Plan transition: Daily at 2:00 AM
[2026-04-30T11:16:45.940Z] [INFO]   - Payment status sync: Daily at 1:00 AM
[2026-04-30T11:16:45.940Z] [INFO]   - Inventory expiry checks + alerts: Daily at 6:00 AM
[2026-04-30T11:16:45.940Z] [INFO]   - Pending users cleanup: Daily at 3:00 AM
[2026-04-30T11:16:45.940Z] [INFO]   - Reminder emails (7d/3d/final): Daily at 9:00 AM
[2026-04-30T11:16:45.940Z] [INFO]   - Incomplete users cleanup: Daily at 3:15 AM
[2026-04-30T11:16:45.940Z] [INFO]   - Scheduled broadcasts: Every 5 minutes
[2026-04-30T11:16:45.940Z] [INFO]   - OTP daily limits cleanup: Daily at 3:45 AM
[2026-04-30T11:16:45.940Z] [INFO]   - Deletion logs cleanup: Daily at 3:30 AM
[2026-04-30T11:16:52.602Z] [INFO] Initializing cron jobs...
[2026-04-30T11:16:52.603Z] [INFO] Instance ID: DESKTOP-I1JLQUS-12360-b0ef4057
[2026-04-30T11:16:52.606Z] [INFO] [Email Cron] Email broadcast worker initialized (every 1 minute)
[2026-04-30T11:16:52.603Z] [INFO] Distributed locking: ENABLED
[2026-04-30T11:16:52.608Z] [INFO] Email file cleanup: Daily at 4:00 AM
[2026-04-30T11:16:52.608Z] [INFO] [File Cleanup] Email attachment cleanup worker initialized (daily at 4:00 AM)
[2026-04-30T11:16:52.608Z] [INFO] Email broadcast worker: Every 1 minute
[2026-04-30T11:16:52.610Z] [INFO] Plan transition job scheduled (daily at 2:00 AM)
[2026-04-30T11:16:52.613Z] [INFO] Subscription lifecycle job scheduled (every hour)
[2026-04-30T11:16:52.618Z] [INFO] Payment status sync job scheduled (daily at 1:00 AM)
[2026-04-30T11:16:52.622Z] [INFO] Inventory expiry job scheduled (daily at 6:00 AM)
[2026-04-30T11:16:52.626Z] [INFO] Scheduled broadcasts job initialized (every 5 minutes)
[2026-04-30T11:16:52.639Z] [INFO]   - Session cleanup: Every hour
[2026-04-30T11:16:52.639Z] [INFO]   - Plan transition: Daily at 2:00 AM
[2026-04-30T11:16:52.638Z] [INFO] All cron jobs initialized:
[2026-04-30T11:16:52.639Z] [INFO]   - Inventory expiry checks + alerts: Daily at 6:00 AM
[2026-04-30T11:16:52.639Z] [INFO]   - Payment status sync: Daily at 1:00 AM
[2026-04-30T11:16:52.620Z] [INFO] Reminder job scheduled (daily at 9:00 AM)
[2026-04-30T11:16:52.639Z] [INFO]   - Pending users cleanup: Daily at 3:00 AM
[2026-04-30T11:16:52.639Z] [INFO]   - Subscription lifecycle + emails: Every hour
[2026-04-30T11:16:52.639Z] [INFO]   - Reminder emails (7d/3d/final): Daily at 9:00 AM
[2026-04-30T11:16:52.639Z] [INFO]   - Deletion logs cleanup: Daily at 3:30 AM
[2026-04-30T11:16:52.639Z] [INFO]   - Scheduled broadcasts: Every 5 minutes
[2026-04-30T11:16:52.639Z] [INFO]   - OTP daily limits cleanup: Daily at 3:45 AM
[2026-04-30T11:16:52.639Z] [INFO]   - Incomplete users cleanup: Daily at 3:15 AM
[2026-04-30T11:18:32.485Z] [INFO] Instance ID: DESKTOP-I1JLQUS-9356-ebedb019
[2026-04-30T11:18:32.484Z] [INFO] Initializing cron jobs...
[2026-04-30T11:18:32.485Z] [INFO] Distributed locking: ENABLED
[2026-04-30T11:18:32.490Z] [INFO] [Email Cron] Email broadcast worker initialized (every 1 minute)
[2026-04-30T11:18:32.492Z] [INFO] Email broadcast worker: Every 1 minute
[2026-04-30T11:18:32.491Z] [INFO] [File Cleanup] Email attachment cleanup worker initialized (daily at 4:00 AM)
[2026-04-30T11:18:32.494Z] [INFO] Plan transition job scheduled (daily at 2:00 AM)
[2026-04-30T11:18:32.492Z] [INFO] Email file cleanup: Daily at 4:00 AM
[2026-04-30T11:18:32.496Z] [INFO] Subscription lifecycle job scheduled (every hour)
[2026-04-30T11:18:32.498Z] [INFO] Payment status sync job scheduled (daily at 1:00 AM)
[2026-04-30T11:18:32.502Z] [INFO] Reminder job scheduled (daily at 9:00 AM)
[2026-04-30T11:18:32.504Z] [INFO] Inventory expiry job scheduled (daily at 6:00 AM)
[2026-04-30T11:18:32.506Z] [INFO] Scheduled broadcasts job initialized (every 5 minutes)
[2026-04-30T11:18:32.515Z] [INFO]   - Session cleanup: Every hour
[2026-04-30T11:18:32.515Z] [INFO] All cron jobs initialized:
[2026-04-30T11:18:32.515Z] [INFO]   - Subscription lifecycle + emails: Every hour
[2026-04-30T11:18:32.515Z] [INFO]   - Plan transition: Daily at 2:00 AM
[2026-04-30T11:18:32.515Z] [INFO]   - Inventory expiry checks + alerts: Daily at 6:00 AM
[2026-04-30T11:18:32.515Z] [INFO]   - Payment status sync: Daily at 1:00 AM
[2026-04-30T11:18:32.515Z] [INFO]   - Reminder emails (7d/3d/final): Daily at 9:00 AM
[2026-04-30T11:18:32.515Z] [INFO]   - Incomplete users cleanup: Daily at 3:15 AM
[2026-04-30T11:18:32.515Z] [INFO]   - OTP daily limits cleanup: Daily at 3:45 AM
[2026-04-30T11:18:32.515Z] [INFO]   - Deletion logs cleanup: Daily at 3:30 AM
[2026-04-30T11:18:32.515Z] [INFO]   - Pending users cleanup: Daily at 3:00 AM
[2026-04-30T11:18:32.515Z] [INFO]   - Scheduled broadcasts: Every 5 minutes
[2026-04-30T11:18:45.026Z] [INFO] Initializing cron jobs...
[2026-04-30T11:18:45.026Z] [INFO] Distributed locking: ENABLED
[2026-04-30T11:18:45.026Z] [INFO] Instance ID: DESKTOP-I1JLQUS-12172-181e13d6
[2026-04-30T11:18:45.032Z] [INFO] [Email Cron] Email broadcast worker initialized (every 1 minute)
[2026-04-30T11:18:45.034Z] [INFO] [File Cleanup] Email attachment cleanup worker initialized (daily at 4:00 AM)
[2026-04-30T11:18:45.034Z] [INFO] Email broadcast worker: Every 1 minute
[2026-04-30T11:18:45.034Z] [INFO] Email file cleanup: Daily at 4:00 AM
[2026-04-30T11:18:45.037Z] [INFO] Plan transition job scheduled (daily at 2:00 AM)
[2026-04-30T11:18:45.039Z] [INFO] Subscription lifecycle job scheduled (every hour)
[2026-04-30T11:18:45.041Z] [INFO] Payment status sync job scheduled (daily at 1:00 AM)
[2026-04-30T11:18:45.044Z] [INFO] Reminder job scheduled (daily at 9:00 AM)
[2026-04-30T11:18:45.046Z] [INFO] Inventory expiry job scheduled (daily at 6:00 AM)
[2026-04-30T11:18:45.051Z] [INFO] Scheduled broadcasts job initialized (every 5 minutes)
[2026-04-30T11:18:45.066Z] [INFO]   - Plan transition: Daily at 2:00 AM
[2026-04-30T11:18:45.065Z] [INFO] All cron jobs initialized:
[2026-04-30T11:18:45.066Z] [INFO]   - Session cleanup: Every hour
[2026-04-30T11:18:45.066Z] [INFO]   - Subscription lifecycle + emails: Every hour
[2026-04-30T11:18:45.066Z] [INFO]   - Payment status sync: Daily at 1:00 AM
[2026-04-30T11:18:45.066Z] [INFO]   - Reminder emails (7d/3d/final): Daily at 9:00 AM
[2026-04-30T11:18:45.066Z] [INFO]   - Inventory expiry checks + alerts: Daily at 6:00 AM
[2026-04-30T11:18:45.066Z] [INFO]   - Pending users cleanup: Daily at 3:00 AM
[2026-04-30T11:18:45.066Z] [INFO]   - Incomplete users cleanup: Daily at 3:15 AM
[2026-04-30T11:18:45.066Z] [INFO]   - Deletion logs cleanup: Daily at 3:30 AM
[2026-04-30T11:18:45.066Z] [INFO]   - Scheduled broadcasts: Every 5 minutes
[2026-04-30T11:18:45.066Z] [INFO]   - OTP daily limits cleanup: Daily at 3:45 AM
[2026-04-30T11:18:52.370Z] [INFO] Distributed locking: ENABLED
[2026-04-30T11:18:52.369Z] [INFO] Initializing cron jobs...
[2026-04-30T11:18:52.370Z] [INFO] Instance ID: DESKTOP-I1JLQUS-16856-65e05819
[2026-04-30T11:18:52.377Z] [INFO] Email broadcast worker: Every 1 minute
[2026-04-30T11:18:52.380Z] [INFO] Plan transition job scheduled (daily at 2:00 AM)
[2026-04-30T11:18:52.374Z] [INFO] [Email Cron] Email broadcast worker initialized (every 1 minute)
[2026-04-30T11:18:52.377Z] [INFO] [File Cleanup] Email attachment cleanup worker initialized (daily at 4:00 AM)
[2026-04-30T11:18:52.377Z] [INFO] Email file cleanup: Daily at 4:00 AM
[2026-04-30T11:18:52.382Z] [INFO] Subscription lifecycle job scheduled (every hour)
[2026-04-30T11:18:52.384Z] [INFO] Payment status sync job scheduled (daily at 1:00 AM)
[2026-04-30T11:18:52.386Z] [INFO] Reminder job scheduled (daily at 9:00 AM)
[2026-04-30T11:18:52.389Z] [INFO] Scheduled broadcasts job initialized (every 5 minutes)
[2026-04-30T11:18:52.398Z] [INFO]   - Session cleanup: Every hour
[2026-04-30T11:18:52.387Z] [INFO] Inventory expiry job scheduled (daily at 6:00 AM)
[2026-04-30T11:18:52.398Z] [INFO]   - Plan transition: Daily at 2:00 AM
[2026-04-30T11:18:52.398Z] [INFO]   - Subscription lifecycle + emails: Every hour
[2026-04-30T11:18:52.398Z] [INFO]   - Inventory expiry checks + alerts: Daily at 6:00 AM
[2026-04-30T11:18:52.398Z] [INFO] All cron jobs initialized:
[2026-04-30T11:18:52.398Z] [INFO]   - Payment status sync: Daily at 1:00 AM
[2026-04-30T11:18:52.398Z] [INFO]   - Reminder emails (7d/3d/final): Daily at 9:00 AM
[2026-04-30T11:18:52.398Z] [INFO]   - Pending users cleanup: Daily at 3:00 AM
[2026-04-30T11:18:52.398Z] [INFO]   - Incomplete users cleanup: Daily at 3:15 AM
[2026-04-30T11:18:52.398Z] [INFO]   - Scheduled broadcasts: Every 5 minutes
[2026-04-30T11:18:52.398Z] [INFO]   - Deletion logs cleanup: Daily at 3:30 AM
[2026-04-30T11:18:52.398Z] [INFO]   - OTP daily limits cleanup: Daily at 3:45 AM
[2026-04-30T11:18:54.514Z] [INFO] Initializing cron jobs...
[2026-04-30T11:18:54.515Z] [INFO] Distributed locking: ENABLED
[2026-04-30T11:18:54.521Z] [INFO] Email broadcast worker: Every 1 minute
[2026-04-30T11:18:54.514Z] [INFO] Instance ID: DESKTOP-I1JLQUS-8864-ad863ab0
[2026-04-30T11:18:54.520Z] [INFO] [File Cleanup] Email attachment cleanup worker initialized (daily at 4:00 AM)
[2026-04-30T11:18:54.519Z] [INFO] [Email Cron] Email broadcast worker initialized (every 1 minute)
[2026-04-30T11:18:54.525Z] [INFO] Plan transition job scheduled (daily at 2:00 AM)
[2026-04-30T11:18:54.528Z] [INFO] Subscription lifecycle job scheduled (every hour)
[2026-04-30T11:18:54.521Z] [INFO] Email file cleanup: Daily at 4:00 AM
[2026-04-30T11:18:54.533Z] [INFO] Payment status sync job scheduled (daily at 1:00 AM)
[2026-04-30T11:18:54.550Z] [INFO] Scheduled broadcasts job initialized (every 5 minutes)
[2026-04-30T11:18:54.558Z] [INFO] All cron jobs initialized:
[2026-04-30T11:18:54.546Z] [INFO] Inventory expiry job scheduled (daily at 6:00 AM)
[2026-04-30T11:18:54.558Z] [INFO]   - Session cleanup: Every hour
[2026-04-30T11:18:54.538Z] [INFO] Reminder job scheduled (daily at 9:00 AM)
[2026-04-30T11:18:54.558Z] [INFO]   - Subscription lifecycle + emails: Every hour
[2026-04-30T11:18:54.558Z] [INFO]   - Inventory expiry checks + alerts: Daily at 6:00 AM
[2026-04-30T11:18:54.558Z] [INFO]   - Pending users cleanup: Daily at 3:00 AM
[2026-04-30T11:18:54.558Z] [INFO]   - Reminder emails (7d/3d/final): Daily at 9:00 AM
[2026-04-30T11:18:54.558Z] [INFO]   - Incomplete users cleanup: Daily at 3:15 AM
[2026-04-30T11:18:54.558Z] [INFO]   - Deletion logs cleanup: Daily at 3:30 AM
[2026-04-30T11:18:54.558Z] [INFO]   - Scheduled broadcasts: Every 5 minutes
[2026-04-30T11:18:54.558Z] [INFO]   - OTP daily limits cleanup: Daily at 3:45 AM
[2026-04-30T11:18:54.558Z] [INFO]   - Payment status sync: Daily at 1:00 AM
[2026-04-30T11:18:54.558Z] [INFO]   - Plan transition: Daily at 2:00 AM
[2026-04-30T11:19:06.507Z] [INFO] Initializing cron jobs...
[2026-04-30T11:19:06.508Z] [INFO] Distributed locking: ENABLED
[2026-04-30T11:19:06.508Z] [INFO] Instance ID: DESKTOP-I1JLQUS-24228-7fb6d59e
[2026-04-30T11:19:06.514Z] [INFO] [File Cleanup] Email attachment cleanup worker initialized (daily at 4:00 AM)
[2026-04-30T11:19:06.514Z] [INFO] Email broadcast worker: Every 1 minute
[2026-04-30T11:19:06.516Z] [INFO] Plan transition job scheduled (daily at 2:00 AM)
[2026-04-30T11:19:06.512Z] [INFO] [Email Cron] Email broadcast worker initialized (every 1 minute)
[2026-04-30T11:19:06.520Z] [INFO] Payment status sync job scheduled (daily at 1:00 AM)
[2026-04-30T11:19:06.523Z] [INFO] Reminder job scheduled (daily at 9:00 AM)
[2026-04-30T11:19:06.525Z] [INFO] Inventory expiry job scheduled (daily at 6:00 AM)
[2026-04-30T11:19:06.518Z] [INFO] Subscription lifecycle job scheduled (every hour)
[2026-04-30T11:19:06.528Z] [INFO] Scheduled broadcasts job initialized (every 5 minutes)
[2026-04-30T11:19:06.543Z] [INFO] All cron jobs initialized:
[2026-04-30T11:19:06.543Z] [INFO]   - Subscription lifecycle + emails: Every hour
[2026-04-30T11:19:06.543Z] [INFO]   - Session cleanup: Every hour
[2026-04-30T11:19:06.543Z] [INFO]   - Payment status sync: Daily at 1:00 AM
[2026-04-30T11:19:06.514Z] [INFO] Email file cleanup: Daily at 4:00 AM
[2026-04-30T11:19:06.543Z] [INFO]   - Inventory expiry checks + alerts: Daily at 6:00 AM
[2026-04-30T11:19:06.543Z] [INFO]   - Plan transition: Daily at 2:00 AM
[2026-04-30T11:19:06.543Z] [INFO]   - Reminder emails (7d/3d/final): Daily at 9:00 AM
[2026-04-30T11:19:06.543Z] [INFO]   - Scheduled broadcasts: Every 5 minutes
[2026-04-30T11:19:06.543Z] [INFO]   - Pending users cleanup: Daily at 3:00 AM
[2026-04-30T11:19:06.543Z] [INFO]   - OTP daily limits cleanup: Daily at 3:45 AM
[2026-04-30T11:19:06.543Z] [INFO]   - Deletion logs cleanup: Daily at 3:30 AM
[2026-04-30T11:19:06.543Z] [INFO]   - Incomplete users cleanup: Daily at 3:15 AM
[2026-04-30T11:19:10.928Z] [INFO] Instance ID: DESKTOP-I1JLQUS-13976-bc808848
[2026-04-30T11:19:10.928Z] [INFO] Initializing cron jobs...
[2026-04-30T11:19:10.928Z] [INFO] Distributed locking: ENABLED
[2026-04-30T11:19:10.932Z] [INFO] [Email Cron] Email broadcast worker initialized (every 1 minute)
[2026-04-30T11:19:10.934Z] [INFO] [File Cleanup] Email attachment cleanup worker initialized (daily at 4:00 AM)
[2026-04-30T11:19:10.934Z] [INFO] Email file cleanup: Daily at 4:00 AM
[2026-04-30T11:19:10.934Z] [INFO] Email broadcast worker: Every 1 minute
[2026-04-30T11:19:10.936Z] [INFO] Plan transition job scheduled (daily at 2:00 AM)
[2026-04-30T11:19:10.937Z] [INFO] Subscription lifecycle job scheduled (every hour)
[2026-04-30T11:19:10.939Z] [INFO] Payment status sync job scheduled (daily at 1:00 AM)
[2026-04-30T11:19:10.942Z] [INFO] Reminder job scheduled (daily at 9:00 AM)
[2026-04-30T11:19:10.948Z] [INFO] Inventory expiry job scheduled (daily at 6:00 AM)
[2026-04-30T11:19:10.950Z] [INFO] Scheduled broadcasts job initialized (every 5 minutes)
[2026-04-30T11:19:10.962Z] [INFO]   - Plan transition: Daily at 2:00 AM
[2026-04-30T11:19:10.962Z] [INFO]   - Session cleanup: Every hour
[2026-04-30T11:19:10.962Z] [INFO] All cron jobs initialized:
[2026-04-30T11:19:10.962Z] [INFO]   - Subscription lifecycle + emails: Every hour
[2026-04-30T11:19:10.962Z] [INFO]   - Reminder emails (7d/3d/final): Daily at 9:00 AM
[2026-04-30T11:19:10.962Z] [INFO]   - Payment status sync: Daily at 1:00 AM
[2026-04-30T11:19:10.962Z] [INFO]   - Pending users cleanup: Daily at 3:00 AM
[2026-04-30T11:19:10.962Z] [INFO]   - Incomplete users cleanup: Daily at 3:15 AM
[2026-04-30T11:19:10.962Z] [INFO]   - Inventory expiry checks + alerts: Daily at 6:00 AM
[2026-04-30T11:19:10.962Z] [INFO]   - Deletion logs cleanup: Daily at 3:30 AM
[2026-04-30T11:19:10.962Z] [INFO]   - OTP daily limits cleanup: Daily at 3:45 AM
[2026-04-30T11:19:10.962Z] [INFO]   - Scheduled broadcasts: Every 5 minutes
[2026-04-30T11:19:16.481Z] [INFO] Instance ID: DESKTOP-I1JLQUS-21580-9373af72
[2026-04-30T11:19:16.481Z] [INFO] Distributed locking: ENABLED
[2026-04-30T11:19:16.480Z] [INFO] Initializing cron jobs...
[2026-04-30T11:19:16.485Z] [INFO] [Email Cron] Email broadcast worker initialized (every 1 minute)
[2026-04-30T11:19:16.488Z] [INFO] Email file cleanup: Daily at 4:00 AM
[2026-04-30T11:19:16.488Z] [INFO] [File Cleanup] Email attachment cleanup worker initialized (daily at 4:00 AM)
[2026-04-30T11:19:16.488Z] [INFO] Email broadcast worker: Every 1 minute
[2026-04-30T11:19:16.490Z] [INFO] Plan transition job scheduled (daily at 2:00 AM)
[2026-04-30T11:19:16.492Z] [INFO] Subscription lifecycle job scheduled (every hour)
[2026-04-30T11:19:16.494Z] [INFO] Payment status sync job scheduled (daily at 1:00 AM)
[2026-04-30T11:19:16.496Z] [INFO] Reminder job scheduled (daily at 9:00 AM)
[2026-04-30T11:19:16.498Z] [INFO] Inventory expiry job scheduled (daily at 6:00 AM)
[2026-04-30T11:19:16.502Z] [INFO] Scheduled broadcasts job initialized (every 5 minutes)
[2026-04-30T11:19:16.512Z] [INFO]   - Session cleanup: Every hour
[2026-04-30T11:19:16.512Z] [INFO] All cron jobs initialized:
[2026-04-30T11:19:16.512Z] [INFO]   - Plan transition: Daily at 2:00 AM
[2026-04-30T11:19:16.512Z] [INFO]   - Subscription lifecycle + emails: Every hour
[2026-04-30T11:19:16.512Z] [INFO]   - Inventory expiry checks + alerts: Daily at 6:00 AM
[2026-04-30T11:19:16.512Z] [INFO]   - Payment status sync: Daily at 1:00 AM
[2026-04-30T11:19:16.512Z] [INFO]   - Reminder emails (7d/3d/final): Daily at 9:00 AM
[2026-04-30T11:19:16.512Z] [INFO]   - Pending users cleanup: Daily at 3:00 AM
[2026-04-30T11:19:16.512Z] [INFO]   - Deletion logs cleanup: Daily at 3:30 AM
[2026-04-30T11:19:16.512Z] [INFO]   - Incomplete users cleanup: Daily at 3:15 AM
[2026-04-30T11:19:16.512Z] [INFO]   - Scheduled broadcasts: Every 5 minutes
[2026-04-30T11:19:16.512Z] [INFO]   - OTP daily limits cleanup: Daily at 3:45 AM
[2026-04-30T11:19:20.090Z] [INFO] Initializing cron jobs...
[2026-04-30T11:19:20.091Z] [INFO] Instance ID: DESKTOP-I1JLQUS-4076-12925bce
[2026-04-30T11:19:20.095Z] [INFO] [Email Cron] Email broadcast worker initialized (every 1 minute)
[2026-04-30T11:19:20.091Z] [INFO] Distributed locking: ENABLED
[2026-04-30T11:19:20.097Z] [INFO] Email broadcast worker: Every 1 minute
[2026-04-30T11:19:20.097Z] [INFO] Email file cleanup: Daily at 4:00 AM
[2026-04-30T11:19:20.097Z] [INFO] [File Cleanup] Email attachment cleanup worker initialized (daily at 4:00 AM)
[2026-04-30T11:19:20.099Z] [INFO] Plan transition job scheduled (daily at 2:00 AM)
[2026-04-30T11:19:20.101Z] [INFO] Subscription lifecycle job scheduled (every hour)
[2026-04-30T11:19:20.102Z] [INFO] Payment status sync job scheduled (daily at 1:00 AM)
[2026-04-30T11:19:20.107Z] [INFO] Inventory expiry job scheduled (daily at 6:00 AM)
[2026-04-30T11:19:20.104Z] [INFO] Reminder job scheduled (daily at 9:00 AM)
[2026-04-30T11:19:20.110Z] [INFO] Scheduled broadcasts job initialized (every 5 minutes)
[2026-04-30T11:19:20.118Z] [INFO]   - Plan transition: Daily at 2:00 AM
[2026-04-30T11:19:20.118Z] [INFO] All cron jobs initialized:
[2026-04-30T11:19:20.118Z] [INFO]   - Session cleanup: Every hour
[2026-04-30T11:19:20.118Z] [INFO]   - Payment status sync: Daily at 1:00 AM
[2026-04-30T11:19:20.118Z] [INFO]   - Subscription lifecycle + emails: Every hour
[2026-04-30T11:19:20.119Z] [INFO]   - Pending users cleanup: Daily at 3:00 AM
[2026-04-30T11:19:20.119Z] [INFO]   - Reminder emails (7d/3d/final): Daily at 9:00 AM
[2026-04-30T11:19:20.118Z] [INFO]   - Inventory expiry checks + alerts: Daily at 6:00 AM
[2026-04-30T11:19:20.119Z] [INFO]   - Deletion logs cleanup: Daily at 3:30 AM
[2026-04-30T11:19:20.119Z] [INFO]   - Incomplete users cleanup: Daily at 3:15 AM
[2026-04-30T11:19:20.119Z] [INFO]   - Scheduled broadcasts: Every 5 minutes
[2026-04-30T11:19:20.119Z] [INFO]   - OTP daily limits cleanup: Daily at 3:45 AM
[2026-04-30T11:19:24.287Z] [INFO] Initializing cron jobs...
[2026-04-30T11:19:24.289Z] [INFO] Instance ID: DESKTOP-I1JLQUS-14212-8d37db7a
[2026-04-30T11:19:24.296Z] [INFO] [Email Cron] Email broadcast worker initialized (every 1 minute)
[2026-04-30T11:19:24.302Z] [INFO] [File Cleanup] Email attachment cleanup worker initialized (daily at 4:00 AM)
[2026-04-30T11:19:24.289Z] [INFO] Distributed locking: ENABLED
[2026-04-30T11:19:24.302Z] [INFO] Email broadcast worker: Every 1 minute
[2026-04-30T11:19:24.302Z] [INFO] Email file cleanup: Daily at 4:00 AM
[2026-04-30T11:19:24.310Z] [INFO] Plan transition job scheduled (daily at 2:00 AM)
[2026-04-30T11:19:24.316Z] [INFO] Subscription lifecycle job scheduled (every hour)
[2026-04-30T11:19:24.323Z] [INFO] Payment status sync job scheduled (daily at 1:00 AM)
[2026-04-30T11:19:24.330Z] [INFO] Reminder job scheduled (daily at 9:00 AM)
[2026-04-30T11:19:24.333Z] [INFO] Inventory expiry job scheduled (daily at 6:00 AM)
[2026-04-30T11:19:24.336Z] [INFO] Scheduled broadcasts job initialized (every 5 minutes)
[2026-04-30T11:19:24.353Z] [INFO]   - Session cleanup: Every hour
[2026-04-30T11:19:24.353Z] [INFO]   - Subscription lifecycle + emails: Every hour
[2026-04-30T11:19:24.353Z] [INFO]   - Plan transition: Daily at 2:00 AM
[2026-04-30T11:19:24.353Z] [INFO]   - Inventory expiry checks + alerts: Daily at 6:00 AM
[2026-04-30T11:19:24.353Z] [INFO] All cron jobs initialized:
[2026-04-30T11:19:24.353Z] [INFO]   - Pending users cleanup: Daily at 3:00 AM
[2026-04-30T11:19:24.353Z] [INFO]   - Reminder emails (7d/3d/final): Daily at 9:00 AM
[2026-04-30T11:19:24.353Z] [INFO]   - Payment status sync: Daily at 1:00 AM
[2026-04-30T11:19:24.354Z] [INFO]   - Incomplete users cleanup: Daily at 3:15 AM
[2026-04-30T11:19:24.354Z] [INFO]   - Deletion logs cleanup: Daily at 3:30 AM
[2026-04-30T11:19:24.354Z] [INFO]   - Scheduled broadcasts: Every 5 minutes
[2026-04-30T11:19:24.354Z] [INFO]   - OTP daily limits cleanup: Daily at 3:45 AM
[2026-04-30T11:19:27.836Z] [INFO] Initializing cron jobs...
[2026-04-30T11:19:27.837Z] [INFO] Instance ID: DESKTOP-I1JLQUS-23572-706616d6
[2026-04-30T11:19:27.837Z] [INFO] Distributed locking: ENABLED
[2026-04-30T11:19:27.845Z] [INFO] [File Cleanup] Email attachment cleanup worker initialized (daily at 4:00 AM)
[2026-04-30T11:19:27.845Z] [INFO] Email broadcast worker: Every 1 minute
[2026-04-30T11:19:27.843Z] [INFO] [Email Cron] Email broadcast worker initialized (every 1 minute)
[2026-04-30T11:19:27.849Z] [INFO] Plan transition job scheduled (daily at 2:00 AM)
[2026-04-30T11:19:27.851Z] [INFO] Subscription lifecycle job scheduled (every hour)
[2026-04-30T11:19:27.845Z] [INFO] Email file cleanup: Daily at 4:00 AM
[2026-04-30T11:19:27.853Z] [INFO] Payment status sync job scheduled (daily at 1:00 AM)
[2026-04-30T11:19:27.857Z] [INFO] Reminder job scheduled (daily at 9:00 AM)
[2026-04-30T11:19:27.886Z] [INFO] Inventory expiry job scheduled (daily at 6:00 AM)
[2026-04-30T11:19:27.898Z] [INFO] Scheduled broadcasts job initialized (every 5 minutes)
[2026-04-30T11:19:27.926Z] [INFO] All cron jobs initialized:
[2026-04-30T11:19:27.926Z] [INFO]   - Subscription lifecycle + emails: Every hour
[2026-04-30T11:19:27.926Z] [INFO]   - Plan transition: Daily at 2:00 AM
[2026-04-30T11:19:27.926Z] [INFO]   - Payment status sync: Daily at 1:00 AM
[2026-04-30T11:19:27.926Z] [INFO]   - Reminder emails (7d/3d/final): Daily at 9:00 AM
[2026-04-30T11:19:27.926Z] [INFO]   - Pending users cleanup: Daily at 3:00 AM
[2026-04-30T11:19:27.926Z] [INFO]   - Incomplete users cleanup: Daily at 3:15 AM
[2026-04-30T11:19:27.926Z] [INFO]   - Inventory expiry checks + alerts: Daily at 6:00 AM
[2026-04-30T11:19:27.926Z] [INFO]   - Deletion logs cleanup: Daily at 3:30 AM
[2026-04-30T11:19:27.926Z] [INFO]   - Scheduled broadcasts: Every 5 minutes
[2026-04-30T11:19:27.926Z] [INFO]   - OTP daily limits cleanup: Daily at 3:45 AM
[2026-04-30T11:19:27.926Z] [INFO]   - Session cleanup: Every hour
[2026-04-30T11:19:31.555Z] [INFO] Instance ID: DESKTOP-I1JLQUS-12868-368341d0
[2026-04-30T11:19:31.555Z] [INFO] Distributed locking: ENABLED
[2026-04-30T11:19:31.560Z] [INFO] [Email Cron] Email broadcast worker initialized (every 1 minute)
[2026-04-30T11:19:31.555Z] [INFO] Initializing cron jobs...
[2026-04-30T11:19:31.564Z] [INFO] [File Cleanup] Email attachment cleanup worker initialized (daily at 4:00 AM)
[2026-04-30T11:19:31.564Z] [INFO] Email broadcast worker: Every 1 minute
[2026-04-30T11:19:31.564Z] [INFO] Email file cleanup: Daily at 4:00 AM
[2026-04-30T11:19:31.567Z] [INFO] Plan transition job scheduled (daily at 2:00 AM)
[2026-04-30T11:19:31.570Z] [INFO] Subscription lifecycle job scheduled (every hour)
[2026-04-30T11:19:31.572Z] [INFO] Payment status sync job scheduled (daily at 1:00 AM)
[2026-04-30T11:19:31.576Z] [INFO] Inventory expiry job scheduled (daily at 6:00 AM)
[2026-04-30T11:19:31.574Z] [INFO] Reminder job scheduled (daily at 9:00 AM)
[2026-04-30T11:19:31.578Z] [INFO] Scheduled broadcasts job initialized (every 5 minutes)
[2026-04-30T11:19:31.585Z] [INFO]   - Subscription lifecycle + emails: Every hour
[2026-04-30T11:19:31.585Z] [INFO]   - Plan transition: Daily at 2:00 AM
[2026-04-30T11:19:31.585Z] [INFO] All cron jobs initialized:
[2026-04-30T11:19:31.585Z] [INFO]   - Session cleanup: Every hour
[2026-04-30T11:19:31.585Z] [INFO]   - Payment status sync: Daily at 1:00 AM
[2026-04-30T11:19:31.585Z] [INFO]   - Inventory expiry checks + alerts: Daily at 6:00 AM
[2026-04-30T11:19:31.585Z] [INFO]   - Pending users cleanup: Daily at 3:00 AM
[2026-04-30T11:19:31.585Z] [INFO]   - Reminder emails (7d/3d/final): Daily at 9:00 AM
[2026-04-30T11:19:31.585Z] [INFO]   - Scheduled broadcasts: Every 5 minutes
[2026-04-30T11:19:31.585Z] [INFO]   - Incomplete users cleanup: Daily at 3:15 AM
[2026-04-30T11:19:31.585Z] [INFO]   - OTP daily limits cleanup: Daily at 3:45 AM
[2026-04-30T11:19:31.585Z] [INFO]   - Deletion logs cleanup: Daily at 3:30 AM
[2026-04-30T11:19:35.785Z] [INFO] Initializing cron jobs...
[2026-04-30T11:19:35.786Z] [INFO] Instance ID: DESKTOP-I1JLQUS-23776-610cf320
[2026-04-30T11:19:35.786Z] [INFO] Distributed locking: ENABLED
[2026-04-30T11:19:35.791Z] [INFO] [Email Cron] Email broadcast worker initialized (every 1 minute)
[2026-04-30T11:19:35.793Z] [INFO] [File Cleanup] Email attachment cleanup worker initialized (daily at 4:00 AM)
[2026-04-30T11:19:35.793Z] [INFO] Email file cleanup: Daily at 4:00 AM
[2026-04-30T11:19:35.793Z] [INFO] Email broadcast worker: Every 1 minute
[2026-04-30T11:19:35.796Z] [INFO] Subscription lifecycle job scheduled (every hour)
[2026-04-30T11:19:35.795Z] [INFO] Plan transition job scheduled (daily at 2:00 AM)
[2026-04-30T11:19:35.798Z] [INFO] Payment status sync job scheduled (daily at 1:00 AM)
[2026-04-30T11:19:35.801Z] [INFO] Reminder job scheduled (daily at 9:00 AM)
[2026-04-30T11:19:35.803Z] [INFO] Inventory expiry job scheduled (daily at 6:00 AM)
[2026-04-30T11:19:35.807Z] [INFO] Scheduled broadcasts job initialized (every 5 minutes)
[2026-04-30T11:19:35.821Z] [INFO] All cron jobs initialized:
[2026-04-30T11:19:35.821Z] [INFO]   - Session cleanup: Every hour
[2026-04-30T11:19:35.821Z] [INFO]   - Payment status sync: Daily at 1:00 AM
[2026-04-30T11:19:35.821Z] [INFO]   - Plan transition: Daily at 2:00 AM
[2026-04-30T11:19:35.821Z] [INFO]   - Subscription lifecycle + emails: Every hour
[2026-04-30T11:19:35.821Z] [INFO]   - Reminder emails (7d/3d/final): Daily at 9:00 AM
[2026-04-30T11:19:35.821Z] [INFO]   - Inventory expiry checks + alerts: Daily at 6:00 AM
[2026-04-30T11:19:35.821Z] [INFO]   - Pending users cleanup: Daily at 3:00 AM
[2026-04-30T11:19:35.821Z] [INFO]   - Incomplete users cleanup: Daily at 3:15 AM
[2026-04-30T11:19:35.821Z] [INFO]   - Deletion logs cleanup: Daily at 3:30 AM
[2026-04-30T11:19:35.821Z] [INFO]   - OTP daily limits cleanup: Daily at 3:45 AM
[2026-04-30T11:19:35.821Z] [INFO]   - Scheduled broadcasts: Every 5 minutes
[2026-04-30T11:19:42.851Z] [INFO] Initializing cron jobs...
[2026-04-30T11:19:42.851Z] [INFO] Instance ID: DESKTOP-I1JLQUS-26056-a42b6242
[2026-04-30T11:19:42.852Z] [INFO] Distributed locking: ENABLED
[2026-04-30T11:19:42.861Z] [INFO] Email broadcast worker: Every 1 minute
[2026-04-30T11:19:42.858Z] [INFO] [Email Cron] Email broadcast worker initialized (every 1 minute)
[2026-04-30T11:19:42.861Z] [INFO] [File Cleanup] Email attachment cleanup worker initialized (daily at 4:00 AM)
[2026-04-30T11:19:42.865Z] [INFO] Plan transition job scheduled (daily at 2:00 AM)
[2026-04-30T11:19:42.861Z] [INFO] Email file cleanup: Daily at 4:00 AM
[2026-04-30T11:19:42.867Z] [INFO] Subscription lifecycle job scheduled (every hour)
[2026-04-30T11:19:42.870Z] [INFO] Payment status sync job scheduled (daily at 1:00 AM)
[2026-04-30T11:19:42.871Z] [INFO] Reminder job scheduled (daily at 9:00 AM)
[2026-04-30T11:19:42.873Z] [INFO] Inventory expiry job scheduled (daily at 6:00 AM)
[2026-04-30T11:19:42.876Z] [INFO] Scheduled broadcasts job initialized (every 5 minutes)
[2026-04-30T11:19:42.885Z] [INFO] All cron jobs initialized:
[2026-04-30T11:19:42.885Z] [INFO]   - Session cleanup: Every hour
[2026-04-30T11:19:42.885Z] [INFO]   - Plan transition: Daily at 2:00 AM
[2026-04-30T11:19:42.885Z] [INFO]   - Subscription lifecycle + emails: Every hour
[2026-04-30T11:19:42.885Z] [INFO]   - Inventory expiry checks + alerts: Daily at 6:00 AM
[2026-04-30T11:19:42.885Z] [INFO]   - Reminder emails (7d/3d/final): Daily at 9:00 AM
[2026-04-30T11:19:42.885Z] [INFO]   - Pending users cleanup: Daily at 3:00 AM
[2026-04-30T11:19:42.885Z] [INFO]   - Deletion logs cleanup: Daily at 3:30 AM
[2026-04-30T11:19:42.885Z] [INFO]   - Incomplete users cleanup: Daily at 3:15 AM
[2026-04-30T11:19:42.885Z] [INFO]   - Payment status sync: Daily at 1:00 AM
[2026-04-30T11:19:42.885Z] [INFO]   - OTP daily limits cleanup: Daily at 3:45 AM
[2026-04-30T11:19:42.885Z] [INFO]   - Scheduled broadcasts: Every 5 minutes
[2026-04-30T11:19:49.689Z] [INFO] Initializing cron jobs...
[2026-04-30T11:19:49.690Z] [INFO] Instance ID: DESKTOP-I1JLQUS-3444-76528879
[2026-04-30T11:19:49.690Z] [INFO] Distributed locking: ENABLED
[2026-04-30T11:19:49.699Z] [INFO] [Email Cron] Email broadcast worker initialized (every 1 minute)
[2026-04-30T11:19:49.705Z] [INFO] [File Cleanup] Email attachment cleanup worker initialized (daily at 4:00 AM)
[2026-04-30T11:19:49.705Z] [INFO] Email file cleanup: Daily at 4:00 AM
[2026-04-30T11:19:49.705Z] [INFO] Email broadcast worker: Every 1 minute
[2026-04-30T11:19:49.714Z] [INFO] Plan transition job scheduled (daily at 2:00 AM)
[2026-04-30T11:19:49.719Z] [INFO] Subscription lifecycle job scheduled (every hour)
[2026-04-30T11:19:49.724Z] [INFO] Payment status sync job scheduled (daily at 1:00 AM)
[2026-04-30T11:19:49.733Z] [INFO] Inventory expiry job scheduled (daily at 6:00 AM)
[2026-04-30T11:19:49.726Z] [INFO] Reminder job scheduled (daily at 9:00 AM)
[2026-04-30T11:19:49.737Z] [INFO] Scheduled broadcasts job initialized (every 5 minutes)
[2026-04-30T11:19:49.751Z] [INFO]   - Session cleanup: Every hour
[2026-04-30T11:19:49.751Z] [INFO]   - Plan transition: Daily at 2:00 AM
[2026-04-30T11:19:49.751Z] [INFO]   - Subscription lifecycle + emails: Every hour
[2026-04-30T11:19:49.751Z] [INFO] All cron jobs initialized:
[2026-04-30T11:19:49.751Z] [INFO]   - Payment status sync: Daily at 1:00 AM
[2026-04-30T11:19:49.751Z] [INFO]   - Inventory expiry checks + alerts: Daily at 6:00 AM
[2026-04-30T11:19:49.751Z] [INFO]   - Reminder emails (7d/3d/final): Daily at 9:00 AM
[2026-04-30T11:19:49.751Z] [INFO]   - Pending users cleanup: Daily at 3:00 AM
[2026-04-30T11:19:49.751Z] [INFO]   - Deletion logs cleanup: Daily at 3:30 AM
[2026-04-30T11:19:49.751Z] [INFO]   - Scheduled broadcasts: Every 5 minutes
[2026-04-30T11:19:49.751Z] [INFO]   - OTP daily limits cleanup: Daily at 3:45 AM
[2026-04-30T11:19:49.751Z] [INFO]   - Incomplete users cleanup: Daily at 3:15 AM
[2026-04-30T11:20:00.093Z] [INFO] Checking for scheduled broadcasts...
[2026-04-30T11:20:00.108Z] [INFO] No scheduled broadcasts due for sending
[2026-04-30T11:20:06.913Z] [INFO] Instance ID: DESKTOP-I1JLQUS-22612-00299643
[2026-04-30T11:20:06.912Z] [INFO] Initializing cron jobs...
[2026-04-30T11:20:06.913Z] [INFO] Distributed locking: ENABLED
[2026-04-30T11:20:06.926Z] [INFO] [File Cleanup] Email attachment cleanup worker initialized (daily at 4:00 AM)
[2026-04-30T11:20:06.920Z] [INFO] [Email Cron] Email broadcast worker initialized (every 1 minute)
[2026-04-30T11:20:06.926Z] [INFO] Email broadcast worker: Every 1 minute
[2026-04-30T11:20:06.930Z] [INFO] Plan transition job scheduled (daily at 2:00 AM)
[2026-04-30T11:20:06.934Z] [INFO] Subscription lifecycle job scheduled (every hour)
[2026-04-30T11:20:06.926Z] [INFO] Email file cleanup: Daily at 4:00 AM
[2026-04-30T11:20:06.941Z] [INFO] Reminder job scheduled (daily at 9:00 AM)
[2026-04-30T11:20:06.936Z] [INFO] Payment status sync job scheduled (daily at 1:00 AM)
[2026-04-30T11:20:06.947Z] [INFO] Scheduled broadcasts job initialized (every 5 minutes)
[2026-04-30T11:20:06.956Z] [INFO] All cron jobs initialized:
[2026-04-30T11:20:06.945Z] [INFO] Inventory expiry job scheduled (daily at 6:00 AM)
[2026-04-30T11:20:06.956Z] [INFO]   - Session cleanup: Every hour
[2026-04-30T11:20:06.956Z] [INFO]   - Plan transition: Daily at 2:00 AM
[2026-04-30T11:20:06.956Z] [INFO]   - Subscription lifecycle + emails: Every hour
[2026-04-30T11:20:06.956Z] [INFO]   - Inventory expiry checks + alerts: Daily at 6:00 AM
[2026-04-30T11:20:06.956Z] [INFO]   - Payment status sync: Daily at 1:00 AM
[2026-04-30T11:20:06.956Z] [INFO]   - Reminder emails (7d/3d/final): Daily at 9:00 AM
[2026-04-30T11:20:06.957Z] [INFO]   - Scheduled broadcasts: Every 5 minutes
[2026-04-30T11:20:06.957Z] [INFO]   - Deletion logs cleanup: Daily at 3:30 AM
[2026-04-30T11:20:06.957Z] [INFO]   - Incomplete users cleanup: Daily at 3:15 AM
[2026-04-30T11:20:06.956Z] [INFO]   - Pending users cleanup: Daily at 3:00 AM
[2026-04-30T11:20:06.957Z] [INFO]   - OTP daily limits cleanup: Daily at 3:45 AM
[2026-04-30T11:20:10.090Z] [INFO] Distributed locking: ENABLED
[2026-04-30T11:20:10.090Z] [INFO] Instance ID: DESKTOP-I1JLQUS-26256-5c687d3b
[2026-04-30T11:20:10.089Z] [INFO] Initializing cron jobs...
[2026-04-30T11:20:10.097Z] [INFO] [Email Cron] Email broadcast worker initialized (every 1 minute)
[2026-04-30T11:20:10.100Z] [INFO] [File Cleanup] Email attachment cleanup worker initialized (daily at 4:00 AM)
[2026-04-30T11:20:10.105Z] [INFO] Subscription lifecycle job scheduled (every hour)
[2026-04-30T11:20:10.100Z] [INFO] Email broadcast worker: Every 1 minute
[2026-04-30T11:20:10.102Z] [INFO] Plan transition job scheduled (daily at 2:00 AM)
[2026-04-30T11:20:10.100Z] [INFO] Email file cleanup: Daily at 4:00 AM
[2026-04-30T11:20:10.108Z] [INFO] Payment status sync job scheduled (daily at 1:00 AM)
[2026-04-30T11:20:10.111Z] [INFO] Reminder job scheduled (daily at 9:00 AM)
[2026-04-30T11:20:10.113Z] [INFO] Inventory expiry job scheduled (daily at 6:00 AM)
[2026-04-30T11:20:10.114Z] [INFO] Scheduled broadcasts job initialized (every 5 minutes)
[2026-04-30T11:20:10.121Z] [INFO] All cron jobs initialized:
[2026-04-30T11:20:10.121Z] [INFO]   - Session cleanup: Every hour
[2026-04-30T11:20:10.121Z] [INFO]   - Subscription lifecycle + emails: Every hour
[2026-04-30T11:20:10.121Z] [INFO]   - Plan transition: Daily at 2:00 AM
[2026-04-30T11:20:10.121Z] [INFO]   - Reminder emails (7d/3d/final): Daily at 9:00 AM
[2026-04-30T11:20:10.121Z] [INFO]   - Payment status sync: Daily at 1:00 AM
[2026-04-30T11:20:10.121Z] [INFO]   - Pending users cleanup: Daily at 3:00 AM
[2026-04-30T11:20:10.121Z] [INFO]   - Scheduled broadcasts: Every 5 minutes
[2026-04-30T11:20:10.121Z] [INFO]   - Incomplete users cleanup: Daily at 3:15 AM
[2026-04-30T11:20:10.121Z] [INFO]   - Deletion logs cleanup: Daily at 3:30 AM
[2026-04-30T11:20:10.121Z] [INFO]   - Inventory expiry checks + alerts: Daily at 6:00 AM
[2026-04-30T11:20:10.121Z] [INFO]   - OTP daily limits cleanup: Daily at 3:45 AM
[2026-04-30T11:20:13.648Z] [INFO] Initializing cron jobs...
[2026-04-30T11:20:13.649Z] [INFO] Instance ID: DESKTOP-I1JLQUS-13708-7fc471de
[2026-04-30T11:20:13.649Z] [INFO] Distributed locking: ENABLED
[2026-04-30T11:20:13.656Z] [INFO] [Email Cron] Email broadcast worker initialized (every 1 minute)
[2026-04-30T11:20:13.659Z] [INFO] [File Cleanup] Email attachment cleanup worker initialized (daily at 4:00 AM)
[2026-04-30T11:20:13.659Z] [INFO] Email file cleanup: Daily at 4:00 AM
[2026-04-30T11:20:13.659Z] [INFO] Email broadcast worker: Every 1 minute
[2026-04-30T11:20:13.664Z] [INFO] Plan transition job scheduled (daily at 2:00 AM)
[2026-04-30T11:20:13.669Z] [INFO] Subscription lifecycle job scheduled (every hour)
[2026-04-30T11:20:13.673Z] [INFO] Payment status sync job scheduled (daily at 1:00 AM)
[2026-04-30T11:20:13.676Z] [INFO] Reminder job scheduled (daily at 9:00 AM)
[2026-04-30T11:20:13.677Z] [INFO] Inventory expiry job scheduled (daily at 6:00 AM)
[2026-04-30T11:20:13.681Z] [INFO] Scheduled broadcasts job initialized (every 5 minutes)
[2026-04-30T11:20:13.690Z] [INFO]   - Session cleanup: Every hour
[2026-04-30T11:20:13.690Z] [INFO]   - Plan transition: Daily at 2:00 AM
[2026-04-30T11:20:13.690Z] [INFO]   - Subscription lifecycle + emails: Every hour
[2026-04-30T11:20:13.690Z] [INFO]   - Inventory expiry checks + alerts: Daily at 6:00 AM
[2026-04-30T11:20:13.690Z] [INFO] All cron jobs initialized:
[2026-04-30T11:20:13.690Z] [INFO]   - Reminder emails (7d/3d/final): Daily at 9:00 AM
[2026-04-30T11:20:13.690Z] [INFO]   - Pending users cleanup: Daily at 3:00 AM
[2026-04-30T11:20:13.690Z] [INFO]   - Incomplete users cleanup: Daily at 3:15 AM
[2026-04-30T11:20:13.690Z] [INFO]   - Deletion logs cleanup: Daily at 3:30 AM
[2026-04-30T11:20:13.690Z] [INFO]   - Payment status sync: Daily at 1:00 AM
[2026-04-30T11:20:13.690Z] [INFO]   - OTP daily limits cleanup: Daily at 3:45 AM
[2026-04-30T11:20:13.690Z] [INFO]   - Scheduled broadcasts: Every 5 minutes
[2026-04-30T11:20:21.293Z] [INFO] Initializing cron jobs...
[2026-04-30T11:20:21.294Z] [INFO] Instance ID: DESKTOP-I1JLQUS-1848-ae70a8eb
[2026-04-30T11:20:21.294Z] [INFO] Distributed locking: ENABLED
[2026-04-30T11:20:21.299Z] [INFO] [Email Cron] Email broadcast worker initialized (every 1 minute)
[2026-04-30T11:20:21.301Z] [INFO] [File Cleanup] Email attachment cleanup worker initialized (daily at 4:00 AM)
[2026-04-30T11:20:21.301Z] [INFO] Email file cleanup: Daily at 4:00 AM
[2026-04-30T11:20:21.306Z] [INFO] Subscription lifecycle job scheduled (every hour)
[2026-04-30T11:20:21.310Z] [INFO] Reminder job scheduled (daily at 9:00 AM)
[2026-04-30T11:20:21.308Z] [INFO] Payment status sync job scheduled (daily at 1:00 AM)
[2026-04-30T11:20:21.304Z] [INFO] Plan transition job scheduled (daily at 2:00 AM)
[2026-04-30T11:20:21.313Z] [INFO] Inventory expiry job scheduled (daily at 6:00 AM)
[2026-04-30T11:20:21.315Z] [INFO] Scheduled broadcasts job initialized (every 5 minutes)
[2026-04-30T11:20:21.326Z] [INFO]   - Plan transition: Daily at 2:00 AM
[2026-04-30T11:20:21.301Z] [INFO] Email broadcast worker: Every 1 minute
[2026-04-30T11:20:21.326Z] [INFO]   - Session cleanup: Every hour
[2026-04-30T11:20:21.326Z] [INFO]   - Payment status sync: Daily at 1:00 AM
[2026-04-30T11:20:21.326Z] [INFO]   - Inventory expiry checks + alerts: Daily at 6:00 AM
[2026-04-30T11:20:21.326Z] [INFO]   - Reminder emails (7d/3d/final): Daily at 9:00 AM
[2026-04-30T11:20:21.326Z] [INFO]   - Pending users cleanup: Daily at 3:00 AM
[2026-04-30T11:20:21.326Z] [INFO]   - Incomplete users cleanup: Daily at 3:15 AM
[2026-04-30T11:20:21.326Z] [INFO]   - Subscription lifecycle + emails: Every hour
[2026-04-30T11:20:21.326Z] [INFO]   - Deletion logs cleanup: Daily at 3:30 AM
[2026-04-30T11:20:21.325Z] [INFO] All cron jobs initialized:
[2026-04-30T11:20:21.326Z] [INFO]   - Scheduled broadcasts: Every 5 minutes
[2026-04-30T11:20:21.326Z] [INFO]   - OTP daily limits cleanup: Daily at 3:45 AM
[2026-04-30T11:20:28.462Z] [INFO] Initializing cron jobs...
[2026-04-30T11:20:28.463Z] [INFO] Instance ID: DESKTOP-I1JLQUS-14368-f2976838
[2026-04-30T11:20:28.483Z] [INFO] [Email Cron] Email broadcast worker initialized (every 1 minute)
[2026-04-30T11:20:28.492Z] [INFO] [File Cleanup] Email attachment cleanup worker initialized (daily at 4:00 AM)
[2026-04-30T11:20:28.464Z] [INFO] Distributed locking: ENABLED
[2026-04-30T11:20:28.500Z] [INFO] Plan transition job scheduled (daily at 2:00 AM)
[2026-04-30T11:20:28.504Z] [INFO] Subscription lifecycle job scheduled (every hour)
[2026-04-30T11:20:28.492Z] [INFO] Email broadcast worker: Every 1 minute
[2026-04-30T11:20:28.492Z] [INFO] Email file cleanup: Daily at 4:00 AM
[2026-04-30T11:20:28.509Z] [INFO] Payment status sync job scheduled (daily at 1:00 AM)
[2026-04-30T11:20:28.512Z] [INFO] Reminder job scheduled (daily at 9:00 AM)
[2026-04-30T11:20:28.515Z] [INFO] Inventory expiry job scheduled (daily at 6:00 AM)
[2026-04-30T11:20:28.520Z] [INFO] Scheduled broadcasts job initialized (every 5 minutes)
[2026-04-30T11:20:28.533Z] [INFO] All cron jobs initialized:
[2026-04-30T11:20:28.533Z] [INFO]   - Session cleanup: Every hour
[2026-04-30T11:20:28.533Z] [INFO]   - Plan transition: Daily at 2:00 AM
[2026-04-30T11:20:28.533Z] [INFO]   - Subscription lifecycle + emails: Every hour
[2026-04-30T11:20:28.533Z] [INFO]   - Payment status sync: Daily at 1:00 AM
[2026-04-30T11:20:28.533Z] [INFO]   - Inventory expiry checks + alerts: Daily at 6:00 AM
[2026-04-30T11:20:28.533Z] [INFO]   - Reminder emails (7d/3d/final): Daily at 9:00 AM
[2026-04-30T11:20:28.533Z] [INFO]   - Incomplete users cleanup: Daily at 3:15 AM
[2026-04-30T11:20:28.533Z] [INFO]   - Pending users cleanup: Daily at 3:00 AM
[2026-04-30T11:20:28.533Z] [INFO]   - Deletion logs cleanup: Daily at 3:30 AM
[2026-04-30T11:20:28.533Z] [INFO]   - OTP daily limits cleanup: Daily at 3:45 AM
[2026-04-30T11:20:28.533Z] [INFO]   - Scheduled broadcasts: Every 5 minutes
[2026-04-30T11:20:34.382Z] [INFO] Initializing cron jobs...
[2026-04-30T11:20:34.382Z] [INFO] Instance ID: DESKTOP-I1JLQUS-16276-41a2c2ca
[2026-04-30T11:20:34.382Z] [INFO] Distributed locking: ENABLED
[2026-04-30T11:20:34.387Z] [INFO] [Email Cron] Email broadcast worker initialized (every 1 minute)
[2026-04-30T11:20:34.389Z] [INFO] Email broadcast worker: Every 1 minute
[2026-04-30T11:20:34.389Z] [INFO] Email file cleanup: Daily at 4:00 AM
[2026-04-30T11:20:34.391Z] [INFO] Plan transition job scheduled (daily at 2:00 AM)
[2026-04-30T11:20:34.389Z] [INFO] [File Cleanup] Email attachment cleanup worker initialized (daily at 4:00 AM)
[2026-04-30T11:20:34.392Z] [INFO] Subscription lifecycle job scheduled (every hour)
[2026-04-30T11:20:34.395Z] [INFO] Payment status sync job scheduled (daily at 1:00 AM)
[2026-04-30T11:20:34.396Z] [INFO] Reminder job scheduled (daily at 9:00 AM)
[2026-04-30T11:20:34.398Z] [INFO] Inventory expiry job scheduled (daily at 6:00 AM)
[2026-04-30T11:20:34.402Z] [INFO] Scheduled broadcasts job initialized (every 5 minutes)
[2026-04-30T11:20:34.413Z] [INFO]   - Plan transition: Daily at 2:00 AM
[2026-04-30T11:20:34.413Z] [INFO] All cron jobs initialized:
[2026-04-30T11:20:34.413Z] [INFO]   - Subscription lifecycle + emails: Every hour
[2026-04-30T11:20:34.413Z] [INFO]   - Session cleanup: Every hour
[2026-04-30T11:20:34.413Z] [INFO]   - Inventory expiry checks + alerts: Daily at 6:00 AM
[2026-04-30T11:20:34.413Z] [INFO]   - Payment status sync: Daily at 1:00 AM
[2026-04-30T11:20:34.413Z] [INFO]   - Reminder emails (7d/3d/final): Daily at 9:00 AM
[2026-04-30T11:20:34.413Z] [INFO]   - Pending users cleanup: Daily at 3:00 AM
[2026-04-30T11:20:34.413Z] [INFO]   - Incomplete users cleanup: Daily at 3:15 AM
[2026-04-30T11:20:34.413Z] [INFO]   - Deletion logs cleanup: Daily at 3:30 AM
[2026-04-30T11:20:34.413Z] [INFO]   - Scheduled broadcasts: Every 5 minutes
[2026-04-30T11:20:34.413Z] [INFO]   - OTP daily limits cleanup: Daily at 3:45 AM
[2026-04-30T11:20:41.569Z] [INFO] Initializing cron jobs...
[2026-04-30T11:20:41.570Z] [INFO] Instance ID: DESKTOP-I1JLQUS-16876-bd5f4c48
[2026-04-30T11:20:41.576Z] [INFO] [Email Cron] Email broadcast worker initialized (every 1 minute)
[2026-04-30T11:20:41.578Z] [INFO] [File Cleanup] Email attachment cleanup worker initialized (daily at 4:00 AM)
[2026-04-30T11:20:41.578Z] [INFO] Email broadcast worker: Every 1 minute
[2026-04-30T11:20:41.570Z] [INFO] Distributed locking: ENABLED
[2026-04-30T11:20:41.578Z] [INFO] Email file cleanup: Daily at 4:00 AM
[2026-04-30T11:20:41.580Z] [INFO] Plan transition job scheduled (daily at 2:00 AM)
[2026-04-30T11:20:41.585Z] [INFO] Subscription lifecycle job scheduled (every hour)
[2026-04-30T11:20:41.591Z] [INFO] Payment status sync job scheduled (daily at 1:00 AM)
[2026-04-30T11:20:41.593Z] [INFO] Reminder job scheduled (daily at 9:00 AM)
[2026-04-30T11:20:41.599Z] [INFO] Inventory expiry job scheduled (daily at 6:00 AM)
[2026-04-30T11:20:41.601Z] [INFO] Scheduled broadcasts job initialized (every 5 minutes)
[2026-04-30T11:20:41.612Z] [INFO]   - Session cleanup: Every hour
[2026-04-30T11:20:41.612Z] [INFO] All cron jobs initialized:
[2026-04-30T11:20:41.612Z] [INFO]   - Plan transition: Daily at 2:00 AM
[2026-04-30T11:20:41.612Z] [INFO]   - Subscription lifecycle + emails: Every hour
[2026-04-30T11:20:41.612Z] [INFO]   - Payment status sync: Daily at 1:00 AM
[2026-04-30T11:20:41.612Z] [INFO]   - Reminder emails (7d/3d/final): Daily at 9:00 AM
[2026-04-30T11:20:41.612Z] [INFO]   - Deletion logs cleanup: Daily at 3:30 AM
[2026-04-30T11:20:41.612Z] [INFO]   - Scheduled broadcasts: Every 5 minutes
[2026-04-30T11:20:41.612Z] [INFO]   - Incomplete users cleanup: Daily at 3:15 AM
[2026-04-30T11:20:41.612Z] [INFO]   - Inventory expiry checks + alerts: Daily at 6:00 AM
[2026-04-30T11:20:41.612Z] [INFO]   - OTP daily limits cleanup: Daily at 3:45 AM
[2026-04-30T11:20:41.612Z] [INFO]   - Pending users cleanup: Daily at 3:00 AM
[2026-04-30T11:20:46.344Z] [INFO] Initializing cron jobs...
[2026-04-30T11:20:46.345Z] [INFO] Instance ID: DESKTOP-I1JLQUS-13444-281fab2d
[2026-04-30T11:20:46.345Z] [INFO] Distributed locking: ENABLED
[2026-04-30T11:20:46.355Z] [INFO] [File Cleanup] Email attachment cleanup worker initialized (daily at 4:00 AM)
[2026-04-30T11:20:46.351Z] [INFO] [Email Cron] Email broadcast worker initialized (every 1 minute)
[2026-04-30T11:20:46.355Z] [INFO] Email file cleanup: Daily at 4:00 AM
[2026-04-30T11:20:46.358Z] [INFO] Plan transition job scheduled (daily at 2:00 AM)
[2026-04-30T11:20:46.360Z] [INFO] Subscription lifecycle job scheduled (every hour)
[2026-04-30T11:20:46.366Z] [INFO] Reminder job scheduled (daily at 9:00 AM)
[2026-04-30T11:20:46.369Z] [INFO] Inventory expiry job scheduled (daily at 6:00 AM)
[2026-04-30T11:20:46.363Z] [INFO] Payment status sync job scheduled (daily at 1:00 AM)
[2026-04-30T11:20:46.371Z] [INFO] Scheduled broadcasts job initialized (every 5 minutes)
[2026-04-30T11:20:46.379Z] [INFO]   - Subscription lifecycle + emails: Every hour
[2026-04-30T11:20:46.378Z] [INFO] All cron jobs initialized:
[2026-04-30T11:20:46.379Z] [INFO]   - Payment status sync: Daily at 1:00 AM
[2026-04-30T11:20:46.378Z] [INFO]   - Session cleanup: Every hour
[2026-04-30T11:20:46.378Z] [INFO]   - Plan transition: Daily at 2:00 AM
[2026-04-30T11:20:46.379Z] [INFO]   - Inventory expiry checks + alerts: Daily at 6:00 AM
[2026-04-30T11:20:46.355Z] [INFO] Email broadcast worker: Every 1 minute
[2026-04-30T11:20:46.379Z] [INFO]   - Reminder emails (7d/3d/final): Daily at 9:00 AM
[2026-04-30T11:20:46.379Z] [INFO]   - Pending users cleanup: Daily at 3:00 AM
[2026-04-30T11:20:46.379Z] [INFO]   - Scheduled broadcasts: Every 5 minutes
[2026-04-30T11:20:46.379Z] [INFO]   - Incomplete users cleanup: Daily at 3:15 AM
[2026-04-30T11:20:46.379Z] [INFO]   - OTP daily limits cleanup: Daily at 3:45 AM
[2026-04-30T11:20:46.379Z] [INFO]   - Deletion logs cleanup: Daily at 3:30 AM
[2026-04-30T11:20:48.208Z] [INFO] Initializing cron jobs...
[2026-04-30T11:20:48.209Z] [INFO] Distributed locking: ENABLED
[2026-04-30T11:20:48.208Z] [INFO] Instance ID: DESKTOP-I1JLQUS-22536-11351610
[2026-04-30T11:20:48.214Z] [INFO] [Email Cron] Email broadcast worker initialized (every 1 minute)
[2026-04-30T11:20:48.216Z] [INFO] Email broadcast worker: Every 1 minute
[2026-04-30T11:20:48.216Z] [INFO] [File Cleanup] Email attachment cleanup worker initialized (daily at 4:00 AM)
[2026-04-30T11:20:48.216Z] [INFO] Email file cleanup: Daily at 4:00 AM
[2026-04-30T11:20:48.218Z] [INFO] Plan transition job scheduled (daily at 2:00 AM)
[2026-04-30T11:20:48.222Z] [INFO] Subscription lifecycle job scheduled (every hour)
[2026-04-30T11:20:48.226Z] [INFO] Reminder job scheduled (daily at 9:00 AM)
[2026-04-30T11:20:48.224Z] [INFO] Payment status sync job scheduled (daily at 1:00 AM)
[2026-04-30T11:20:48.230Z] [INFO] Inventory expiry job scheduled (daily at 6:00 AM)
[2026-04-30T11:20:48.232Z] [INFO] Scheduled broadcasts job initialized (every 5 minutes)
[2026-04-30T11:20:48.245Z] [INFO] All cron jobs initialized:
[2026-04-30T11:20:48.245Z] [INFO]   - Plan transition: Daily at 2:00 AM
[2026-04-30T11:20:48.245Z] [INFO]   - Session cleanup: Every hour
[2026-04-30T11:20:48.245Z] [INFO]   - Subscription lifecycle + emails: Every hour
[2026-04-30T11:20:48.245Z] [INFO]   - Payment status sync: Daily at 1:00 AM
[2026-04-30T11:20:48.245Z] [INFO]   - Inventory expiry checks + alerts: Daily at 6:00 AM
[2026-04-30T11:20:48.245Z] [INFO]   - Pending users cleanup: Daily at 3:00 AM
[2026-04-30T11:20:48.245Z] [INFO]   - Reminder emails (7d/3d/final): Daily at 9:00 AM
[2026-04-30T11:20:48.245Z] [INFO]   - Incomplete users cleanup: Daily at 3:15 AM
[2026-04-30T11:20:48.245Z] [INFO]   - Deletion logs cleanup: Daily at 3:30 AM
[2026-04-30T11:20:48.246Z] [INFO]   - Scheduled broadcasts: Every 5 minutes
[2026-04-30T11:20:48.246Z] [INFO]   - OTP daily limits cleanup: Daily at 3:45 AM
[2026-04-30T11:21:08.316Z] [INFO] Instance ID: DESKTOP-I1JLQUS-21860-68d0cc71
[2026-04-30T11:21:08.316Z] [INFO] Distributed locking: ENABLED
[2026-04-30T11:21:08.316Z] [INFO] Initializing cron jobs...
[2026-04-30T11:21:08.321Z] [INFO] [Email Cron] Email broadcast worker initialized (every 1 minute)
[2026-04-30T11:21:08.324Z] [INFO] Email broadcast worker: Every 1 minute
[2026-04-30T11:21:08.324Z] [INFO] Email file cleanup: Daily at 4:00 AM
[2026-04-30T11:21:08.324Z] [INFO] [File Cleanup] Email attachment cleanup worker initialized (daily at 4:00 AM)
[2026-04-30T11:21:08.326Z] [INFO] Plan transition job scheduled (daily at 2:00 AM)
[2026-04-30T11:21:08.328Z] [INFO] Subscription lifecycle job scheduled (every hour)
[2026-04-30T11:21:08.330Z] [INFO] Payment status sync job scheduled (daily at 1:00 AM)
[2026-04-30T11:21:08.335Z] [INFO] Inventory expiry job scheduled (daily at 6:00 AM)
[2026-04-30T11:21:08.337Z] [INFO] Scheduled broadcasts job initialized (every 5 minutes)
[2026-04-30T11:21:08.333Z] [INFO] Reminder job scheduled (daily at 9:00 AM)
[2026-04-30T11:21:08.345Z] [INFO]   - Session cleanup: Every hour
[2026-04-30T11:21:08.345Z] [INFO] All cron jobs initialized:
[2026-04-30T11:21:08.346Z] [INFO]   - Inventory expiry checks + alerts: Daily at 6:00 AM
[2026-04-30T11:21:08.346Z] [INFO]   - Reminder emails (7d/3d/final): Daily at 9:00 AM
[2026-04-30T11:21:08.346Z] [INFO]   - Subscription lifecycle + emails: Every hour
[2026-04-30T11:21:08.346Z] [INFO]   - Payment status sync: Daily at 1:00 AM
[2026-04-30T11:21:08.346Z] [INFO]   - Incomplete users cleanup: Daily at 3:15 AM
[2026-04-30T11:21:08.346Z] [INFO]   - Deletion logs cleanup: Daily at 3:30 AM
[2026-04-30T11:21:08.346Z] [INFO]   - Scheduled broadcasts: Every 5 minutes
[2026-04-30T11:21:08.345Z] [INFO]   - Plan transition: Daily at 2:00 AM
[2026-04-30T11:21:08.346Z] [INFO]   - Pending users cleanup: Daily at 3:00 AM
[2026-04-30T11:21:08.346Z] [INFO]   - OTP daily limits cleanup: Daily at 3:45 AM
[2026-04-30T11:21:14.999Z] [INFO] Distributed locking: ENABLED
[2026-04-30T11:21:14.999Z] [INFO] Initializing cron jobs...
[2026-04-30T11:21:14.999Z] [INFO] Instance ID: DESKTOP-I1JLQUS-14764-1fc37eee
[2026-04-30T11:21:15.006Z] [INFO] [Email Cron] Email broadcast worker initialized (every 1 minute)
[2026-04-30T11:21:15.008Z] [INFO] [File Cleanup] Email attachment cleanup worker initialized (daily at 4:00 AM)
[2026-04-30T11:21:15.008Z] [INFO] Email broadcast worker: Every 1 minute
[2026-04-30T11:21:15.008Z] [INFO] Email file cleanup: Daily at 4:00 AM
[2026-04-30T11:21:15.011Z] [INFO] Plan transition job scheduled (daily at 2:00 AM)
[2026-04-30T11:21:15.014Z] [INFO] Subscription lifecycle job scheduled (every hour)
[2026-04-30T11:21:15.016Z] [INFO] Payment status sync job scheduled (daily at 1:00 AM)
[2026-04-30T11:21:15.018Z] [INFO] Reminder job scheduled (daily at 9:00 AM)
[2026-04-30T11:21:15.021Z] [INFO] Inventory expiry job scheduled (daily at 6:00 AM)
[2026-04-30T11:21:15.023Z] [INFO] Scheduled broadcasts job initialized (every 5 minutes)
[2026-04-30T11:21:15.034Z] [INFO] All cron jobs initialized:
[2026-04-30T11:21:15.034Z] [INFO]   - Plan transition: Daily at 2:00 AM
[2026-04-30T11:21:15.034Z] [INFO]   - Session cleanup: Every hour
[2026-04-30T11:21:15.034Z] [INFO]   - Subscription lifecycle + emails: Every hour
[2026-04-30T11:21:15.034Z] [INFO]   - Payment status sync: Daily at 1:00 AM
[2026-04-30T11:21:15.034Z] [INFO]   - Inventory expiry checks + alerts: Daily at 6:00 AM
[2026-04-30T11:21:15.034Z] [INFO]   - Reminder emails (7d/3d/final): Daily at 9:00 AM
[2026-04-30T11:21:15.034Z] [INFO]   - Pending users cleanup: Daily at 3:00 AM
[2026-04-30T11:21:15.034Z] [INFO]   - Incomplete users cleanup: Daily at 3:15 AM
[2026-04-30T11:21:15.034Z] [INFO]   - Deletion logs cleanup: Daily at 3:30 AM
[2026-04-30T11:21:15.034Z] [INFO]   - OTP daily limits cleanup: Daily at 3:45 AM
[2026-04-30T11:21:15.034Z] [INFO]   - Scheduled broadcasts: Every 5 minutes
[2026-04-30T11:21:20.828Z] [INFO] Instance ID: DESKTOP-I1JLQUS-26556-b77ff954
[2026-04-30T11:21:20.827Z] [INFO] Initializing cron jobs...
[2026-04-30T11:21:20.828Z] [INFO] Distributed locking: ENABLED
[2026-04-30T11:21:20.844Z] [INFO] [Email Cron] Email broadcast worker initialized (every 1 minute)
[2026-04-30T11:21:20.848Z] [INFO] Email broadcast worker: Every 1 minute
[2026-04-30T11:21:20.848Z] [INFO] [File Cleanup] Email attachment cleanup worker initialized (daily at 4:00 AM)
[2026-04-30T11:21:20.848Z] [INFO] Email file cleanup: Daily at 4:00 AM
[2026-04-30T11:21:20.855Z] [INFO] Plan transition job scheduled (daily at 2:00 AM)
[2026-04-30T11:21:20.860Z] [INFO] Subscription lifecycle job scheduled (every hour)
[2026-04-30T11:21:20.865Z] [INFO] Payment status sync job scheduled (daily at 1:00 AM)
[2026-04-30T11:21:20.871Z] [INFO] Reminder job scheduled (daily at 9:00 AM)
[2026-04-30T11:21:20.875Z] [INFO] Inventory expiry job scheduled (daily at 6:00 AM)
[2026-04-30T11:21:20.878Z] [INFO] Scheduled broadcasts job initialized (every 5 minutes)
[2026-04-30T11:21:20.897Z] [INFO] All cron jobs initialized:
[2026-04-30T11:21:20.897Z] [INFO]   - Session cleanup: Every hour
[2026-04-30T11:21:20.897Z] [INFO]   - Plan transition: Daily at 2:00 AM
[2026-04-30T11:21:20.897Z] [INFO]   - Subscription lifecycle + emails: Every hour
[2026-04-30T11:21:20.897Z] [INFO]   - Payment status sync: Daily at 1:00 AM
[2026-04-30T11:21:20.897Z] [INFO]   - Inventory expiry checks + alerts: Daily at 6:00 AM
[2026-04-30T11:21:20.897Z] [INFO]   - Reminder emails (7d/3d/final): Daily at 9:00 AM
[2026-04-30T11:21:20.897Z] [INFO]   - Pending users cleanup: Daily at 3:00 AM
[2026-04-30T11:21:20.897Z] [INFO]   - Deletion logs cleanup: Daily at 3:30 AM
[2026-04-30T11:21:20.897Z] [INFO]   - Scheduled broadcasts: Every 5 minutes
[2026-04-30T11:21:20.897Z] [INFO]   - Incomplete users cleanup: Daily at 3:15 AM
[2026-04-30T11:21:20.897Z] [INFO]   - OTP daily limits cleanup: Daily at 3:45 AM
[2026-04-30T11:21:23.944Z] [INFO] Initializing cron jobs...
[2026-04-30T11:21:23.945Z] [INFO] Instance ID: DESKTOP-I1JLQUS-2280-99b2d569
[2026-04-30T11:21:23.945Z] [INFO] Distributed locking: ENABLED
[2026-04-30T11:21:23.950Z] [INFO] [Email Cron] Email broadcast worker initialized (every 1 minute)
[2026-04-30T11:21:23.952Z] [INFO] [File Cleanup] Email attachment cleanup worker initialized (daily at 4:00 AM)
[2026-04-30T11:21:23.953Z] [INFO] Email broadcast worker: Every 1 minute
[2026-04-30T11:21:23.953Z] [INFO] Email file cleanup: Daily at 4:00 AM
[2026-04-30T11:21:23.957Z] [INFO] Plan transition job scheduled (daily at 2:00 AM)
[2026-04-30T11:21:23.959Z] [INFO] Subscription lifecycle job scheduled (every hour)
[2026-04-30T11:21:23.961Z] [INFO] Payment status sync job scheduled (daily at 1:00 AM)
[2026-04-30T11:21:23.967Z] [INFO] Reminder job scheduled (daily at 9:00 AM)
[2026-04-30T11:21:23.973Z] [INFO] Inventory expiry job scheduled (daily at 6:00 AM)
[2026-04-30T11:21:23.976Z] [INFO] Scheduled broadcasts job initialized (every 5 minutes)
[2026-04-30T11:21:23.987Z] [INFO] All cron jobs initialized:
[2026-04-30T11:21:23.987Z] [INFO]   - Subscription lifecycle + emails: Every hour
[2026-04-30T11:21:23.987Z] [INFO]   - Session cleanup: Every hour
[2026-04-30T11:21:23.987Z] [INFO]   - Plan transition: Daily at 2:00 AM
[2026-04-30T11:21:23.987Z] [INFO]   - Payment status sync: Daily at 1:00 AM
[2026-04-30T11:21:23.987Z] [INFO]   - Reminder emails (7d/3d/final): Daily at 9:00 AM
[2026-04-30T11:21:23.987Z] [INFO]   - Inventory expiry checks + alerts: Daily at 6:00 AM
[2026-04-30T11:21:23.987Z] [INFO]   - Incomplete users cleanup: Daily at 3:15 AM
[2026-04-30T11:21:23.987Z] [INFO]   - Pending users cleanup: Daily at 3:00 AM
[2026-04-30T11:21:23.987Z] [INFO]   - Deletion logs cleanup: Daily at 3:30 AM
[2026-04-30T11:21:23.987Z] [INFO]   - Scheduled broadcasts: Every 5 minutes
[2026-04-30T11:21:23.987Z] [INFO]   - OTP daily limits cleanup: Daily at 3:45 AM
[2026-04-30T11:21:26.362Z] [INFO] Initializing cron jobs...
[2026-04-30T11:21:26.362Z] [INFO] Distributed locking: ENABLED
[2026-04-30T11:21:26.362Z] [INFO] Instance ID: DESKTOP-I1JLQUS-25936-73b09d79
[2026-04-30T11:21:26.368Z] [INFO] [Email Cron] Email broadcast worker initialized (every 1 minute)
[2026-04-30T11:21:26.370Z] [INFO] Email file cleanup: Daily at 4:00 AM
[2026-04-30T11:21:26.370Z] [INFO] Email broadcast worker: Every 1 minute
[2026-04-30T11:21:26.376Z] [INFO] Subscription lifecycle job scheduled (every hour)
[2026-04-30T11:21:26.370Z] [INFO] [File Cleanup] Email attachment cleanup worker initialized (daily at 4:00 AM)
[2026-04-30T11:21:26.375Z] [INFO] Plan transition job scheduled (daily at 2:00 AM)
[2026-04-30T11:21:26.379Z] [INFO] Payment status sync job scheduled (daily at 1:00 AM)
[2026-04-30T11:21:26.381Z] [INFO] Reminder job scheduled (daily at 9:00 AM)
[2026-04-30T11:21:26.383Z] [INFO] Inventory expiry job scheduled (daily at 6:00 AM)
[2026-04-30T11:21:26.384Z] [INFO] Scheduled broadcasts job initialized (every 5 minutes)
[2026-04-30T11:21:26.395Z] [INFO] All cron jobs initialized:
[2026-04-30T11:21:26.395Z] [INFO]   - Session cleanup: Every hour
[2026-04-30T11:21:26.395Z] [INFO]   - Plan transition: Daily at 2:00 AM
[2026-04-30T11:21:26.395Z] [INFO]   - Subscription lifecycle + emails: Every hour
[2026-04-30T11:21:26.395Z] [INFO]   - Reminder emails (7d/3d/final): Daily at 9:00 AM
[2026-04-30T11:21:26.395Z] [INFO]   - Payment status sync: Daily at 1:00 AM
[2026-04-30T11:21:26.395Z] [INFO]   - Inventory expiry checks + alerts: Daily at 6:00 AM
[2026-04-30T11:21:26.395Z] [INFO]   - Pending users cleanup: Daily at 3:00 AM
[2026-04-30T11:21:26.395Z] [INFO]   - Incomplete users cleanup: Daily at 3:15 AM
[2026-04-30T11:21:26.395Z] [INFO]   - Scheduled broadcasts: Every 5 minutes
[2026-04-30T11:21:26.395Z] [INFO]   - OTP daily limits cleanup: Daily at 3:45 AM
[2026-04-30T11:21:26.395Z] [INFO]   - Deletion logs cleanup: Daily at 3:30 AM
[2026-04-30T11:21:33.883Z] [INFO] Initializing cron jobs...
[2026-04-30T11:21:33.884Z] [INFO] Instance ID: DESKTOP-I1JLQUS-2352-e3675078
[2026-04-30T11:21:33.891Z] [INFO] [Email Cron] Email broadcast worker initialized (every 1 minute)
[2026-04-30T11:21:33.925Z] [INFO] Email broadcast worker: Every 1 minute
[2026-04-30T11:21:33.924Z] [INFO] [File Cleanup] Email attachment cleanup worker initialized (daily at 4:00 AM)
[2026-04-30T11:21:33.884Z] [INFO] Distributed locking: ENABLED
[2026-04-30T11:21:33.941Z] [INFO] Plan transition job scheduled (daily at 2:00 AM)
[2026-04-30T11:21:33.925Z] [INFO] Email file cleanup: Daily at 4:00 AM
[2026-04-30T11:21:33.959Z] [INFO] Subscription lifecycle job scheduled (every hour)
[2026-04-30T11:21:33.984Z] [INFO] Payment status sync job scheduled (daily at 1:00 AM)
[2026-04-30T11:21:33.997Z] [INFO] Reminder job scheduled (daily at 9:00 AM)
[2026-04-30T11:21:34.006Z] [INFO] Inventory expiry job scheduled (daily at 6:00 AM)
[2026-04-30T11:21:34.012Z] [INFO] Scheduled broadcasts job initialized (every 5 minutes)
[2026-04-30T11:21:34.039Z] [INFO] All cron jobs initialized:
[2026-04-30T11:21:34.039Z] [INFO]   - Plan transition: Daily at 2:00 AM
[2026-04-30T11:21:34.039Z] [INFO]   - Session cleanup: Every hour
[2026-04-30T11:21:34.039Z] [INFO]   - Payment status sync: Daily at 1:00 AM
[2026-04-30T11:21:34.039Z] [INFO]   - Subscription lifecycle + emails: Every hour
[2026-04-30T11:21:34.040Z] [INFO]   - Inventory expiry checks + alerts: Daily at 6:00 AM
[2026-04-30T11:21:34.040Z] [INFO]   - Pending users cleanup: Daily at 3:00 AM
[2026-04-30T11:21:34.040Z] [INFO]   - Incomplete users cleanup: Daily at 3:15 AM
[2026-04-30T11:21:34.040Z] [INFO]   - Deletion logs cleanup: Daily at 3:30 AM
[2026-04-30T11:21:34.041Z] [INFO]   - OTP daily limits cleanup: Daily at 3:45 AM
[2026-04-30T11:21:34.040Z] [INFO]   - Reminder emails (7d/3d/final): Daily at 9:00 AM
[2026-04-30T11:21:34.040Z] [INFO]   - Scheduled broadcasts: Every 5 minutes
[2026-04-30T11:21:43.270Z] [INFO] Instance ID: DESKTOP-I1JLQUS-9408-3482e780
[2026-04-30T11:21:43.270Z] [INFO] Initializing cron jobs...
[2026-04-30T11:21:43.270Z] [INFO] Distributed locking: ENABLED
[2026-04-30T11:21:43.275Z] [INFO] [Email Cron] Email broadcast worker initialized (every 1 minute)
[2026-04-30T11:21:43.277Z] [INFO] [File Cleanup] Email attachment cleanup worker initialized (daily at 4:00 AM)
[2026-04-30T11:21:43.277Z] [INFO] Email broadcast worker: Every 1 minute
[2026-04-30T11:21:43.277Z] [INFO] Email file cleanup: Daily at 4:00 AM
[2026-04-30T11:21:43.279Z] [INFO] Plan transition job scheduled (daily at 2:00 AM)
[2026-04-30T11:21:43.283Z] [INFO] Subscription lifecycle job scheduled (every hour)
[2026-04-30T11:21:43.289Z] [INFO] Payment status sync job scheduled (daily at 1:00 AM)
[2026-04-30T11:21:43.293Z] [INFO] Reminder job scheduled (daily at 9:00 AM)
[2026-04-30T11:21:43.300Z] [INFO] Inventory expiry job scheduled (daily at 6:00 AM)
[2026-04-30T11:21:43.334Z] [INFO] All cron jobs initialized:
[2026-04-30T11:21:43.309Z] [INFO] Scheduled broadcasts job initialized (every 5 minutes)
[2026-04-30T11:21:43.334Z] [INFO]   - Session cleanup: Every hour
[2026-04-30T11:21:43.334Z] [INFO]   - Payment status sync: Daily at 1:00 AM
[2026-04-30T11:21:43.334Z] [INFO]   - Plan transition: Daily at 2:00 AM
[2026-04-30T11:21:43.334Z] [INFO]   - Subscription lifecycle + emails: Every hour
[2026-04-30T11:21:43.334Z] [INFO]   - Inventory expiry checks + alerts: Daily at 6:00 AM
[2026-04-30T11:21:43.334Z] [INFO]   - Reminder emails (7d/3d/final): Daily at 9:00 AM
[2026-04-30T11:21:43.334Z] [INFO]   - Pending users cleanup: Daily at 3:00 AM
[2026-04-30T11:21:43.334Z] [INFO]   - Incomplete users cleanup: Daily at 3:15 AM
[2026-04-30T11:21:43.334Z] [INFO]   - Deletion logs cleanup: Daily at 3:30 AM
[2026-04-30T11:21:43.334Z] [INFO]   - OTP daily limits cleanup: Daily at 3:45 AM
[2026-04-30T11:21:43.334Z] [INFO]   - Scheduled broadcasts: Every 5 minutes
[2026-04-30T11:21:52.170Z] [INFO] Instance ID: DESKTOP-I1JLQUS-25936-459f2a56
[2026-04-30T11:21:52.169Z] [INFO] Initializing cron jobs...
[2026-04-30T11:21:52.170Z] [INFO] Distributed locking: ENABLED
[2026-04-30T11:21:52.175Z] [INFO] [Email Cron] Email broadcast worker initialized (every 1 minute)
[2026-04-30T11:21:52.178Z] [INFO] [File Cleanup] Email attachment cleanup worker initialized (daily at 4:00 AM)
[2026-04-30T11:21:52.178Z] [INFO] Email file cleanup: Daily at 4:00 AM
[2026-04-30T11:21:52.178Z] [INFO] Email broadcast worker: Every 1 minute
[2026-04-30T11:21:52.182Z] [INFO] Subscription lifecycle job scheduled (every hour)
[2026-04-30T11:21:52.180Z] [INFO] Plan transition job scheduled (daily at 2:00 AM)
[2026-04-30T11:21:52.185Z] [INFO] Payment status sync job scheduled (daily at 1:00 AM)
[2026-04-30T11:21:52.188Z] [INFO] Reminder job scheduled (daily at 9:00 AM)
[2026-04-30T11:21:52.192Z] [INFO] Inventory expiry job scheduled (daily at 6:00 AM)
[2026-04-30T11:21:52.194Z] [INFO] Scheduled broadcasts job initialized (every 5 minutes)
[2026-04-30T11:21:52.206Z] [INFO] All cron jobs initialized:
[2026-04-30T11:21:52.206Z] [INFO]   - Session cleanup: Every hour
[2026-04-30T11:21:52.206Z] [INFO]   - Plan transition: Daily at 2:00 AM
[2026-04-30T11:21:52.206Z] [INFO]   - Payment status sync: Daily at 1:00 AM
[2026-04-30T11:21:52.206Z] [INFO]   - Subscription lifecycle + emails: Every hour
[2026-04-30T11:21:52.206Z] [INFO]   - Reminder emails (7d/3d/final): Daily at 9:00 AM
[2026-04-30T11:21:52.206Z] [INFO]   - Inventory expiry checks + alerts: Daily at 6:00 AM
[2026-04-30T11:21:52.206Z] [INFO]   - Pending users cleanup: Daily at 3:00 AM
[2026-04-30T11:21:52.206Z] [INFO]   - Incomplete users cleanup: Daily at 3:15 AM
[2026-04-30T11:21:52.206Z] [INFO]   - Deletion logs cleanup: Daily at 3:30 AM
[2026-04-30T11:21:52.206Z] [INFO]   - Scheduled broadcasts: Every 5 minutes
[2026-04-30T11:21:52.206Z] [INFO]   - OTP daily limits cleanup: Daily at 3:45 AM
[2026-04-30T11:22:00.290Z] [INFO] Initializing cron jobs...
[2026-04-30T11:22:00.291Z] [INFO] Instance ID: DESKTOP-I1JLQUS-24152-8a81dd82
[2026-04-30T11:22:00.291Z] [INFO] Distributed locking: ENABLED
[2026-04-30T11:22:00.300Z] [INFO] Email broadcast worker: Every 1 minute
[2026-04-30T11:22:00.298Z] [INFO] [Email Cron] Email broadcast worker initialized (every 1 minute)
[2026-04-30T11:22:00.300Z] [INFO] Email file cleanup: Daily at 4:00 AM
[2026-04-30T11:22:00.300Z] [INFO] [File Cleanup] Email attachment cleanup worker initialized (daily at 4:00 AM)
[2026-04-30T11:22:00.304Z] [INFO] Plan transition job scheduled (daily at 2:00 AM)
[2026-04-30T11:22:00.306Z] [INFO] Subscription lifecycle job scheduled (every hour)
[2026-04-30T11:22:00.316Z] [INFO] Reminder job scheduled (daily at 9:00 AM)
[2026-04-30T11:22:00.312Z] [INFO] Payment status sync job scheduled (daily at 1:00 AM)
[2026-04-30T11:22:00.321Z] [INFO] Inventory expiry job scheduled (daily at 6:00 AM)
[2026-04-30T11:22:00.354Z] [INFO] All cron jobs initialized:
[2026-04-30T11:22:00.355Z] [INFO]   - Plan transition: Daily at 2:00 AM
[2026-04-30T11:22:00.355Z] [INFO]   - Subscription lifecycle + emails: Every hour
[2026-04-30T11:22:00.330Z] [INFO] Scheduled broadcasts job initialized (every 5 minutes)
[2026-04-30T11:22:00.355Z] [INFO]   - Inventory expiry checks + alerts: Daily at 6:00 AM
[2026-04-30T11:22:00.354Z] [INFO]   - Session cleanup: Every hour
[2026-04-30T11:22:00.355Z] [INFO]   - Reminder emails (7d/3d/final): Daily at 9:00 AM
[2026-04-30T11:22:00.355Z] [INFO]   - Incomplete users cleanup: Daily at 3:15 AM
[2026-04-30T11:22:00.355Z] [INFO]   - Pending users cleanup: Daily at 3:00 AM
[2026-04-30T11:22:00.355Z] [INFO]   - Payment status sync: Daily at 1:00 AM
[2026-04-30T11:22:00.355Z] [INFO]   - Deletion logs cleanup: Daily at 3:30 AM
[2026-04-30T11:22:00.355Z] [INFO]   - OTP daily limits cleanup: Daily at 3:45 AM
[2026-04-30T11:22:00.355Z] [INFO]   - Scheduled broadcasts: Every 5 minutes
[2026-04-30T11:22:02.650Z] [INFO] Initializing cron jobs...
[2026-04-30T11:22:02.651Z] [INFO] Instance ID: DESKTOP-I1JLQUS-20036-2ba9fcd7
[2026-04-30T11:22:02.651Z] [INFO] Distributed locking: ENABLED
[2026-04-30T11:22:02.657Z] [INFO] Email broadcast worker: Every 1 minute
[2026-04-30T11:22:02.655Z] [INFO] [Email Cron] Email broadcast worker initialized (every 1 minute)
[2026-04-30T11:22:02.657Z] [INFO] Email file cleanup: Daily at 4:00 AM
[2026-04-30T11:22:02.665Z] [INFO] Subscription lifecycle job scheduled (every hour)
[2026-04-30T11:22:02.668Z] [INFO] Payment status sync job scheduled (daily at 1:00 AM)
[2026-04-30T11:22:02.659Z] [INFO] Plan transition job scheduled (daily at 2:00 AM)
[2026-04-30T11:22:02.674Z] [INFO] Inventory expiry job scheduled (daily at 6:00 AM)
[2026-04-30T11:22:02.676Z] [INFO] Scheduled broadcasts job initialized (every 5 minutes)
[2026-04-30T11:22:02.657Z] [INFO] [File Cleanup] Email attachment cleanup worker initialized (daily at 4:00 AM)
[2026-04-30T11:22:02.685Z] [INFO]   - Plan transition: Daily at 2:00 AM
[2026-04-30T11:22:02.671Z] [INFO] Reminder job scheduled (daily at 9:00 AM)
[2026-04-30T11:22:02.685Z] [INFO]   - Subscription lifecycle + emails: Every hour
[2026-04-30T11:22:02.685Z] [INFO] All cron jobs initialized:
[2026-04-30T11:22:02.685Z] [INFO]   - Inventory expiry checks + alerts: Daily at 6:00 AM
[2026-04-30T11:22:02.685Z] [INFO]   - Reminder emails (7d/3d/final): Daily at 9:00 AM
[2026-04-30T11:22:02.685Z] [INFO]   - Session cleanup: Every hour
[2026-04-30T11:22:02.685Z] [INFO]   - Incomplete users cleanup: Daily at 3:15 AM
[2026-04-30T11:22:02.685Z] [INFO]   - Deletion logs cleanup: Daily at 3:30 AM
[2026-04-30T11:22:02.685Z] [INFO]   - Scheduled broadcasts: Every 5 minutes
[2026-04-30T11:22:02.685Z] [INFO]   - OTP daily limits cleanup: Daily at 3:45 AM
[2026-04-30T11:22:02.685Z] [INFO]   - Pending users cleanup: Daily at 3:00 AM
[2026-04-30T11:22:02.685Z] [INFO]   - Payment status sync: Daily at 1:00 AM
[2026-04-30T11:22:07.265Z] [INFO] Initializing cron jobs...
[2026-04-30T11:22:07.266Z] [INFO] Instance ID: DESKTOP-I1JLQUS-14368-2cb0c37e
[2026-04-30T11:22:07.266Z] [INFO] Distributed locking: ENABLED
[2026-04-30T11:22:07.271Z] [INFO] [Email Cron] Email broadcast worker initialized (every 1 minute)
[2026-04-30T11:22:07.274Z] [INFO] [File Cleanup] Email attachment cleanup worker initialized (daily at 4:00 AM)
[2026-04-30T11:22:07.274Z] [INFO] Email file cleanup: Daily at 4:00 AM
[2026-04-30T11:22:07.274Z] [INFO] Email broadcast worker: Every 1 minute
[2026-04-30T11:22:07.277Z] [INFO] Plan transition job scheduled (daily at 2:00 AM)
[2026-04-30T11:22:07.278Z] [INFO] Subscription lifecycle job scheduled (every hour)
[2026-04-30T11:22:07.282Z] [INFO] Payment status sync job scheduled (daily at 1:00 AM)
[2026-04-30T11:22:07.285Z] [INFO] Reminder job scheduled (daily at 9:00 AM)
[2026-04-30T11:22:07.287Z] [INFO] Inventory expiry job scheduled (daily at 6:00 AM)
[2026-04-30T11:22:07.289Z] [INFO] Scheduled broadcasts job initialized (every 5 minutes)
[2026-04-30T11:22:07.299Z] [INFO] All cron jobs initialized:
[2026-04-30T11:22:07.299Z] [INFO]   - Session cleanup: Every hour
[2026-04-30T11:22:07.299Z] [INFO]   - Plan transition: Daily at 2:00 AM
[2026-04-30T11:22:07.299Z] [INFO]   - Subscription lifecycle + emails: Every hour
[2026-04-30T11:22:07.299Z] [INFO]   - Inventory expiry checks + alerts: Daily at 6:00 AM
[2026-04-30T11:22:07.299Z] [INFO]   - Pending users cleanup: Daily at 3:00 AM
[2026-04-30T11:22:07.299Z] [INFO]   - Reminder emails (7d/3d/final): Daily at 9:00 AM
[2026-04-30T11:22:07.299Z] [INFO]   - Incomplete users cleanup: Daily at 3:15 AM
[2026-04-30T11:22:07.299Z] [INFO]   - Payment status sync: Daily at 1:00 AM
[2026-04-30T11:22:07.299Z] [INFO]   - Scheduled broadcasts: Every 5 minutes
[2026-04-30T11:22:07.299Z] [INFO]   - OTP daily limits cleanup: Daily at 3:45 AM
[2026-04-30T11:22:07.299Z] [INFO]   - Deletion logs cleanup: Daily at 3:30 AM
[2026-04-30T11:22:17.123Z] [INFO] Initializing cron jobs...
[2026-04-30T11:22:17.123Z] [INFO] Instance ID: DESKTOP-I1JLQUS-11852-5b79d34f
[2026-04-30T11:22:17.123Z] [INFO] Distributed locking: ENABLED
[2026-04-30T11:22:17.129Z] [INFO] [Email Cron] Email broadcast worker initialized (every 1 minute)
[2026-04-30T11:22:17.131Z] [INFO] [File Cleanup] Email attachment cleanup worker initialized (daily at 4:00 AM)
[2026-04-30T11:22:17.131Z] [INFO] Email broadcast worker: Every 1 minute
[2026-04-30T11:22:17.131Z] [INFO] Email file cleanup: Daily at 4:00 AM
[2026-04-30T11:22:17.134Z] [INFO] Plan transition job scheduled (daily at 2:00 AM)
[2026-04-30T11:22:17.142Z] [INFO] Payment status sync job scheduled (daily at 1:00 AM)
[2026-04-30T11:22:17.152Z] [INFO] Reminder job scheduled (daily at 9:00 AM)
[2026-04-30T11:22:17.138Z] [INFO] Subscription lifecycle job scheduled (every hour)
[2026-04-30T11:22:17.158Z] [INFO] Inventory expiry job scheduled (daily at 6:00 AM)
[2026-04-30T11:22:17.167Z] [INFO] Scheduled broadcasts job initialized (every 5 minutes)
[2026-04-30T11:22:17.197Z] [INFO] All cron jobs initialized:
[2026-04-30T11:22:17.197Z] [INFO]   - Session cleanup: Every hour
[2026-04-30T11:22:17.198Z] [INFO]   - Plan transition: Daily at 2:00 AM
[2026-04-30T11:22:17.198Z] [INFO]   - Subscription lifecycle + emails: Every hour
[2026-04-30T11:22:17.198Z] [INFO]   - Payment status sync: Daily at 1:00 AM
[2026-04-30T11:22:17.199Z] [INFO]   - Reminder emails (7d/3d/final): Daily at 9:00 AM
[2026-04-30T11:22:17.199Z] [INFO]   - Deletion logs cleanup: Daily at 3:30 AM
[2026-04-30T11:22:17.199Z] [INFO]   - Inventory expiry checks + alerts: Daily at 6:00 AM
[2026-04-30T11:22:17.199Z] [INFO]   - Incomplete users cleanup: Daily at 3:15 AM
[2026-04-30T11:22:17.199Z] [INFO]   - OTP daily limits cleanup: Daily at 3:45 AM
[2026-04-30T11:22:17.199Z] [INFO]   - Pending users cleanup: Daily at 3:00 AM
[2026-04-30T11:22:17.199Z] [INFO]   - Scheduled broadcasts: Every 5 minutes
[2026-04-30T11:22:20.857Z] [INFO] Initializing cron jobs...
[2026-04-30T11:22:20.857Z] [INFO] Instance ID: DESKTOP-I1JLQUS-25568-7559a493
[2026-04-30T11:22:20.862Z] [INFO] [Email Cron] Email broadcast worker initialized (every 1 minute)
[2026-04-30T11:22:20.865Z] [INFO] [File Cleanup] Email attachment cleanup worker initialized (daily at 4:00 AM)
[2026-04-30T11:22:20.857Z] [INFO] Distributed locking: ENABLED
[2026-04-30T11:22:20.865Z] [INFO] Email file cleanup: Daily at 4:00 AM
[2026-04-30T11:22:20.865Z] [INFO] Email broadcast worker: Every 1 minute
[2026-04-30T11:22:20.868Z] [INFO] Plan transition job scheduled (daily at 2:00 AM)
[2026-04-30T11:22:20.871Z] [INFO] Subscription lifecycle job scheduled (every hour)
[2026-04-30T11:22:20.874Z] [INFO] Payment status sync job scheduled (daily at 1:00 AM)
[2026-04-30T11:22:20.877Z] [INFO] Reminder job scheduled (daily at 9:00 AM)
[2026-04-30T11:22:20.880Z] [INFO] Inventory expiry job scheduled (daily at 6:00 AM)
[2026-04-30T11:22:20.882Z] [INFO] Scheduled broadcasts job initialized (every 5 minutes)
[2026-04-30T11:22:20.891Z] [INFO] All cron jobs initialized:
[2026-04-30T11:22:20.891Z] [INFO]   - Session cleanup: Every hour
[2026-04-30T11:22:20.891Z] [INFO]   - Subscription lifecycle + emails: Every hour
[2026-04-30T11:22:20.891Z] [INFO]   - Payment status sync: Daily at 1:00 AM
[2026-04-30T11:22:20.891Z] [INFO]   - Inventory expiry checks + alerts: Daily at 6:00 AM
[2026-04-30T11:22:20.891Z] [INFO]   - Pending users cleanup: Daily at 3:00 AM
[2026-04-30T11:22:20.891Z] [INFO]   - Reminder emails (7d/3d/final): Daily at 9:00 AM
[2026-04-30T11:22:20.891Z] [INFO]   - Incomplete users cleanup: Daily at 3:15 AM
[2026-04-30T11:22:20.891Z] [INFO]   - Deletion logs cleanup: Daily at 3:30 AM
[2026-04-30T11:22:20.891Z] [INFO]   - OTP daily limits cleanup: Daily at 3:45 AM
[2026-04-30T11:22:20.891Z] [INFO]   - Scheduled broadcasts: Every 5 minutes
[2026-04-30T11:22:20.891Z] [INFO]   - Plan transition: Daily at 2:00 AM
[2026-04-30T11:22:24.828Z] [INFO] Initializing cron jobs...
[2026-04-30T11:22:24.828Z] [INFO] Instance ID: DESKTOP-I1JLQUS-4660-4b62590e
[2026-04-30T11:22:24.833Z] [INFO] [Email Cron] Email broadcast worker initialized (every 1 minute)
[2026-04-30T11:22:24.828Z] [INFO] Distributed locking: ENABLED
[2026-04-30T11:22:24.836Z] [INFO] Email broadcast worker: Every 1 minute
[2026-04-30T11:22:24.836Z] [INFO] [File Cleanup] Email attachment cleanup worker initialized (daily at 4:00 AM)
[2026-04-30T11:22:24.839Z] [INFO] Plan transition job scheduled (daily at 2:00 AM)
[2026-04-30T11:22:24.836Z] [INFO] Email file cleanup: Daily at 4:00 AM
[2026-04-30T11:22:24.841Z] [INFO] Subscription lifecycle job scheduled (every hour)
[2026-04-30T11:22:24.844Z] [INFO] Payment status sync job scheduled (daily at 1:00 AM)
[2026-04-30T11:22:24.846Z] [INFO] Reminder job scheduled (daily at 9:00 AM)
[2026-04-30T11:22:24.852Z] [INFO] Inventory expiry job scheduled (daily at 6:00 AM)
[2026-04-30T11:22:24.855Z] [INFO] Scheduled broadcasts job initialized (every 5 minutes)
[2026-04-30T11:22:24.867Z] [INFO] All cron jobs initialized:
[2026-04-30T11:22:24.868Z] [INFO]   - Session cleanup: Every hour
[2026-04-30T11:22:24.868Z] [INFO]   - Payment status sync: Daily at 1:00 AM
[2026-04-30T11:22:24.868Z] [INFO]   - Plan transition: Daily at 2:00 AM
[2026-04-30T11:22:24.868Z] [INFO]   - Subscription lifecycle + emails: Every hour
[2026-04-30T11:22:24.868Z] [INFO]   - Inventory expiry checks + alerts: Daily at 6:00 AM
[2026-04-30T11:22:24.868Z] [INFO]   - Pending users cleanup: Daily at 3:00 AM
[2026-04-30T11:22:24.868Z] [INFO]   - Reminder emails (7d/3d/final): Daily at 9:00 AM
[2026-04-30T11:22:24.868Z] [INFO]   - Incomplete users cleanup: Daily at 3:15 AM
[2026-04-30T11:22:24.868Z] [INFO]   - Deletion logs cleanup: Daily at 3:30 AM
[2026-04-30T11:22:24.868Z] [INFO]   - OTP daily limits cleanup: Daily at 3:45 AM
[2026-04-30T11:22:24.868Z] [INFO]   - Scheduled broadcasts: Every 5 minutes
[2026-04-30T11:22:29.747Z] [INFO] Instance ID: DESKTOP-I1JLQUS-12060-12d1c04f
[2026-04-30T11:22:29.747Z] [INFO] Distributed locking: ENABLED
[2026-04-30T11:22:29.747Z] [INFO] Initializing cron jobs...
[2026-04-30T11:22:29.756Z] [INFO] [File Cleanup] Email attachment cleanup worker initialized (daily at 4:00 AM)
[2026-04-30T11:22:29.752Z] [INFO] [Email Cron] Email broadcast worker initialized (every 1 minute)
[2026-04-30T11:22:29.756Z] [INFO] Email file cleanup: Daily at 4:00 AM
[2026-04-30T11:22:29.756Z] [INFO] Email broadcast worker: Every 1 minute
[2026-04-30T11:22:29.759Z] [INFO] Plan transition job scheduled (daily at 2:00 AM)
[2026-04-30T11:22:29.761Z] [INFO] Subscription lifecycle job scheduled (every hour)
[2026-04-30T11:22:29.763Z] [INFO] Payment status sync job scheduled (daily at 1:00 AM)
[2026-04-30T11:22:29.770Z] [INFO] Scheduled broadcasts job initialized (every 5 minutes)
[2026-04-30T11:22:29.781Z] [INFO] All cron jobs initialized:
[2026-04-30T11:22:29.765Z] [INFO] Reminder job scheduled (daily at 9:00 AM)
[2026-04-30T11:22:29.781Z] [INFO]   - Plan transition: Daily at 2:00 AM
[2026-04-30T11:22:29.768Z] [INFO] Inventory expiry job scheduled (daily at 6:00 AM)
[2026-04-30T11:22:29.781Z] [INFO]   - Subscription lifecycle + emails: Every hour
[2026-04-30T11:22:29.781Z] [INFO]   - Inventory expiry checks + alerts: Daily at 6:00 AM
[2026-04-30T11:22:29.781Z] [INFO]   - Session cleanup: Every hour
[2026-04-30T11:22:29.781Z] [INFO]   - Incomplete users cleanup: Daily at 3:15 AM
[2026-04-30T11:22:29.781Z] [INFO]   - Deletion logs cleanup: Daily at 3:30 AM
[2026-04-30T11:22:29.781Z] [INFO]   - Reminder emails (7d/3d/final): Daily at 9:00 AM
[2026-04-30T11:22:29.781Z] [INFO]   - Payment status sync: Daily at 1:00 AM
[2026-04-30T11:22:29.781Z] [INFO]   - OTP daily limits cleanup: Daily at 3:45 AM
[2026-04-30T11:22:29.781Z] [INFO]   - Scheduled broadcasts: Every 5 minutes
[2026-04-30T11:22:29.781Z] [INFO]   - Pending users cleanup: Daily at 3:00 AM
[2026-04-30T11:22:34.827Z] [INFO] Initializing cron jobs...
[2026-04-30T11:22:34.828Z] [INFO] Instance ID: DESKTOP-I1JLQUS-1848-0826e11f
[2026-04-30T11:22:34.828Z] [INFO] Distributed locking: ENABLED
[2026-04-30T11:22:34.848Z] [INFO] Email broadcast worker: Every 1 minute
[2026-04-30T11:22:34.839Z] [INFO] [Email Cron] Email broadcast worker initialized (every 1 minute)
[2026-04-30T11:22:34.848Z] [INFO] Email file cleanup: Daily at 4:00 AM
[2026-04-30T11:22:34.853Z] [INFO] Plan transition job scheduled (daily at 2:00 AM)
[2026-04-30T11:22:34.847Z] [INFO] [File Cleanup] Email attachment cleanup worker initialized (daily at 4:00 AM)
[2026-04-30T11:22:34.861Z] [INFO] Subscription lifecycle job scheduled (every hour)
[2026-04-30T11:22:34.866Z] [INFO] Payment status sync job scheduled (daily at 1:00 AM)
[2026-04-30T11:22:34.870Z] [INFO] Reminder job scheduled (daily at 9:00 AM)
[2026-04-30T11:22:34.879Z] [INFO] Inventory expiry job scheduled (daily at 6:00 AM)
[2026-04-30T11:22:34.882Z] [INFO] Scheduled broadcasts job initialized (every 5 minutes)
[2026-04-30T11:22:34.895Z] [INFO] All cron jobs initialized:
[2026-04-30T11:22:34.895Z] [INFO]   - Plan transition: Daily at 2:00 AM
[2026-04-30T11:22:34.895Z] [INFO]   - Session cleanup: Every hour
[2026-04-30T11:22:34.895Z] [INFO]   - Subscription lifecycle + emails: Every hour
[2026-04-30T11:22:34.895Z] [INFO]   - Inventory expiry checks + alerts: Daily at 6:00 AM
[2026-04-30T11:22:34.895Z] [INFO]   - Reminder emails (7d/3d/final): Daily at 9:00 AM
[2026-04-30T11:22:34.895Z] [INFO]   - Payment status sync: Daily at 1:00 AM
[2026-04-30T11:22:34.895Z] [INFO]   - Pending users cleanup: Daily at 3:00 AM
[2026-04-30T11:22:34.895Z] [INFO]   - Incomplete users cleanup: Daily at 3:15 AM
[2026-04-30T11:22:34.895Z] [INFO]   - Deletion logs cleanup: Daily at 3:30 AM
[2026-04-30T11:22:34.895Z] [INFO]   - Scheduled broadcasts: Every 5 minutes
[2026-04-30T11:22:34.895Z] [INFO]   - OTP daily limits cleanup: Daily at 3:45 AM
[2026-04-30T11:22:39.515Z] [INFO] Initializing cron jobs...
[2026-04-30T11:22:39.516Z] [INFO] Distributed locking: ENABLED
[2026-04-30T11:22:39.516Z] [INFO] Instance ID: DESKTOP-I1JLQUS-4652-c6377c76
[2026-04-30T11:22:39.523Z] [INFO] [File Cleanup] Email attachment cleanup worker initialized (daily at 4:00 AM)
[2026-04-30T11:22:39.520Z] [INFO] [Email Cron] Email broadcast worker initialized (every 1 minute)
[2026-04-30T11:22:39.523Z] [INFO] Email file cleanup: Daily at 4:00 AM
[2026-04-30T11:22:39.525Z] [INFO] Plan transition job scheduled (daily at 2:00 AM)
[2026-04-30T11:22:39.523Z] [INFO] Email broadcast worker: Every 1 minute
[2026-04-30T11:22:39.528Z] [INFO] Subscription lifecycle job scheduled (every hour)
[2026-04-30T11:22:39.530Z] [INFO] Payment status sync job scheduled (daily at 1:00 AM)
[2026-04-30T11:22:39.536Z] [INFO] Inventory expiry job scheduled (daily at 6:00 AM)
[2026-04-30T11:22:39.533Z] [INFO] Reminder job scheduled (daily at 9:00 AM)
[2026-04-30T11:22:39.540Z] [INFO] Scheduled broadcasts job initialized (every 5 minutes)
[2026-04-30T11:22:39.560Z] [INFO]   - Subscription lifecycle + emails: Every hour
[2026-04-30T11:22:39.561Z] [INFO]   - Payment status sync: Daily at 1:00 AM
[2026-04-30T11:22:39.560Z] [INFO] All cron jobs initialized:
[2026-04-30T11:22:39.560Z] [INFO]   - Session cleanup: Every hour
[2026-04-30T11:22:39.560Z] [INFO]   - Plan transition: Daily at 2:00 AM
[2026-04-30T11:22:39.561Z] [INFO]   - Reminder emails (7d/3d/final): Daily at 9:00 AM
[2026-04-30T11:22:39.561Z] [INFO]   - Inventory expiry checks + alerts: Daily at 6:00 AM
[2026-04-30T11:22:39.561Z] [INFO]   - Incomplete users cleanup: Daily at 3:15 AM
[2026-04-30T11:22:39.561Z] [INFO]   - Pending users cleanup: Daily at 3:00 AM
[2026-04-30T11:22:39.561Z] [INFO]   - Deletion logs cleanup: Daily at 3:30 AM
[2026-04-30T11:22:39.561Z] [INFO]   - OTP daily limits cleanup: Daily at 3:45 AM
[2026-04-30T11:22:39.561Z] [INFO]   - Scheduled broadcasts: Every 5 minutes
[2026-04-30T11:22:43.204Z] [INFO] Initializing cron jobs...
[2026-04-30T11:22:43.204Z] [INFO] Instance ID: DESKTOP-I1JLQUS-20628-30fd71b0
[2026-04-30T11:22:43.204Z] [INFO] Distributed locking: ENABLED
[2026-04-30T11:22:43.212Z] [INFO] [File Cleanup] Email attachment cleanup worker initialized (daily at 4:00 AM)
[2026-04-30T11:22:43.210Z] [INFO] [Email Cron] Email broadcast worker initialized (every 1 minute)
[2026-04-30T11:22:43.218Z] [INFO] Subscription lifecycle job scheduled (every hour)
[2026-04-30T11:22:43.213Z] [INFO] Email file cleanup: Daily at 4:00 AM
[2026-04-30T11:22:43.221Z] [INFO] Payment status sync job scheduled (daily at 1:00 AM)
[2026-04-30T11:22:43.224Z] [INFO] Reminder job scheduled (daily at 9:00 AM)
[2026-04-30T11:22:43.227Z] [INFO] Inventory expiry job scheduled (daily at 6:00 AM)
[2026-04-30T11:22:43.213Z] [INFO] Email broadcast worker: Every 1 minute
[2026-04-30T11:22:43.229Z] [INFO] Scheduled broadcasts job initialized (every 5 minutes)
[2026-04-30T11:22:43.215Z] [INFO] Plan transition job scheduled (daily at 2:00 AM)
[2026-04-30T11:22:43.241Z] [INFO]   - Session cleanup: Every hour
[2026-04-30T11:22:43.241Z] [INFO]   - Plan transition: Daily at 2:00 AM
[2026-04-30T11:22:43.241Z] [INFO] All cron jobs initialized:
[2026-04-30T11:22:43.241Z] [INFO]   - Payment status sync: Daily at 1:00 AM
[2026-04-30T11:22:43.241Z] [INFO]   - Subscription lifecycle + emails: Every hour
[2026-04-30T11:22:43.241Z] [INFO]   - Inventory expiry checks + alerts: Daily at 6:00 AM
[2026-04-30T11:22:43.241Z] [INFO]   - Incomplete users cleanup: Daily at 3:15 AM
[2026-04-30T11:22:43.241Z] [INFO]   - OTP daily limits cleanup: Daily at 3:45 AM
[2026-04-30T11:22:43.241Z] [INFO]   - Scheduled broadcasts: Every 5 minutes
[2026-04-30T11:22:43.241Z] [INFO]   - Deletion logs cleanup: Daily at 3:30 AM
[2026-04-30T11:22:43.241Z] [INFO]   - Reminder emails (7d/3d/final): Daily at 9:00 AM
[2026-04-30T11:22:43.241Z] [INFO]   - Pending users cleanup: Daily at 3:00 AM
[2026-04-30T11:22:49.081Z] [INFO] Initializing cron jobs...
[2026-04-30T11:22:49.082Z] [INFO] Instance ID: DESKTOP-I1JLQUS-11164-2ac4d761
[2026-04-30T11:22:49.086Z] [INFO] [Email Cron] Email broadcast worker initialized (every 1 minute)
[2026-04-30T11:22:49.082Z] [INFO] Distributed locking: ENABLED
[2026-04-30T11:22:49.087Z] [INFO] Email broadcast worker: Every 1 minute
[2026-04-30T11:22:49.087Z] [INFO] Email file cleanup: Daily at 4:00 AM
[2026-04-30T11:22:49.091Z] [INFO] Subscription lifecycle job scheduled (every hour)
[2026-04-30T11:22:49.089Z] [INFO] Plan transition job scheduled (daily at 2:00 AM)
[2026-04-30T11:22:49.087Z] [INFO] [File Cleanup] Email attachment cleanup worker initialized (daily at 4:00 AM)
[2026-04-30T11:22:49.093Z] [INFO] Payment status sync job scheduled (daily at 1:00 AM)
[2026-04-30T11:22:49.095Z] [INFO] Reminder job scheduled (daily at 9:00 AM)
[2026-04-30T11:22:49.097Z] [INFO] Inventory expiry job scheduled (daily at 6:00 AM)
[2026-04-30T11:22:49.099Z] [INFO] Scheduled broadcasts job initialized (every 5 minutes)
[2026-04-30T11:22:49.106Z] [INFO]   - Session cleanup: Every hour
[2026-04-30T11:22:49.106Z] [INFO] All cron jobs initialized:
[2026-04-30T11:22:49.106Z] [INFO]   - Plan transition: Daily at 2:00 AM
[2026-04-30T11:22:49.106Z] [INFO]   - Subscription lifecycle + emails: Every hour
[2026-04-30T11:22:49.106Z] [INFO]   - Inventory expiry checks + alerts: Daily at 6:00 AM
[2026-04-30T11:22:49.106Z] [INFO]   - Payment status sync: Daily at 1:00 AM
[2026-04-30T11:22:49.106Z] [INFO]   - Pending users cleanup: Daily at 3:00 AM
[2026-04-30T11:22:49.106Z] [INFO]   - Reminder emails (7d/3d/final): Daily at 9:00 AM
[2026-04-30T11:22:49.106Z] [INFO]   - Incomplete users cleanup: Daily at 3:15 AM
[2026-04-30T11:22:49.106Z] [INFO]   - Deletion logs cleanup: Daily at 3:30 AM
[2026-04-30T11:22:49.106Z] [INFO]   - OTP daily limits cleanup: Daily at 3:45 AM
[2026-04-30T11:22:49.106Z] [INFO]   - Scheduled broadcasts: Every 5 minutes
[2026-04-30T11:22:53.315Z] [INFO] Initializing cron jobs...
[2026-04-30T11:22:53.316Z] [INFO] Instance ID: DESKTOP-I1JLQUS-13300-d2bdd5dc
[2026-04-30T11:22:53.316Z] [INFO] Distributed locking: ENABLED
[2026-04-30T11:22:53.325Z] [INFO] [File Cleanup] Email attachment cleanup worker initialized (daily at 4:00 AM)
[2026-04-30T11:22:53.330Z] [INFO] Plan transition job scheduled (daily at 2:00 AM)
[2026-04-30T11:22:53.323Z] [INFO] [Email Cron] Email broadcast worker initialized (every 1 minute)
[2026-04-30T11:22:53.325Z] [INFO] Email broadcast worker: Every 1 minute
[2026-04-30T11:22:53.325Z] [INFO] Email file cleanup: Daily at 4:00 AM
[2026-04-30T11:22:53.332Z] [INFO] Subscription lifecycle job scheduled (every hour)
[2026-04-30T11:22:53.340Z] [INFO] Reminder job scheduled (daily at 9:00 AM)
[2026-04-30T11:22:53.334Z] [INFO] Payment status sync job scheduled (daily at 1:00 AM)
[2026-04-30T11:22:53.355Z] [INFO] Scheduled broadcasts job initialized (every 5 minutes)
[2026-04-30T11:22:53.346Z] [INFO] Inventory expiry job scheduled (daily at 6:00 AM)
[2026-04-30T11:22:53.365Z] [INFO] All cron jobs initialized:
[2026-04-30T11:22:53.365Z] [INFO]   - Session cleanup: Every hour
[2026-04-30T11:22:53.365Z] [INFO]   - Plan transition: Daily at 2:00 AM
[2026-04-30T11:22:53.365Z] [INFO]   - Subscription lifecycle + emails: Every hour
[2026-04-30T11:22:53.365Z] [INFO]   - Payment status sync: Daily at 1:00 AM
[2026-04-30T11:22:53.365Z] [INFO]   - Inventory expiry checks + alerts: Daily at 6:00 AM
[2026-04-30T11:22:53.365Z] [INFO]   - Reminder emails (7d/3d/final): Daily at 9:00 AM
[2026-04-30T11:22:53.365Z] [INFO]   - Pending users cleanup: Daily at 3:00 AM
[2026-04-30T11:22:53.365Z] [INFO]   - Incomplete users cleanup: Daily at 3:15 AM
[2026-04-30T11:22:53.365Z] [INFO]   - Scheduled broadcasts: Every 5 minutes
[2026-04-30T11:22:53.365Z] [INFO]   - OTP daily limits cleanup: Daily at 3:45 AM
[2026-04-30T11:22:53.365Z] [INFO]   - Deletion logs cleanup: Daily at 3:30 AM
[2026-04-30T11:23:02.351Z] [INFO] Initializing cron jobs...
[2026-04-30T11:23:02.351Z] [INFO] Distributed locking: ENABLED
[2026-04-30T11:23:02.351Z] [INFO] Instance ID: DESKTOP-I1JLQUS-19696-d1c1bdff
[2026-04-30T11:23:02.358Z] [INFO] [File Cleanup] Email attachment cleanup worker initialized (daily at 4:00 AM)
[2026-04-30T11:23:02.356Z] [INFO] [Email Cron] Email broadcast worker initialized (every 1 minute)
[2026-04-30T11:23:02.358Z] [INFO] Email broadcast worker: Every 1 minute
[2026-04-30T11:23:02.360Z] [INFO] Plan transition job scheduled (daily at 2:00 AM)
[2026-04-30T11:23:02.363Z] [INFO] Subscription lifecycle job scheduled (every hour)
[2026-04-30T11:23:02.358Z] [INFO] Email file cleanup: Daily at 4:00 AM
[2026-04-30T11:23:02.367Z] [INFO] Payment status sync job scheduled (daily at 1:00 AM)
[2026-04-30T11:23:02.371Z] [INFO] Reminder job scheduled (daily at 9:00 AM)
[2026-04-30T11:23:02.373Z] [INFO] Inventory expiry job scheduled (daily at 6:00 AM)
[2026-04-30T11:23:02.376Z] [INFO] Scheduled broadcasts job initialized (every 5 minutes)
[2026-04-30T11:23:02.386Z] [INFO] All cron jobs initialized:
[2026-04-30T11:23:02.386Z] [INFO]   - Session cleanup: Every hour
[2026-04-30T11:23:02.386Z] [INFO]   - Plan transition: Daily at 2:00 AM
[2026-04-30T11:23:02.386Z] [INFO]   - Payment status sync: Daily at 1:00 AM
[2026-04-30T11:23:02.386Z] [INFO]   - Subscription lifecycle + emails: Every hour
[2026-04-30T11:23:02.386Z] [INFO]   - Inventory expiry checks + alerts: Daily at 6:00 AM
[2026-04-30T11:23:02.386Z] [INFO]   - Pending users cleanup: Daily at 3:00 AM
[2026-04-30T11:23:02.386Z] [INFO]   - Reminder emails (7d/3d/final): Daily at 9:00 AM
[2026-04-30T11:23:02.386Z] [INFO]   - OTP daily limits cleanup: Daily at 3:45 AM
[2026-04-30T11:23:02.386Z] [INFO]   - Scheduled broadcasts: Every 5 minutes
[2026-04-30T11:23:02.386Z] [INFO]   - Incomplete users cleanup: Daily at 3:15 AM
[2026-04-30T11:23:02.386Z] [INFO]   - Deletion logs cleanup: Daily at 3:30 AM
[2026-04-30T11:23:06.824Z] [INFO] Initializing cron jobs...
[2026-04-30T11:23:06.825Z] [INFO] Instance ID: DESKTOP-I1JLQUS-18612-2a1dd7bc
[2026-04-30T11:23:06.825Z] [INFO] Distributed locking: ENABLED
[2026-04-30T11:23:06.837Z] [INFO] [Email Cron] Email broadcast worker initialized (every 1 minute)
[2026-04-30T11:23:06.840Z] [INFO] Email broadcast worker: Every 1 minute
[2026-04-30T11:23:06.840Z] [INFO] [File Cleanup] Email attachment cleanup worker initialized (daily at 4:00 AM)
[2026-04-30T11:23:06.840Z] [INFO] Email file cleanup: Daily at 4:00 AM
[2026-04-30T11:23:06.843Z] [INFO] Plan transition job scheduled (daily at 2:00 AM)
[2026-04-30T11:23:06.845Z] [INFO] Subscription lifecycle job scheduled (every hour)
[2026-04-30T11:23:06.846Z] [INFO] Payment status sync job scheduled (daily at 1:00 AM)
[2026-04-30T11:23:06.849Z] [INFO] Reminder job scheduled (daily at 9:00 AM)
[2026-04-30T11:23:06.850Z] [INFO] Inventory expiry job scheduled (daily at 6:00 AM)
[2026-04-30T11:23:06.852Z] [INFO] Scheduled broadcasts job initialized (every 5 minutes)
[2026-04-30T11:23:06.866Z] [INFO] All cron jobs initialized:
[2026-04-30T11:23:06.866Z] [INFO]   - Plan transition: Daily at 2:00 AM
[2026-04-30T11:23:06.866Z] [INFO]   - Subscription lifecycle + emails: Every hour
[2026-04-30T11:23:06.866Z] [INFO]   - Session cleanup: Every hour
[2026-04-30T11:23:06.866Z] [INFO]   - Payment status sync: Daily at 1:00 AM
[2026-04-30T11:23:06.866Z] [INFO]   - Inventory expiry checks + alerts: Daily at 6:00 AM
[2026-04-30T11:23:06.866Z] [INFO]   - Pending users cleanup: Daily at 3:00 AM
[2026-04-30T11:23:06.866Z] [INFO]   - Reminder emails (7d/3d/final): Daily at 9:00 AM
[2026-04-30T11:23:06.866Z] [INFO]   - Incomplete users cleanup: Daily at 3:15 AM
[2026-04-30T11:23:06.866Z] [INFO]   - Deletion logs cleanup: Daily at 3:30 AM
[2026-04-30T11:23:06.866Z] [INFO]   - Scheduled broadcasts: Every 5 minutes
[2026-04-30T11:23:06.866Z] [INFO]   - OTP daily limits cleanup: Daily at 3:45 AM
[2026-04-30T11:23:10.668Z] [INFO] Initializing cron jobs...
[2026-04-30T11:23:10.669Z] [INFO] Distributed locking: ENABLED
[2026-04-30T11:23:10.669Z] [INFO] Instance ID: DESKTOP-I1JLQUS-12568-7d0e50a5
[2026-04-30T11:23:10.677Z] [INFO] Email broadcast worker: Every 1 minute
[2026-04-30T11:23:10.674Z] [INFO] [Email Cron] Email broadcast worker initialized (every 1 minute)
[2026-04-30T11:23:10.679Z] [INFO] Plan transition job scheduled (daily at 2:00 AM)
[2026-04-30T11:23:10.677Z] [INFO] Email file cleanup: Daily at 4:00 AM
[2026-04-30T11:23:10.677Z] [INFO] [File Cleanup] Email attachment cleanup worker initialized (daily at 4:00 AM)
[2026-04-30T11:23:10.682Z] [INFO] Subscription lifecycle job scheduled (every hour)
[2026-04-30T11:23:10.685Z] [INFO] Payment status sync job scheduled (daily at 1:00 AM)
[2026-04-30T11:23:10.686Z] [INFO] Reminder job scheduled (daily at 9:00 AM)
[2026-04-30T11:23:10.689Z] [INFO] Inventory expiry job scheduled (daily at 6:00 AM)
[2026-04-30T11:23:10.691Z] [INFO] Scheduled broadcasts job initialized (every 5 minutes)
[2026-04-30T11:23:10.698Z] [INFO]   - Session cleanup: Every hour
[2026-04-30T11:23:10.698Z] [INFO] All cron jobs initialized:
[2026-04-30T11:23:10.698Z] [INFO]   - Subscription lifecycle + emails: Every hour
[2026-04-30T11:23:10.698Z] [INFO]   - Plan transition: Daily at 2:00 AM
[2026-04-30T11:23:10.698Z] [INFO]   - Payment status sync: Daily at 1:00 AM
[2026-04-30T11:23:10.698Z] [INFO]   - Reminder emails (7d/3d/final): Daily at 9:00 AM
[2026-04-30T11:23:10.698Z] [INFO]   - Inventory expiry checks + alerts: Daily at 6:00 AM
[2026-04-30T11:23:10.698Z] [INFO]   - Pending users cleanup: Daily at 3:00 AM
[2026-04-30T11:23:10.698Z] [INFO]   - Incomplete users cleanup: Daily at 3:15 AM
[2026-04-30T11:23:10.698Z] [INFO]   - Scheduled broadcasts: Every 5 minutes
[2026-04-30T11:23:10.698Z] [INFO]   - Deletion logs cleanup: Daily at 3:30 AM
[2026-04-30T11:23:10.698Z] [INFO]   - OTP daily limits cleanup: Daily at 3:45 AM
[2026-04-30T11:23:15.478Z] [INFO] Instance ID: DESKTOP-I1JLQUS-10108-61337ab6
[2026-04-30T11:23:15.477Z] [INFO] Initializing cron jobs...
[2026-04-30T11:23:15.478Z] [INFO] Distributed locking: ENABLED
[2026-04-30T11:23:15.485Z] [INFO] [File Cleanup] Email attachment cleanup worker initialized (daily at 4:00 AM)
[2026-04-30T11:23:15.491Z] [INFO] Plan transition job scheduled (daily at 2:00 AM)
[2026-04-30T11:23:15.486Z] [INFO] Email file cleanup: Daily at 4:00 AM
[2026-04-30T11:23:15.493Z] [INFO] Subscription lifecycle job scheduled (every hour)
[2026-04-30T11:23:15.497Z] [INFO] Payment status sync job scheduled (daily at 1:00 AM)
[2026-04-30T11:23:15.486Z] [INFO] Email broadcast worker: Every 1 minute
[2026-04-30T11:23:15.483Z] [INFO] [Email Cron] Email broadcast worker initialized (every 1 minute)
[2026-04-30T11:23:15.501Z] [INFO] Reminder job scheduled (daily at 9:00 AM)
[2026-04-30T11:23:15.504Z] [INFO] Inventory expiry job scheduled (daily at 6:00 AM)
[2026-04-30T11:23:15.506Z] [INFO] Scheduled broadcasts job initialized (every 5 minutes)
[2026-04-30T11:23:15.518Z] [INFO]   - Session cleanup: Every hour
[2026-04-30T11:23:15.518Z] [INFO] All cron jobs initialized:
[2026-04-30T11:23:15.518Z] [INFO]   - Subscription lifecycle + emails: Every hour
[2026-04-30T11:23:15.518Z] [INFO]   - Plan transition: Daily at 2:00 AM
[2026-04-30T11:23:15.518Z] [INFO]   - Inventory expiry checks + alerts: Daily at 6:00 AM
[2026-04-30T11:23:15.518Z] [INFO]   - Payment status sync: Daily at 1:00 AM
[2026-04-30T11:23:15.518Z] [INFO]   - Reminder emails (7d/3d/final): Daily at 9:00 AM
[2026-04-30T11:23:15.518Z] [INFO]   - Incomplete users cleanup: Daily at 3:15 AM
[2026-04-30T11:23:15.518Z] [INFO]   - Pending users cleanup: Daily at 3:00 AM
[2026-04-30T11:23:15.518Z] [INFO]   - Deletion logs cleanup: Daily at 3:30 AM
[2026-04-30T11:23:15.518Z] [INFO]   - OTP daily limits cleanup: Daily at 3:45 AM
[2026-04-30T11:23:15.518Z] [INFO]   - Scheduled broadcasts: Every 5 minutes
[2026-04-30T11:23:18.851Z] [INFO] Initializing cron jobs...
[2026-04-30T11:23:18.852Z] [INFO] Instance ID: DESKTOP-I1JLQUS-21520-3e0c18bf
[2026-04-30T11:23:18.852Z] [INFO] Distributed locking: ENABLED
[2026-04-30T11:23:18.863Z] [INFO] Email broadcast worker: Every 1 minute
[2026-04-30T11:23:18.859Z] [INFO] [Email Cron] Email broadcast worker initialized (every 1 minute)
[2026-04-30T11:23:18.863Z] [INFO] Email file cleanup: Daily at 4:00 AM
[2026-04-30T11:23:18.863Z] [INFO] [File Cleanup] Email attachment cleanup worker initialized (daily at 4:00 AM)
[2026-04-30T11:23:18.876Z] [INFO] Payment status sync job scheduled (daily at 1:00 AM)
[2026-04-30T11:23:18.872Z] [INFO] Subscription lifecycle job scheduled (every hour)
[2026-04-30T11:23:18.880Z] [INFO] Reminder job scheduled (daily at 9:00 AM)
[2026-04-30T11:23:18.868Z] [INFO] Plan transition job scheduled (daily at 2:00 AM)
[2026-04-30T11:23:18.886Z] [INFO] Scheduled broadcasts job initialized (every 5 minutes)
[2026-04-30T11:23:18.883Z] [INFO] Inventory expiry job scheduled (daily at 6:00 AM)
[2026-04-30T11:23:18.896Z] [INFO] All cron jobs initialized:
[2026-04-30T11:23:18.896Z] [INFO]   - Session cleanup: Every hour
[2026-04-30T11:23:18.896Z] [INFO]   - Payment status sync: Daily at 1:00 AM
[2026-04-30T11:23:18.896Z] [INFO]   - Inventory expiry checks + alerts: Daily at 6:00 AM
[2026-04-30T11:23:18.896Z] [INFO]   - Plan transition: Daily at 2:00 AM
[2026-04-30T11:23:18.896Z] [INFO]   - Subscription lifecycle + emails: Every hour
[2026-04-30T11:23:18.896Z] [INFO]   - Reminder emails (7d/3d/final): Daily at 9:00 AM
[2026-04-30T11:23:18.896Z] [INFO]   - Pending users cleanup: Daily at 3:00 AM
[2026-04-30T11:23:18.896Z] [INFO]   - Incomplete users cleanup: Daily at 3:15 AM
[2026-04-30T11:23:18.896Z] [INFO]   - Scheduled broadcasts: Every 5 minutes
[2026-04-30T11:23:18.896Z] [INFO]   - Deletion logs cleanup: Daily at 3:30 AM
[2026-04-30T11:23:18.896Z] [INFO]   - OTP daily limits cleanup: Daily at 3:45 AM
[2026-04-30T11:23:23.094Z] [INFO] Initializing cron jobs...
[2026-04-30T11:23:23.095Z] [INFO] Distributed locking: ENABLED
[2026-04-30T11:23:23.095Z] [INFO] Instance ID: DESKTOP-I1JLQUS-11852-fa91d89f
[2026-04-30T11:23:23.109Z] [INFO] Email file cleanup: Daily at 4:00 AM
[2026-04-30T11:23:23.109Z] [INFO] [File Cleanup] Email attachment cleanup worker initialized (daily at 4:00 AM)
[2026-04-30T11:23:23.106Z] [INFO] [Email Cron] Email broadcast worker initialized (every 1 minute)
[2026-04-30T11:23:23.109Z] [INFO] Email broadcast worker: Every 1 minute
[2026-04-30T11:23:23.114Z] [INFO] Plan transition job scheduled (daily at 2:00 AM)
[2026-04-30T11:23:23.115Z] [INFO] Subscription lifecycle job scheduled (every hour)
[2026-04-30T11:23:23.118Z] [INFO] Payment status sync job scheduled (daily at 1:00 AM)
[2026-04-30T11:23:23.125Z] [INFO] Scheduled broadcasts job initialized (every 5 minutes)
[2026-04-30T11:23:23.121Z] [INFO] Reminder job scheduled (daily at 9:00 AM)
[2026-04-30T11:23:23.123Z] [INFO] Inventory expiry job scheduled (daily at 6:00 AM)
[2026-04-30T11:23:23.134Z] [INFO]   - Plan transition: Daily at 2:00 AM
[2026-04-30T11:23:23.134Z] [INFO]   - Subscription lifecycle + emails: Every hour
[2026-04-30T11:23:23.134Z] [INFO] All cron jobs initialized:
[2026-04-30T11:23:23.134Z] [INFO]   - Session cleanup: Every hour
[2026-04-30T11:23:23.134Z] [INFO]   - Payment status sync: Daily at 1:00 AM
[2026-04-30T11:23:23.134Z] [INFO]   - Pending users cleanup: Daily at 3:00 AM
[2026-04-30T11:23:23.134Z] [INFO]   - Inventory expiry checks + alerts: Daily at 6:00 AM
[2026-04-30T11:23:23.134Z] [INFO]   - Reminder emails (7d/3d/final): Daily at 9:00 AM
[2026-04-30T11:23:23.134Z] [INFO]   - Deletion logs cleanup: Daily at 3:30 AM
[2026-04-30T11:23:23.134Z] [INFO]   - Incomplete users cleanup: Daily at 3:15 AM
[2026-04-30T11:23:23.134Z] [INFO]   - Scheduled broadcasts: Every 5 minutes
[2026-04-30T11:23:23.134Z] [INFO]   - OTP daily limits cleanup: Daily at 3:45 AM
[2026-04-30T11:23:27.712Z] [INFO] Initializing cron jobs...
[2026-04-30T11:23:27.712Z] [INFO] Distributed locking: ENABLED
[2026-04-30T11:23:27.712Z] [INFO] Instance ID: DESKTOP-I1JLQUS-4224-b1fa502b
[2026-04-30T11:23:27.720Z] [INFO] [File Cleanup] Email attachment cleanup worker initialized (daily at 4:00 AM)
[2026-04-30T11:23:27.718Z] [INFO] [Email Cron] Email broadcast worker initialized (every 1 minute)
[2026-04-30T11:23:27.720Z] [INFO] Email file cleanup: Daily at 4:00 AM
[2026-04-30T11:23:27.720Z] [INFO] Email broadcast worker: Every 1 minute
[2026-04-30T11:23:27.725Z] [INFO] Plan transition job scheduled (daily at 2:00 AM)
[2026-04-30T11:23:27.736Z] [INFO] Reminder job scheduled (daily at 9:00 AM)
[2026-04-30T11:23:27.740Z] [INFO] Inventory expiry job scheduled (daily at 6:00 AM)
[2026-04-30T11:23:27.733Z] [INFO] Payment status sync job scheduled (daily at 1:00 AM)
[2026-04-30T11:23:27.741Z] [INFO] Scheduled broadcasts job initialized (every 5 minutes)
[2026-04-30T11:23:27.728Z] [INFO] Subscription lifecycle job scheduled (every hour)
[2026-04-30T11:23:27.748Z] [INFO]   - Subscription lifecycle + emails: Every hour
[2026-04-30T11:23:27.748Z] [INFO]   - Session cleanup: Every hour
[2026-04-30T11:23:27.748Z] [INFO]   - Plan transition: Daily at 2:00 AM
[2026-04-30T11:23:27.748Z] [INFO]   - Payment status sync: Daily at 1:00 AM
[2026-04-30T11:23:27.748Z] [INFO]   - Inventory expiry checks + alerts: Daily at 6:00 AM
[2026-04-30T11:23:27.748Z] [INFO]   - Reminder emails (7d/3d/final): Daily at 9:00 AM
[2026-04-30T11:23:27.748Z] [INFO] All cron jobs initialized:
[2026-04-30T11:23:27.748Z] [INFO]   - Pending users cleanup: Daily at 3:00 AM
[2026-04-30T11:23:27.748Z] [INFO]   - Incomplete users cleanup: Daily at 3:15 AM
[2026-04-30T11:23:27.748Z] [INFO]   - OTP daily limits cleanup: Daily at 3:45 AM
[2026-04-30T11:23:27.748Z] [INFO]   - Deletion logs cleanup: Daily at 3:30 AM
[2026-04-30T11:23:27.748Z] [INFO]   - Scheduled broadcasts: Every 5 minutes
[2026-04-30T11:24:04.225Z] [INFO] Initializing cron jobs...
[2026-04-30T11:24:04.225Z] [INFO] Instance ID: DESKTOP-I1JLQUS-17852-4755cdac
[2026-04-30T11:24:04.225Z] [INFO] Distributed locking: ENABLED
[2026-04-30T11:24:04.230Z] [INFO] [Email Cron] Email broadcast worker initialized (every 1 minute)
[2026-04-30T11:24:04.232Z] [INFO] [File Cleanup] Email attachment cleanup worker initialized (daily at 4:00 AM)
[2026-04-30T11:24:04.232Z] [INFO] Email file cleanup: Daily at 4:00 AM
[2026-04-30T11:24:04.232Z] [INFO] Email broadcast worker: Every 1 minute
[2026-04-30T11:24:04.234Z] [INFO] Plan transition job scheduled (daily at 2:00 AM)
[2026-04-30T11:24:04.237Z] [INFO] Subscription lifecycle job scheduled (every hour)
[2026-04-30T11:24:04.240Z] [INFO] Payment status sync job scheduled (daily at 1:00 AM)
[2026-04-30T11:24:04.247Z] [INFO] Scheduled broadcasts job initialized (every 5 minutes)
[2026-04-30T11:24:04.242Z] [INFO] Reminder job scheduled (daily at 9:00 AM)
[2026-04-30T11:24:04.245Z] [INFO] Inventory expiry job scheduled (daily at 6:00 AM)
[2026-04-30T11:24:04.257Z] [INFO]   - Plan transition: Daily at 2:00 AM
[2026-04-30T11:24:04.257Z] [INFO]   - Subscription lifecycle + emails: Every hour
[2026-04-30T11:24:04.257Z] [INFO]   - Payment status sync: Daily at 1:00 AM
[2026-04-30T11:24:04.257Z] [INFO]   - Reminder emails (7d/3d/final): Daily at 9:00 AM
[2026-04-30T11:24:04.257Z] [INFO]   - Inventory expiry checks + alerts: Daily at 6:00 AM
[2026-04-30T11:24:04.257Z] [INFO]   - Pending users cleanup: Daily at 3:00 AM
[2026-04-30T11:24:04.257Z] [INFO]   - Session cleanup: Every hour
[2026-04-30T11:24:04.257Z] [INFO]   - Incomplete users cleanup: Daily at 3:15 AM
[2026-04-30T11:24:04.257Z] [INFO]   - Deletion logs cleanup: Daily at 3:30 AM
[2026-04-30T11:24:04.256Z] [INFO] All cron jobs initialized:
[2026-04-30T11:24:04.257Z] [INFO]   - OTP daily limits cleanup: Daily at 3:45 AM
[2026-04-30T11:24:04.257Z] [INFO]   - Scheduled broadcasts: Every 5 minutes
[2026-04-30T11:24:10.636Z] [INFO] Instance ID: DESKTOP-I1JLQUS-24964-fb725c76
[2026-04-30T11:24:10.636Z] [INFO] Distributed locking: ENABLED
[2026-04-30T11:24:10.636Z] [INFO] Initializing cron jobs...
[2026-04-30T11:24:10.640Z] [INFO] [Email Cron] Email broadcast worker initialized (every 1 minute)
[2026-04-30T11:24:10.642Z] [INFO] [File Cleanup] Email attachment cleanup worker initialized (daily at 4:00 AM)
[2026-04-30T11:24:10.642Z] [INFO] Email broadcast worker: Every 1 minute
[2026-04-30T11:24:10.642Z] [INFO] Email file cleanup: Daily at 4:00 AM
[2026-04-30T11:24:10.644Z] [INFO] Plan transition job scheduled (daily at 2:00 AM)
[2026-04-30T11:24:10.646Z] [INFO] Subscription lifecycle job scheduled (every hour)
[2026-04-30T11:24:10.648Z] [INFO] Payment status sync job scheduled (daily at 1:00 AM)
[2026-04-30T11:24:10.650Z] [INFO] Reminder job scheduled (daily at 9:00 AM)
[2026-04-30T11:24:10.652Z] [INFO] Inventory expiry job scheduled (daily at 6:00 AM)
[2026-04-30T11:24:10.654Z] [INFO] Scheduled broadcasts job initialized (every 5 minutes)
[2026-04-30T11:24:10.663Z] [INFO]   - Session cleanup: Every hour
[2026-04-30T11:24:10.663Z] [INFO] All cron jobs initialized:
[2026-04-30T11:24:10.663Z] [INFO]   - Subscription lifecycle + emails: Every hour
[2026-04-30T11:24:10.663Z] [INFO]   - Plan transition: Daily at 2:00 AM
[2026-04-30T11:24:10.663Z] [INFO]   - Inventory expiry checks + alerts: Daily at 6:00 AM
[2026-04-30T11:24:10.663Z] [INFO]   - Payment status sync: Daily at 1:00 AM
[2026-04-30T11:24:10.663Z] [INFO]   - Reminder emails (7d/3d/final): Daily at 9:00 AM
[2026-04-30T11:24:10.663Z] [INFO]   - Pending users cleanup: Daily at 3:00 AM
[2026-04-30T11:24:10.663Z] [INFO]   - Deletion logs cleanup: Daily at 3:30 AM
[2026-04-30T11:24:10.663Z] [INFO]   - Incomplete users cleanup: Daily at 3:15 AM
[2026-04-30T11:24:10.663Z] [INFO]   - Scheduled broadcasts: Every 5 minutes
[2026-04-30T11:24:10.663Z] [INFO]   - OTP daily limits cleanup: Daily at 3:45 AM
[2026-04-30T11:24:24.485Z] [INFO] Initializing cron jobs...
[2026-04-30T11:24:24.486Z] [INFO] Distributed locking: ENABLED
[2026-04-30T11:24:24.495Z] [INFO] [Email Cron] Email broadcast worker initialized (every 1 minute)
[2026-04-30T11:24:24.486Z] [INFO] Instance ID: DESKTOP-I1JLQUS-1780-12208c25
[2026-04-30T11:24:24.497Z] [INFO] [File Cleanup] Email attachment cleanup worker initialized (daily at 4:00 AM)
[2026-04-30T11:24:24.497Z] [INFO] Email broadcast worker: Every 1 minute
[2026-04-30T11:24:24.501Z] [INFO] Plan transition job scheduled (daily at 2:00 AM)
[2026-04-30T11:24:24.497Z] [INFO] Email file cleanup: Daily at 4:00 AM
[2026-04-30T11:24:24.503Z] [INFO] Subscription lifecycle job scheduled (every hour)
[2026-04-30T11:24:24.511Z] [INFO] Reminder job scheduled (daily at 9:00 AM)
[2026-04-30T11:24:24.507Z] [INFO] Payment status sync job scheduled (daily at 1:00 AM)
[2026-04-30T11:24:24.517Z] [INFO] Scheduled broadcasts job initialized (every 5 minutes)
[2026-04-30T11:24:24.516Z] [INFO] Inventory expiry job scheduled (daily at 6:00 AM)
[2026-04-30T11:24:24.528Z] [INFO] All cron jobs initialized:
[2026-04-30T11:24:24.528Z] [INFO]   - Session cleanup: Every hour
[2026-04-30T11:24:24.528Z] [INFO]   - Subscription lifecycle + emails: Every hour
[2026-04-30T11:24:24.528Z] [INFO]   - Inventory expiry checks + alerts: Daily at 6:00 AM
[2026-04-30T11:24:24.528Z] [INFO]   - Plan transition: Daily at 2:00 AM
[2026-04-30T11:24:24.528Z] [INFO]   - Payment status sync: Daily at 1:00 AM
[2026-04-30T11:24:24.528Z] [INFO]   - Reminder emails (7d/3d/final): Daily at 9:00 AM
[2026-04-30T11:24:24.528Z] [INFO]   - Incomplete users cleanup: Daily at 3:15 AM
[2026-04-30T11:24:24.528Z] [INFO]   - Deletion logs cleanup: Daily at 3:30 AM
[2026-04-30T11:24:24.528Z] [INFO]   - OTP daily limits cleanup: Daily at 3:45 AM
[2026-04-30T11:24:24.528Z] [INFO]   - Pending users cleanup: Daily at 3:00 AM
[2026-04-30T11:24:24.528Z] [INFO]   - Scheduled broadcasts: Every 5 minutes
[2026-04-30T11:24:28.634Z] [INFO] Initializing cron jobs...
[2026-04-30T11:24:28.634Z] [INFO] Instance ID: DESKTOP-I1JLQUS-24720-9973ad3c
[2026-04-30T11:24:28.634Z] [INFO] Distributed locking: ENABLED
[2026-04-30T11:24:28.641Z] [INFO] Email broadcast worker: Every 1 minute
[2026-04-30T11:24:28.641Z] [INFO] [File Cleanup] Email attachment cleanup worker initialized (daily at 4:00 AM)
[2026-04-30T11:24:28.640Z] [INFO] [Email Cron] Email broadcast worker initialized (every 1 minute)
[2026-04-30T11:24:28.646Z] [INFO] Plan transition job scheduled (daily at 2:00 AM)
[2026-04-30T11:24:28.648Z] [INFO] Subscription lifecycle job scheduled (every hour)
[2026-04-30T11:24:28.650Z] [INFO] Payment status sync job scheduled (daily at 1:00 AM)
[2026-04-30T11:24:28.656Z] [INFO] Inventory expiry job scheduled (daily at 6:00 AM)
[2026-04-30T11:24:28.653Z] [INFO] Reminder job scheduled (daily at 9:00 AM)
[2026-04-30T11:24:28.658Z] [INFO] Scheduled broadcasts job initialized (every 5 minutes)
[2026-04-30T11:24:28.666Z] [INFO]   - Plan transition: Daily at 2:00 AM
[2026-04-30T11:24:28.666Z] [INFO]   - Subscription lifecycle + emails: Every hour
[2026-04-30T11:24:28.666Z] [INFO]   - Session cleanup: Every hour
[2026-04-30T11:24:28.666Z] [INFO] All cron jobs initialized:
[2026-04-30T11:24:28.666Z] [INFO]   - Payment status sync: Daily at 1:00 AM
[2026-04-30T11:24:28.666Z] [INFO]   - Inventory expiry checks + alerts: Daily at 6:00 AM
[2026-04-30T11:24:28.666Z] [INFO]   - Pending users cleanup: Daily at 3:00 AM
[2026-04-30T11:24:28.666Z] [INFO]   - Reminder emails (7d/3d/final): Daily at 9:00 AM
[2026-04-30T11:24:28.666Z] [INFO]   - Deletion logs cleanup: Daily at 3:30 AM
[2026-04-30T11:24:28.666Z] [INFO]   - Incomplete users cleanup: Daily at 3:15 AM
[2026-04-30T11:24:28.642Z] [INFO] Email file cleanup: Daily at 4:00 AM
[2026-04-30T11:24:28.666Z] [INFO]   - Scheduled broadcasts: Every 5 minutes
[2026-04-30T11:24:28.666Z] [INFO]   - OTP daily limits cleanup: Daily at 3:45 AM
[2026-04-30T11:24:42.225Z] [INFO] Initializing cron jobs...
[2026-04-30T11:24:42.225Z] [INFO] Instance ID: DESKTOP-I1JLQUS-2204-de323568
[2026-04-30T11:24:42.232Z] [INFO] [Email Cron] Email broadcast worker initialized (every 1 minute)
[2026-04-30T11:24:42.236Z] [INFO] Email file cleanup: Daily at 4:00 AM
[2026-04-30T11:24:42.236Z] [INFO] [File Cleanup] Email attachment cleanup worker initialized (daily at 4:00 AM)
[2026-04-30T11:24:42.236Z] [INFO] Email broadcast worker: Every 1 minute
[2026-04-30T11:24:42.238Z] [INFO] Plan transition job scheduled (daily at 2:00 AM)
[2026-04-30T11:24:42.241Z] [INFO] Subscription lifecycle job scheduled (every hour)
[2026-04-30T11:24:42.225Z] [INFO] Distributed locking: ENABLED
[2026-04-30T11:24:42.245Z] [INFO] Payment status sync job scheduled (daily at 1:00 AM)
[2026-04-30T11:24:42.247Z] [INFO] Reminder job scheduled (daily at 9:00 AM)
[2026-04-30T11:24:42.252Z] [INFO] Inventory expiry job scheduled (daily at 6:00 AM)
[2026-04-30T11:24:42.258Z] [INFO] Scheduled broadcasts job initialized (every 5 minutes)
[2026-04-30T11:24:42.267Z] [INFO]   - Session cleanup: Every hour
[2026-04-30T11:24:42.267Z] [INFO] All cron jobs initialized:
[2026-04-30T11:24:42.267Z] [INFO]   - Plan transition: Daily at 2:00 AM
[2026-04-30T11:24:42.267Z] [INFO]   - Subscription lifecycle + emails: Every hour
[2026-04-30T11:24:42.267Z] [INFO]   - Payment status sync: Daily at 1:00 AM
[2026-04-30T11:24:42.267Z] [INFO]   - Pending users cleanup: Daily at 3:00 AM
[2026-04-30T11:24:42.267Z] [INFO]   - Reminder emails (7d/3d/final): Daily at 9:00 AM
[2026-04-30T11:24:42.267Z] [INFO]   - Incomplete users cleanup: Daily at 3:15 AM
[2026-04-30T11:24:42.267Z] [INFO]   - Inventory expiry checks + alerts: Daily at 6:00 AM
[2026-04-30T11:24:42.267Z] [INFO]   - Deletion logs cleanup: Daily at 3:30 AM
[2026-04-30T11:24:42.267Z] [INFO]   - Scheduled broadcasts: Every 5 minutes
[2026-04-30T11:24:42.267Z] [INFO]   - OTP daily limits cleanup: Daily at 3:45 AM
[2026-04-30T11:24:46.649Z] [INFO] Initializing cron jobs...
[2026-04-30T11:24:46.650Z] [INFO] Instance ID: DESKTOP-I1JLQUS-1944-b2d970cd
[2026-04-30T11:24:46.650Z] [INFO] Distributed locking: ENABLED
[2026-04-30T11:24:46.655Z] [INFO] [Email Cron] Email broadcast worker initialized (every 1 minute)
[2026-04-30T11:24:46.662Z] [INFO] [File Cleanup] Email attachment cleanup worker initialized (daily at 4:00 AM)
[2026-04-30T11:24:46.666Z] [INFO] Plan transition job scheduled (daily at 2:00 AM)
[2026-04-30T11:24:46.662Z] [INFO] Email broadcast worker: Every 1 minute
[2026-04-30T11:24:46.670Z] [INFO] Payment status sync job scheduled (daily at 1:00 AM)
[2026-04-30T11:24:46.668Z] [INFO] Subscription lifecycle job scheduled (every hour)
[2026-04-30T11:24:46.676Z] [INFO] Reminder job scheduled (daily at 9:00 AM)
[2026-04-30T11:24:46.680Z] [INFO] Inventory expiry job scheduled (daily at 6:00 AM)
[2026-04-30T11:24:46.690Z] [INFO] All cron jobs initialized:
[2026-04-30T11:24:46.682Z] [INFO] Scheduled broadcasts job initialized (every 5 minutes)
[2026-04-30T11:24:46.691Z] [INFO]   - Session cleanup: Every hour
[2026-04-30T11:24:46.691Z] [INFO]   - Subscription lifecycle + emails: Every hour
[2026-04-30T11:24:46.691Z] [INFO]   - Plan transition: Daily at 2:00 AM
[2026-04-30T11:24:46.691Z] [INFO]   - Payment status sync: Daily at 1:00 AM
[2026-04-30T11:24:46.691Z] [INFO]   - Inventory expiry checks + alerts: Daily at 6:00 AM
[2026-04-30T11:24:46.691Z] [INFO]   - Reminder emails (7d/3d/final): Daily at 9:00 AM
[2026-04-30T11:24:46.691Z] [INFO]   - Incomplete users cleanup: Daily at 3:15 AM
[2026-04-30T11:24:46.691Z] [INFO]   - Pending users cleanup: Daily at 3:00 AM
[2026-04-30T11:24:46.691Z] [INFO]   - Scheduled broadcasts: Every 5 minutes
[2026-04-30T11:24:46.691Z] [INFO]   - Deletion logs cleanup: Daily at 3:30 AM
[2026-04-30T11:24:46.691Z] [INFO]   - OTP daily limits cleanup: Daily at 3:45 AM
[2026-04-30T11:24:46.662Z] [INFO] Email file cleanup: Daily at 4:00 AM
[2026-04-30T11:24:49.494Z] [INFO] Initializing cron jobs...
[2026-04-30T11:24:49.495Z] [INFO] Instance ID: DESKTOP-I1JLQUS-17084-5ed384b0
[2026-04-30T11:24:49.495Z] [INFO] Distributed locking: ENABLED
[2026-04-30T11:24:49.502Z] [INFO] Email broadcast worker: Every 1 minute
[2026-04-30T11:24:49.500Z] [INFO] [Email Cron] Email broadcast worker initialized (every 1 minute)
[2026-04-30T11:24:49.502Z] [INFO] [File Cleanup] Email attachment cleanup worker initialized (daily at 4:00 AM)
[2026-04-30T11:24:49.502Z] [INFO] Email file cleanup: Daily at 4:00 AM
[2026-04-30T11:24:49.505Z] [INFO] Plan transition job scheduled (daily at 2:00 AM)
[2026-04-30T11:24:49.507Z] [INFO] Subscription lifecycle job scheduled (every hour)
[2026-04-30T11:24:49.509Z] [INFO] Payment status sync job scheduled (daily at 1:00 AM)
[2026-04-30T11:24:49.512Z] [INFO] Reminder job scheduled (daily at 9:00 AM)
[2026-04-30T11:24:49.515Z] [INFO] Inventory expiry job scheduled (daily at 6:00 AM)
[2026-04-30T11:24:49.517Z] [INFO] Scheduled broadcasts job initialized (every 5 minutes)
[2026-04-30T11:24:49.527Z] [INFO] All cron jobs initialized:
[2026-04-30T11:24:49.527Z] [INFO]   - Plan transition: Daily at 2:00 AM
[2026-04-30T11:24:49.527Z] [INFO]   - Subscription lifecycle + emails: Every hour
[2026-04-30T11:24:49.527Z] [INFO]   - Session cleanup: Every hour
[2026-04-30T11:24:49.527Z] [INFO]   - Payment status sync: Daily at 1:00 AM
[2026-04-30T11:24:49.527Z] [INFO]   - Inventory expiry checks + alerts: Daily at 6:00 AM
[2026-04-30T11:24:49.527Z] [INFO]   - Reminder emails (7d/3d/final): Daily at 9:00 AM
[2026-04-30T11:24:49.527Z] [INFO]   - Incomplete users cleanup: Daily at 3:15 AM
[2026-04-30T11:24:49.527Z] [INFO]   - Deletion logs cleanup: Daily at 3:30 AM
[2026-04-30T11:24:49.527Z] [INFO]   - Scheduled broadcasts: Every 5 minutes
[2026-04-30T11:24:49.527Z] [INFO]   - OTP daily limits cleanup: Daily at 3:45 AM
[2026-04-30T11:24:49.527Z] [INFO]   - Pending users cleanup: Daily at 3:00 AM
[2026-04-30T11:24:54.382Z] [INFO] Distributed locking: ENABLED
[2026-04-30T11:24:54.382Z] [INFO] Instance ID: DESKTOP-I1JLQUS-18856-ab487fca
[2026-04-30T11:24:54.390Z] [INFO] [File Cleanup] Email attachment cleanup worker initialized (daily at 4:00 AM)
[2026-04-30T11:24:54.382Z] [INFO] Initializing cron jobs...
[2026-04-30T11:24:54.391Z] [INFO] Email file cleanup: Daily at 4:00 AM
[2026-04-30T11:24:54.387Z] [INFO] [Email Cron] Email broadcast worker initialized (every 1 minute)
[2026-04-30T11:24:54.394Z] [INFO] Plan transition job scheduled (daily at 2:00 AM)
[2026-04-30T11:24:54.391Z] [INFO] Email broadcast worker: Every 1 minute
[2026-04-30T11:24:54.398Z] [INFO] Subscription lifecycle job scheduled (every hour)
[2026-04-30T11:24:54.401Z] [INFO] Payment status sync job scheduled (daily at 1:00 AM)
[2026-04-30T11:24:54.404Z] [INFO] Reminder job scheduled (daily at 9:00 AM)
[2026-04-30T11:24:54.406Z] [INFO] Inventory expiry job scheduled (daily at 6:00 AM)
[2026-04-30T11:24:54.409Z] [INFO] Scheduled broadcasts job initialized (every 5 minutes)
[2026-04-30T11:24:54.417Z] [INFO] All cron jobs initialized:
[2026-04-30T11:24:54.417Z] [INFO]   - Session cleanup: Every hour
[2026-04-30T11:24:54.417Z] [INFO]   - Subscription lifecycle + emails: Every hour
[2026-04-30T11:24:54.417Z] [INFO]   - Payment status sync: Daily at 1:00 AM
[2026-04-30T11:24:54.417Z] [INFO]   - Inventory expiry checks + alerts: Daily at 6:00 AM
[2026-04-30T11:24:54.417Z] [INFO]   - Plan transition: Daily at 2:00 AM
[2026-04-30T11:24:54.417Z] [INFO]   - Reminder emails (7d/3d/final): Daily at 9:00 AM
[2026-04-30T11:24:54.417Z] [INFO]   - Pending users cleanup: Daily at 3:00 AM
[2026-04-30T11:24:54.417Z] [INFO]   - Incomplete users cleanup: Daily at 3:15 AM
[2026-04-30T11:24:54.417Z] [INFO]   - Deletion logs cleanup: Daily at 3:30 AM
[2026-04-30T11:24:54.417Z] [INFO]   - Scheduled broadcasts: Every 5 minutes
[2026-04-30T11:24:54.417Z] [INFO]   - OTP daily limits cleanup: Daily at 3:45 AM
[2026-04-30T11:24:56.906Z] [INFO] Initializing cron jobs...
[2026-04-30T11:24:56.906Z] [INFO] Instance ID: DESKTOP-I1JLQUS-9660-eed2b761
[2026-04-30T11:24:56.914Z] [INFO] [File Cleanup] Email attachment cleanup worker initialized (daily at 4:00 AM)
[2026-04-30T11:24:56.906Z] [INFO] Distributed locking: ENABLED
[2026-04-30T11:24:56.914Z] [INFO] Email file cleanup: Daily at 4:00 AM
[2026-04-30T11:24:56.912Z] [INFO] [Email Cron] Email broadcast worker initialized (every 1 minute)
[2026-04-30T11:24:56.916Z] [INFO] Plan transition job scheduled (daily at 2:00 AM)
[2026-04-30T11:24:56.914Z] [INFO] Email broadcast worker: Every 1 minute
[2026-04-30T11:24:56.919Z] [INFO] Payment status sync job scheduled (daily at 1:00 AM)
[2026-04-30T11:24:56.928Z] [INFO] Inventory expiry job scheduled (daily at 6:00 AM)
[2026-04-30T11:24:56.918Z] [INFO] Subscription lifecycle job scheduled (every hour)
[2026-04-30T11:24:56.932Z] [INFO] Scheduled broadcasts job initialized (every 5 minutes)
[2026-04-30T11:24:56.926Z] [INFO] Reminder job scheduled (daily at 9:00 AM)
[2026-04-30T11:24:56.946Z] [INFO]   - Plan transition: Daily at 2:00 AM
[2026-04-30T11:24:56.946Z] [INFO]   - Subscription lifecycle + emails: Every hour
[2026-04-30T11:24:56.946Z] [INFO]   - Payment status sync: Daily at 1:00 AM
[2026-04-30T11:24:56.946Z] [INFO]   - Reminder emails (7d/3d/final): Daily at 9:00 AM
[2026-04-30T11:24:56.946Z] [INFO] All cron jobs initialized:
[2026-04-30T11:24:56.946Z] [INFO]   - Deletion logs cleanup: Daily at 3:30 AM
[2026-04-30T11:24:56.946Z] [INFO]   - Session cleanup: Every hour
[2026-04-30T11:24:56.946Z] [INFO]   - Scheduled broadcasts: Every 5 minutes
[2026-04-30T11:24:56.946Z] [INFO]   - Incomplete users cleanup: Daily at 3:15 AM
[2026-04-30T11:24:56.946Z] [INFO]   - Inventory expiry checks + alerts: Daily at 6:00 AM
[2026-04-30T11:24:56.946Z] [INFO]   - OTP daily limits cleanup: Daily at 3:45 AM
[2026-04-30T11:24:56.946Z] [INFO]   - Pending users cleanup: Daily at 3:00 AM
[2026-04-30T11:25:00.031Z] [INFO] Checking for scheduled broadcasts...
[2026-04-30T11:25:00.036Z] [INFO] No scheduled broadcasts due for sending
[2026-04-30T11:25:04.126Z] [INFO] Initializing cron jobs...
[2026-04-30T11:25:04.126Z] [INFO] Instance ID: DESKTOP-I1JLQUS-1272-80783fca
[2026-04-30T11:25:04.131Z] [INFO] [Email Cron] Email broadcast worker initialized (every 1 minute)
[2026-04-30T11:25:04.133Z] [INFO] Email broadcast worker: Every 1 minute
[2026-04-30T11:25:04.133Z] [INFO] Email file cleanup: Daily at 4:00 AM
[2026-04-30T11:25:04.126Z] [INFO] Distributed locking: ENABLED
[2026-04-30T11:25:04.135Z] [INFO] Plan transition job scheduled (daily at 2:00 AM)
[2026-04-30T11:25:04.138Z] [INFO] Subscription lifecycle job scheduled (every hour)
[2026-04-30T11:25:04.133Z] [INFO] [File Cleanup] Email attachment cleanup worker initialized (daily at 4:00 AM)
[2026-04-30T11:25:04.139Z] [INFO] Payment status sync job scheduled (daily at 1:00 AM)
[2026-04-30T11:25:04.141Z] [INFO] Reminder job scheduled (daily at 9:00 AM)
[2026-04-30T11:25:04.143Z] [INFO] Inventory expiry job scheduled (daily at 6:00 AM)
[2026-04-30T11:25:04.146Z] [INFO] Scheduled broadcasts job initialized (every 5 minutes)
[2026-04-30T11:25:04.154Z] [INFO]   - Subscription lifecycle + emails: Every hour
[2026-04-30T11:25:04.154Z] [INFO]   - Plan transition: Daily at 2:00 AM
[2026-04-30T11:25:04.154Z] [INFO]   - Payment status sync: Daily at 1:00 AM
[2026-04-30T11:25:04.154Z] [INFO]   - Inventory expiry checks + alerts: Daily at 6:00 AM
[2026-04-30T11:25:04.154Z] [INFO]   - Reminder emails (7d/3d/final): Daily at 9:00 AM
[2026-04-30T11:25:04.154Z] [INFO]   - Session cleanup: Every hour
[2026-04-30T11:25:04.154Z] [INFO]   - Pending users cleanup: Daily at 3:00 AM
[2026-04-30T11:25:04.154Z] [INFO]   - Incomplete users cleanup: Daily at 3:15 AM
[2026-04-30T11:25:04.154Z] [INFO]   - Scheduled broadcasts: Every 5 minutes
[2026-04-30T11:25:04.154Z] [INFO]   - Deletion logs cleanup: Daily at 3:30 AM
[2026-04-30T11:25:04.154Z] [INFO]   - OTP daily limits cleanup: Daily at 3:45 AM
[2026-04-30T11:25:04.154Z] [INFO] All cron jobs initialized:
[2026-04-30T11:25:11.957Z] [INFO] Instance ID: DESKTOP-I1JLQUS-25020-06fee8a1
[2026-04-30T11:25:11.957Z] [INFO] Initializing cron jobs...
[2026-04-30T11:25:11.957Z] [INFO] Distributed locking: ENABLED
[2026-04-30T11:25:11.966Z] [INFO] [File Cleanup] Email attachment cleanup worker initialized (daily at 4:00 AM)
[2026-04-30T11:25:11.962Z] [INFO] [Email Cron] Email broadcast worker initialized (every 1 minute)
[2026-04-30T11:25:11.968Z] [INFO] Plan transition job scheduled (daily at 2:00 AM)
[2026-04-30T11:25:11.972Z] [INFO] Subscription lifecycle job scheduled (every hour)
[2026-04-30T11:25:11.966Z] [INFO] Email file cleanup: Daily at 4:00 AM
[2026-04-30T11:25:11.966Z] [INFO] Email broadcast worker: Every 1 minute
[2026-04-30T11:25:11.976Z] [INFO] Payment status sync job scheduled (daily at 1:00 AM)
[2026-04-30T11:25:11.987Z] [INFO] Scheduled broadcasts job initialized (every 5 minutes)
[2026-04-30T11:25:11.985Z] [INFO] Inventory expiry job scheduled (daily at 6:00 AM)
[2026-04-30T11:25:11.996Z] [INFO]   - Plan transition: Daily at 2:00 AM
[2026-04-30T11:25:11.996Z] [INFO]   - Subscription lifecycle + emails: Every hour
[2026-04-30T11:25:11.996Z] [INFO]   - Session cleanup: Every hour
[2026-04-30T11:25:11.996Z] [INFO]   - Payment status sync: Daily at 1:00 AM
[2026-04-30T11:25:11.996Z] [INFO]   - Inventory expiry checks + alerts: Daily at 6:00 AM
[2026-04-30T11:25:11.981Z] [INFO] Reminder job scheduled (daily at 9:00 AM)
[2026-04-30T11:25:11.996Z] [INFO]   - Pending users cleanup: Daily at 3:00 AM
[2026-04-30T11:25:11.996Z] [INFO]   - Incomplete users cleanup: Daily at 3:15 AM
[2026-04-30T11:25:11.996Z] [INFO]   - Deletion logs cleanup: Daily at 3:30 AM
[2026-04-30T11:25:11.996Z] [INFO]   - OTP daily limits cleanup: Daily at 3:45 AM
[2026-04-30T11:25:11.996Z] [INFO]   - Reminder emails (7d/3d/final): Daily at 9:00 AM
[2026-04-30T11:25:11.996Z] [INFO]   - Scheduled broadcasts: Every 5 minutes
[2026-04-30T11:25:11.996Z] [INFO] All cron jobs initialized:
[2026-04-30T11:25:15.620Z] [INFO] Initializing cron jobs...
[2026-04-30T11:25:15.620Z] [INFO] Instance ID: DESKTOP-I1JLQUS-17588-d5b23474
[2026-04-30T11:25:15.633Z] [INFO] [Email Cron] Email broadcast worker initialized (every 1 minute)
[2026-04-30T11:25:15.639Z] [INFO] [File Cleanup] Email attachment cleanup worker initialized (daily at 4:00 AM)
[2026-04-30T11:25:15.644Z] [INFO] Plan transition job scheduled (daily at 2:00 AM)
[2026-04-30T11:25:15.620Z] [INFO] Distributed locking: ENABLED
[2026-04-30T11:25:15.639Z] [INFO] Email broadcast worker: Every 1 minute
[2026-04-30T11:25:15.639Z] [INFO] Email file cleanup: Daily at 4:00 AM
[2026-04-30T11:25:15.653Z] [INFO] Payment status sync job scheduled (daily at 1:00 AM)
[2026-04-30T11:25:15.647Z] [INFO] Subscription lifecycle job scheduled (every hour)
[2026-04-30T11:25:15.674Z] [INFO]   - Session cleanup: Every hour
[2026-04-30T11:25:15.658Z] [INFO] Reminder job scheduled (daily at 9:00 AM)
[2026-04-30T11:25:15.674Z] [INFO]   - Subscription lifecycle + emails: Every hour
[2026-04-30T11:25:15.674Z] [INFO]   - Plan transition: Daily at 2:00 AM
[2026-04-30T11:25:15.660Z] [INFO] Inventory expiry job scheduled (daily at 6:00 AM)
[2026-04-30T11:25:15.674Z] [INFO] All cron jobs initialized:
[2026-04-30T11:25:15.674Z] [INFO]   - Reminder emails (7d/3d/final): Daily at 9:00 AM
[2026-04-30T11:25:15.674Z] [INFO]   - Pending users cleanup: Daily at 3:00 AM
[2026-04-30T11:25:15.674Z] [INFO]   - Incomplete users cleanup: Daily at 3:15 AM
[2026-04-30T11:25:15.663Z] [INFO] Scheduled broadcasts job initialized (every 5 minutes)
[2026-04-30T11:25:15.674Z] [INFO]   - Inventory expiry checks + alerts: Daily at 6:00 AM
[2026-04-30T11:25:15.674Z] [INFO]   - Deletion logs cleanup: Daily at 3:30 AM
[2026-04-30T11:25:15.674Z] [INFO]   - OTP daily limits cleanup: Daily at 3:45 AM
[2026-04-30T11:25:15.674Z] [INFO]   - Payment status sync: Daily at 1:00 AM
[2026-04-30T11:25:15.674Z] [INFO]   - Scheduled broadcasts: Every 5 minutes
[2026-04-30T11:30:00.049Z] [INFO] Starting subscription lifecycle check...
[2026-04-30T11:30:00.050Z] [INFO] Checking for scheduled broadcasts...
[2026-04-30T11:30:00.057Z] [INFO] No scheduled broadcasts due for sending
[2026-04-30T11:30:00.061Z] [INFO] Subscription lifecycle complete | Grace: 0 | Suspended: 0
[2026-04-30T11:35:00.025Z] [INFO] Checking for scheduled broadcasts...
[2026-04-30T11:35:00.028Z] [INFO] No scheduled broadcasts due for sending
[2026-04-30T11:40:00.028Z] [INFO] Checking for scheduled broadcasts...
[2026-04-30T11:40:00.031Z] [INFO] No scheduled broadcasts due for sending
[2026-04-30T11:45:00.029Z] [INFO] Checking for scheduled broadcasts...
[2026-04-30T11:45:00.032Z] [INFO] No scheduled broadcasts due for sending
[2026-04-30T11:50:00.027Z] [INFO] Checking for scheduled broadcasts...
[2026-04-30T11:50:00.030Z] [INFO] No scheduled broadcasts due for sending
[2026-04-30T11:51:51.692Z] [INFO] Initializing cron jobs...
[2026-04-30T11:51:51.692Z] [INFO] Instance ID: DESKTOP-I1JLQUS-18616-e7e2c5c5
[2026-04-30T11:51:51.692Z] [INFO] Distributed locking: ENABLED
[2026-04-30T11:51:51.696Z] [INFO] [Email Cron] Email broadcast worker initialized (every 1 minute)
[2026-04-30T11:51:51.698Z] [INFO] [File Cleanup] Email attachment cleanup worker initialized (daily at 4:00 AM)
[2026-04-30T11:51:51.698Z] [INFO] Email broadcast worker: Every 1 minute
[2026-04-30T11:51:51.701Z] [INFO] Subscription lifecycle job scheduled (every hour)
[2026-04-30T11:51:51.705Z] [INFO] Reminder job scheduled (daily at 9:00 AM)
[2026-04-30T11:51:51.700Z] [INFO] Plan transition job scheduled (daily at 2:00 AM)
[2026-04-30T11:51:51.707Z] [INFO] Inventory expiry job scheduled (daily at 6:00 AM)
[2026-04-30T11:51:51.703Z] [INFO] Payment status sync job scheduled (daily at 1:00 AM)
[2026-04-30T11:51:51.709Z] [INFO] Scheduled broadcasts job initialized (every 5 minutes)
[2026-04-30T11:51:51.715Z] [INFO]   - Plan transition: Daily at 2:00 AM
[2026-04-30T11:51:51.715Z] [INFO]   - Payment status sync: Daily at 1:00 AM
[2026-04-30T11:51:51.715Z] [INFO]   - Session cleanup: Every hour
[2026-04-30T11:51:51.715Z] [INFO]   - Subscription lifecycle + emails: Every hour
[2026-04-30T11:51:51.715Z] [INFO]   - Reminder emails (7d/3d/final): Daily at 9:00 AM
[2026-04-30T11:51:51.715Z] [INFO]   - Inventory expiry checks + alerts: Daily at 6:00 AM
[2026-04-30T11:51:51.715Z] [INFO]   - Pending users cleanup: Daily at 3:00 AM
[2026-04-30T11:51:51.715Z] [INFO] All cron jobs initialized:
[2026-04-30T11:51:51.715Z] [INFO]   - Deletion logs cleanup: Daily at 3:30 AM
[2026-04-30T11:51:51.715Z] [INFO]   - Incomplete users cleanup: Daily at 3:15 AM
[2026-04-30T11:51:51.715Z] [INFO]   - OTP daily limits cleanup: Daily at 3:45 AM
[2026-04-30T11:51:51.715Z] [INFO]   - Scheduled broadcasts: Every 5 minutes
[2026-04-30T11:51:51.698Z] [INFO] Email file cleanup: Daily at 4:00 AM
